time_absolute,gpu_util_perc,gpu_mem_used_mb,power_draw_w
1785069447.211248,0.0,0.0,25.34
1785069448.2485404,0.0,0.0,25.46
1785069449.2839735,0.0,0.0,25.95
1785069450.3243446,0.0,0.0,26.07
1785069451.3832586,0.0,0.0,26.19
1785069452.4203622,0.0,0.0,26.07
1785069453.4602618,0.0,3.0,33.4
1785069454.530783,0.0,3.0,30.67
1785069455.5756989,0.0,3.0,26.09
1785069456.6392283,0.0,3.0,25.83
1785069457.6838446,0.0,3.0,25.34
1785069458.728246,0.0,3.0,25.1
1785069459.7719116,0.0,3.0,25.34
1785069460.8388278,0.0,3.0,25.71
1785069461.8839622,0.0,3.0,25.34
1785069462.9322927,0.0,3.0,25.22
1785069463.9990904,0.0,3.0,25.58
1785069465.0639026,0.0,3.0,25.22
1785069466.107931,0.0,3.0,24.85
1785069467.152338,0.0,3.0,25.1
1785069468.1959374,0.0,3.0,26.68
1785069469.2443283,0.0,3.0,25.1
1785069470.2880335,0.0,3.0,25.34
1785069471.3321538,0.0,3.0,25.83
1785069472.3760228,0.0,3.0,25.46
1785069473.4199917,0.0,3.0,25.1
1785069474.4638016,0.0,3.0,25.46
1785069475.507996,0.0,3.0,25.71
1785069476.5518048,0.0,3.0,25.46
1785069477.6190512,0.0,3.0,25.1
1785069478.6677873,0.0,3.0,25.46
1785069479.7123415,0.0,3.0,25.94
1785069480.7558725,0.0,3.0,25.57
1785069481.8187342,0.0,3.0,25.21
1785069482.8642144,0.0,3.0,25.83
1785069483.9081194,0.0,3.0,25.58
1785069484.9517436,0.0,3.0,24.85
1785069485.995792,0.0,3.0,25.1
1785069487.044102,0.0,3.0,25.58
1785069488.0881975,0.0,3.0,25.58
1785069489.136109,0.0,3.0,25.22
1785069490.183888,0.0,3.0,26.44
1785069491.2280238,0.0,3.0,25.58
1785069492.2757804,0.0,3.0,25.34
1785069493.3200068,0.0,3.0,25.34
1785069494.36804,0.0,3.0,25.34
1785069495.41209,0.0,3.0,25.1
1785069496.4561012,0.0,3.0,25.22
1785069497.5041525,0.0,3.0,25.58
1785069498.5481684,0.0,3.0,25.34
1785069499.5961733,0.0,3.0,24.98
1785069500.6438515,0.0,3.0,24.85
1785069501.6921701,0.0,3.0,25.22
1785069502.7400432,0.0,3.0,25.22
1785069503.7881835,0.0,3.0,24.98
1785069504.8321588,0.0,3.0,25.22
1785069505.895409,0.0,3.0,25.46
1785069506.9588451,0.0,3.0,25.71
1785069508.004402,0.0,3.0,25.46
1785069509.0480876,0.0,3.0,25.1
1785069510.0922735,0.0,3.0,25.34
1785069511.140212,0.0,3.0,25.34
1785069512.188042,0.0,3.0,26.8
1785069513.2511034,0.0,3.0,25.71
1785069514.2960806,0.0,3.0,25.46
1785069515.3632886,0.0,3.0,25.46
1785069516.4081585,0.0,3.0,25.58
1785069517.452182,0.0,3.0,25.58
1785069518.4959726,0.0,3.0,25.34
1785069519.544021,0.0,3.0,25.1
1785069520.592139,0.0,3.0,25.34
1785069521.640114,0.0,3.0,25.83
1785069522.6842139,0.0,3.0,25.34
1785069523.7279508,0.0,3.0,24.85
1785069524.7718928,0.0,3.0,25.46
1785069525.8160496,0.0,3.0,25.83
1785069526.9110324,0.0,3.0,25.46
1785069527.9829767,0.0,3.0,25.22
1785069529.0279949,0.0,3.0,25.58
1785069530.0721889,0.0,3.0,25.83
1785069531.1198008,0.0,3.0,25.46
1785069532.1912718,0.0,3.0,25.34
1785069533.2586656,0.0,3.0,25.46
1785069534.3081913,0.0,3.0,25.22
1785069535.3519435,0.0,3.0,24.98
1785069536.4150445,0.0,3.0,25.34
1785069537.4793723,0.0,3.0,25.22
1785069538.5279357,0.0,3.0,25.1
1785069539.5723064,0.0,3.0,25.34
1785069540.6198452,0.0,3.0,25.46
1785069541.6640177,0.0,3.0,25.34
1785069542.7123594,0.0,3.0,24.98
1785069543.7791655,0.0,3.0,25.1
1785069544.8240669,0.0,3.0,25.46
1785069545.8952847,0.0,3.0,25.34
1785069546.9440625,0.0,3.0,25.1
1785069547.9919384,0.0,3.0,25.46
1785069549.0360453,0.0,3.0,25.71
1785069550.080158,0.0,3.0,25.34
1785069551.1241045,0.0,3.0,24.98
1785069552.1911385,0.0,3.0,26.8
1785069553.2362878,0.0,3.0,25.34
1785069554.2799516,0.0,3.0,25.1
1785069555.3277497,0.0,3.0,25.58
1785069556.3721113,0.0,3.0,25.95
1785069557.4159977,0.0,3.0,25.46
1785069558.4599833,0.0,3.0,24.98
1785069559.508244,0.0,3.0,25.22
1785069560.5516667,0.0,3.0,25.71
1785069561.619703,0.0,3.0,25.46
1785069562.6642334,0.0,3.0,25.1
1785069563.7000957,43.0,3935.0,44.35
1785069564.7552168,25.0,7297.0,79.72
1785069565.7915022,0.0,641.0,79.97
1785069566.8281567,43.0,4897.0,79.67
1785069567.868002,20.0,6103.0,86.33
1785069568.9049685,100.0,7845.0,314.18
1785069569.9451153,100.0,7845.0,340.58
1785069570.9829743,100.0,7845.0,349.67
1785069572.021129,100.0,7845.0,349.0
1785069573.060553,100.0,7845.0,343.55
1785069574.10052,100.0,7845.0,346.44
1785069575.1384275,76.0,3329.0,119.35
1785069576.1830838,100.0,24873.0,263.52
1785069577.238527,100.0,571.0,187.49
1785069578.2762327,43.0,4921.0,89.49
1785069579.3134613,100.0,7845.0,296.93
1785069580.3530407,100.0,7845.0,348.05
1785069581.3884025,100.0,7845.0,347.83
1785069582.4255729,100.0,7845.0,340.99
1785069583.4653335,100.0,7845.0,349.73
1785069584.505645,100.0,7845.0,351.27
1785069585.5437033,100.0,24875.0,167.68
1785069586.5858114,100.0,24875.0,278.45
1785069587.6279242,100.0,923.0,171.37
1785069588.6656065,100.0,6785.0,143.42
1785069589.7063906,100.0,7845.0,349.77
1785069590.7447622,100.0,7845.0,345.77
1785069591.7815137,100.0,7845.0,349.5
1785069592.820427,100.0,7845.0,345.38
1785069593.857175,100.0,7845.0,350.69
1785069594.8972855,71.0,7845.0,323.45
1785069595.9363778,100.0,24873.0,208.32
1785069596.9726503,100.0,24873.0,274.36
1785069598.0087066,34.0,1841.0,114.25
1785069599.0681224,100.0,6553.0,197.36
1785069600.1048737,100.0,6719.0,348.57
1785069601.1411939,100.0,6719.0,352.28
1785069602.198955,86.0,681.0,234.14
1785069603.2363336,18.0,12841.0,234.53
1785069604.276145,42.0,3313.0,93.25
1785069605.3131528,100.0,6719.0,272.16
1785069606.3531938,100.0,6719.0,347.86
1785069607.3929048,100.0,6719.0,352.12
1785069608.4330711,100.0,12841.0,186.02
1785069609.475944,90.0,513.0,214.93
1785069610.5130332,56.0,6163.0,117.01
1785069611.5534365,100.0,6719.0,351.71
1785069612.5933886,100.0,6719.0,347.84
1785069613.6371262,72.0,6719.0,305.19
1785069614.6814854,100.0,12841.0,211.39
1785069615.720012,70.0,1121.0,148.42
1785069616.761207,100.0,6157.0,232.78
1785069617.8010514,100.0,6157.0,346.92
1785069618.840017,100.0,531.0,159.2
1785069619.8812144,40.0,5971.0,92.84
1785069620.9210222,100.0,6159.0,351.33
1785069621.961332,75.0,7851.0,243.85
1785069623.0001593,72.0,1203.0,155.39
1785069624.0411336,100.0,6159.0,234.89
1785069625.0806785,99.0,6159.0,346.44
1785069626.115571,59.0,511.0,171.12
1785069627.153117,71.0,6165.0,120.99
1785069628.193258,100.0,6721.0,348.03
1785069629.2332132,100.0,6721.0,348.87
1785069630.2729871,76.0,6721.0,325.33
1785069631.3168619,100.0,12843.0,190.18
1785069632.3558629,65.0,983.0,147.42
1785069633.3929684,100.0,6159.0,212.73
1785069634.4365933,92.0,6159.0,337.62
1785069635.4755998,88.0,511.0,163.05
1785069636.513708,40.0,6789.0,95.55
1785069637.5522263,100.0,7847.0,350.82
1785069638.6083224,100.0,7847.0,349.69
1785069639.6455605,100.0,7847.0,344.39
1785069640.685531,100.0,7847.0,351.08
1785069641.744353,100.0,7847.0,340.65
1785069642.785111,89.0,7847.0,326.66
1785069643.8241346,100.0,24875.0,224.89
1785069644.8661244,100.0,24875.0,277.54
1785069645.9045436,43.0,1835.0,140.48
1785069646.9600365,100.0,6159.0,187.26
1785069648.0158699,100.0,6159.0,353.16
1785069649.0519292,61.0,7383.0,192.6
1785069650.0879607,43.0,4797.0,95.47
1785069651.1250103,100.0,6159.0,328.74
1785069652.1638448,82.0,1459.0,250.68
1785069653.2004418,29.0,1835.0,155.89
1785069654.237067,100.0,6159.0,187.6
1785069655.2732732,100.0,6159.0,346.46
1785069656.3075283,100.0,7851.0,225.35
1785069657.348137,42.0,4213.0,99.85
1785069658.3848686,100.0,6159.0,302.59
1785069659.420999,74.0,4721.0,256.24
1785069660.459962,32.0,1885.0,158.29
1785069661.497138,100.0,7521.0,163.87
1785069662.5370047,100.0,7847.0,352.6
1785069663.5979357,100.0,7847.0,348.01
1785069664.640983,100.0,7847.0,348.77
1785069665.7001827,100.0,7847.0,349.99
1785069666.7388165,100.0,7847.0,347.38
1785069667.7762368,70.0,4791.0,266.49
1785069668.8148742,100.0,24875.0,254.34
1785069669.8516743,10.0,23659.0,246.52
1785069670.8882277,41.0,2281.0,100.46
1785069671.9249392,100.0,6721.0,259.99
1785069672.979969,100.0,6721.0,349.59
1785069674.0174494,100.0,6721.0,349.56
1785069675.0561852,100.0,12843.0,222.47
1785069676.0922036,100.0,653.0,220.84
1785069677.1291726,75.0,6789.0,117.5
1785069678.1689236,100.0,7847.0,352.57
1785069679.209759,100.0,7847.0,345.8
1785069680.2491663,100.0,7847.0,347.43
1785069681.2844071,100.0,7847.0,350.8
1785069682.3205514,100.0,7847.0,343.35
1785069683.357177,98.0,7847.0,346.89
1785069684.403046,100.0,24877.0,202.43
1785069685.4407642,100.0,24877.0,276.48
1785069686.4757006,39.0,1843.0,151.46
1785069687.5125198,100.0,6555.0,165.59
1785069688.5495076,100.0,6721.0,351.36
1785069689.5850756,100.0,6721.0,349.36
1785069690.6242583,82.0,3519.0,255.58
1785069691.660118,100.0,12843.0,246.41
1785069692.7001443,42.0,2875.0,100.43
1785069693.7371757,100.0,6159.0,277.74
1785069694.7774746,72.0,6159.0,301.55
1785069695.8160515,44.0,1417.0,159.62
1785069696.8533068,100.0,6789.0,139.87
1785069697.8958352,100.0,7847.0,352.08
1785069698.9374013,100.0,7847.0,343.42
1785069699.9770663,100.0,7847.0,351.08
1785069701.0147986,100.0,7847.0,345.67
1785069702.053163,100.0,7847.0,349.03
1785069703.09332,69.0,7847.0,324.78
1785069704.1569362,100.0,24877.0,222.88
1785069705.201202,100.0,24877.0,277.59
1785069706.240044,36.0,1681.0,114.23
1785069707.2769918,100.0,6159.0,192.35
1785069708.3400934,100.0,6159.0,351.0
1785069709.3949249,41.0,471.0,164.95
1785069710.433083,42.0,6787.0,95.6
1785069711.4731364,100.0,7847.0,325.56
1785069712.5094385,100.0,7847.0,351.51
1785069713.5452077,100.0,7847.0,346.38
1785069714.5815873,100.0,7847.0,347.14
1785069715.622017,100.0,7847.0,351.58
1785069716.6605363,100.0,7847.0,348.4
1785069717.6963701,100.0,24875.0,198.94
1785069718.737434,100.0,24875.0,274.4
1785069719.7765613,66.0,1977.0,172.12
1785069720.8172128,100.0,7517.0,166.06
1785069721.8618736,100.0,7847.0,349.96
1785069722.90482,100.0,7847.0,348.05
1785069723.945757,100.0,7847.0,348.85
1785069724.9852116,100.0,7847.0,349.12
1785069726.0208912,100.0,7847.0,349.61
1785069727.0569172,71.0,7847.0,288.9
1785069728.1178727,100.0,24877.0,240.97
1785069729.159867,100.0,24877.0,272.01
1785069730.2001438,56.0,1103.0,101.22
1785069731.2375774,100.0,6159.0,235.63
1785069732.2808113,100.0,6159.0,351.66
1785069733.3160913,100.0,551.0,163.93
1785069734.357686,59.0,6789.0,116.42
1785069735.4012973,100.0,7847.0,350.29
1785069736.441773,100.0,7847.0,342.92
1785069737.4812064,100.0,7847.0,346.93
1785069738.521121,100.0,7847.0,348.23
1785069739.5611525,100.0,7847.0,353.84
1785069740.6018882,77.0,7847.0,322.24
1785069741.6419945,100.0,24877.0,207.04
1785069742.6837795,100.0,24877.0,281.78
1785069743.7205658,35.0,1835.0,134.14
1785069744.7569077,100.0,6159.0,188.74
1785069745.792891,100.0,6159.0,348.35
1785069746.8511653,100.0,7851.0,208.05
1785069747.8922884,43.0,4455.0,97.1
1785069748.9292889,100.0,7847.0,308.67
1785069749.9692278,100.0,7847.0,347.85
1785069751.0053833,100.0,7847.0,350.63
1785069752.045294,100.0,7847.0,353.66
1785069753.0818045,100.0,7847.0,345.25
1785069754.1207225,100.0,7847.0,355.02
1785069755.1565793,100.0,24875.0,214.04
1785069756.196067,100.0,24875.0,272.84
1785069757.2318463,100.0,895.0,181.49
1785069758.2693202,83.0,6161.0,126.79
1785069759.3134193,100.0,6161.0,350.46
1785069760.354054,100.0,7851.0,232.45
1785069761.3922253,42.0,1643.0,128.96
1785069762.4300334,100.0,7521.0,248.18
1785069763.4691353,100.0,7847.0,351.71
1785069764.5091693,100.0,7847.0,348.85
1785069765.5506332,100.0,7847.0,347.45
1785069766.5896401,100.0,7847.0,352.07
1785069767.6250367,100.0,7847.0,346.73
1785069768.6639724,75.0,24877.0,226.93
1785069769.7223966,100.0,24877.0,282.67
1785069770.785855,100.0,629.0,213.09
1785069771.8283298,42.0,4997.0,97.77
1785069772.8655865,100.0,6159.0,306.75
1785069773.9038699,82.0,1309.0,255.01
1785069774.9405847,32.0,1835.0,153.58
1785069775.9777443,100.0,6159.0,198.91
1785069777.0168033,100.0,6159.0,351.41
1785069778.05176,100.0,7851.0,221.32
1785069779.0921235,42.0,3915.0,108.92
1785069780.1294656,100.0,7521.0,290.85
1785069781.166131,100.0,7847.0,349.72
1785069782.205711,100.0,7847.0,352.93
1785069783.2492323,100.0,7847.0,346.93
1785069784.2900038,100.0,7847.0,347.55
1785069785.3296607,100.0,7847.0,345.42
1785069786.3643444,100.0,24875.0,223.05
1785069787.4016044,100.0,24875.0,287.31
1785069788.4396474,100.0,581.0,191.65
1785069789.4771044,74.0,6075.0,120.42
1785069790.5167558,100.0,6161.0,345.58
1785069791.553028,81.0,7851.0,235.02
1785069792.5956802,74.0,543.0,159.78
1785069793.6379964,100.0,7521.0,217.0
1785069794.6962657,100.0,7847.0,352.37
1785069795.7334845,100.0,7847.0,345.11
1785069796.7747898,100.0,7847.0,353.25
1785069797.8135884,100.0,7847.0,346.73
1785069798.8529987,100.0,7847.0,345.05
1785069799.8952677,80.0,24877.0,235.41
1785069800.935334,100.0,24877.0,282.5
1785069801.9719884,100.0,529.0,218.6
1785069803.012117,42.0,3479.0,99.56
1785069804.0489075,100.0,6159.0,279.01
1785069805.0927737,70.0,6159.0,279.46
1785069806.132322,42.0,1907.0,163.44
1785069807.1690686,100.0,6159.0,142.43
1785069808.2088184,100.0,6159.0,349.27
1785069809.2484818,100.0,7851.0,217.83
1785069810.2882025,42.0,3173.0,129.19
1785069811.325563,100.0,6159.0,277.87
1785069812.364471,69.0,6159.0,278.74
1785069813.4007072,41.0,1715.0,161.25
1785069814.4373257,100.0,6159.0,142.44
1785069815.4770937,100.0,6159.0,348.24
1785069816.5182981,100.0,7851.0,214.97
1785069817.5562735,42.0,2479.0,145.17
1785069818.5932837,100.0,6159.0,261.34
1785069819.633097,65.0,6159.0,317.39
1785069820.6766737,45.0,1191.0,153.27
1785069821.713071,100.0,6555.0,144.7
1785069822.752586,100.0,6721.0,349.58
1785069823.7888403,100.0,6721.0,351.09
1785069824.829386,71.0,6721.0,302.67
1785069825.873134,100.0,12843.0,225.59
1785069826.91206,42.0,1979.0,131.59
1785069827.9493144,100.0,6721.0,236.15
1785069828.9897282,100.0,6721.0,350.32
1785069830.0291226,100.0,6721.0,348.76
1785069831.0704901,100.0,12843.0,222.66
1785069832.109312,100.0,633.0,221.18
1785069833.153125,47.0,6165.0,107.29
1785069834.1973212,100.0,6721.0,350.68
1785069835.2377214,100.0,6721.0,348.71
1785069836.2768853,67.0,6721.0,308.23
1785069837.3142006,100.0,12843.0,209.68
1785069838.3517933,34.0,415.0,150.13
1785069839.389194,100.0,6721.0,214.54
1785069840.4296908,100.0,6721.0,348.0
1785069841.4695647,100.0,6721.0,349.96
1785069842.507937,74.0,12843.0,233.7
1785069843.543717,22.0,491.0,235.34
1785069844.5802867,42.0,4361.0,96.56
1785069845.6173196,100.0,6721.0,303.66
1785069846.6566563,100.0,6721.0,347.7
1785069847.6931453,100.0,6721.0,349.56
1785069848.7330532,100.0,12843.0,207.6
1785069849.7949905,42.0,2035.0,185.54
1785069850.8339503,100.0,6555.0,163.04
1785069851.8730102,100.0,6721.0,347.52
1785069852.909105,100.0,6721.0,353.7
1785069853.9674408,74.0,5163.0,256.65
1785069855.0084198,100.0,12843.0,247.56
1785069856.0483565,43.0,3155.0,103.29
1785069857.0851188,100.0,6721.0,283.24
1785069858.125772,100.0,6721.0,349.28
1785069859.184562,100.0,6721.0,349.82
1785069860.2232358,100.0,12843.0,215.35
1785069861.264181,43.0,1485.0,196.42
1785069862.3054054,100.0,6555.0,144.49
1785069863.3452566,100.0,6721.0,348.52
1785069864.3850424,100.0,6721.0,351.58
1785069865.4252105,71.0,6721.0,304.0
1785069866.465712,100.0,12843.0,236.05
1785069867.504309,43.0,2481.0,126.93
1785069868.5411959,100.0,6721.0,260.61
1785069869.5814192,100.0,6721.0,349.13
1785069870.6254551,100.0,6721.0,348.09
1785069871.664595,100.0,12843.0,217.06
1785069872.699718,100.0,473.0,221.4
1785069873.7376976,49.0,6159.0,108.7
1785069874.7772255,100.0,6159.0,351.19
1785069875.8200505,76.0,7851.0,226.23
1785069876.8560748,42.0,1401.0,146.39
1785069877.8936796,100.0,6159.0,236.78
1785069878.9370277,100.0,6159.0,347.67
1785069879.97187,100.0,611.0,162.93
1785069881.0099099,57.0,6163.0,114.89
1785069882.049224,100.0,6721.0,353.35
1785069883.0897946,100.0,6721.0,346.01
1785069884.1289275,86.0,6721.0,325.48
1785069885.1653483,100.0,12843.0,219.22
1785069886.1997497,38.0,623.0,157.58
1785069887.237314,100.0,6159.0,201.39
1785069888.2960486,100.0,6159.0,348.15
1785069889.3319051,41.0,471.0,187.29
1785069890.3683014,41.0,5323.0,94.11
1785069891.4052746,100.0,6159.0,328.83
1785069892.4400847,75.0,437.0,234.07
1785069893.4767728,36.0,1835.0,158.27
1785069894.5131438,100.0,6159.0,198.74
1785069895.5542018,100.0,6159.0,350.79
1785069896.6106374,55.0,397.0,189.87
1785069897.6482651,42.0,4919.0,102.28
1785069898.689625,100.0,6721.0,328.33
1785069899.733572,100.0,6721.0,348.68
1785069900.7770844,100.0,6721.0,347.86
1785069901.8205163,100.0,12843.0,200.8
1785069902.8565629,29.0,1883.0,168.73
1785069903.8936644,100.0,7521.0,190.07
1785069904.933642,100.0,7847.0,349.34
1785069905.9687285,100.0,7847.0,347.91
1785069907.0055153,100.0,7847.0,345.72
1785069908.044893,100.0,7847.0,355.73
1785069909.0838196,100.0,7847.0,342.71
1785069910.1203337,63.0,3465.0,259.93
1785069911.1582165,100.0,24877.0,260.8
1785069912.2165475,2.0,433.0,252.14
1785069913.2521937,43.0,2215.0,102.0
1785069914.289681,100.0,7521.0,256.45
1785069915.3297184,100.0,7847.0,349.84
1785069916.3692842,100.0,7847.0,348.05
1785069917.4092188,100.0,7847.0,347.51
1785069918.448342,100.0,7847.0,350.11
1785069919.4854255,100.0,7847.0,351.24
1785069920.5237079,76.0,24877.0,226.0
1785069921.5624015,100.0,24877.0,286.28
1785069922.6044116,100.0,629.0,211.03
1785069923.6594064,41.0,5017.0,101.15
1785069924.6973164,100.0,6159.0,321.9
1785069925.7357583,94.0,655.0,237.35
1785069926.7915456,23.0,1835.0,159.1
1785069927.832905,100.0,6159.0,213.55
1785069928.8724818,100.0,6159.0,345.71
1785069929.9077942,95.0,6713.0,204.04
1785069930.9442408,43.0,4541.0,97.12
1785069931.9818234,100.0,6721.0,307.49
1785069933.0400174,100.0,6721.0,349.46
1785069934.0770862,100.0,6721.0,348.19
1785069935.118767,100.0,12843.0,210.98
1785069936.1563306,43.0,2057.0,181.68
1785069937.197358,100.0,7515.0,167.42
1785069938.2371254,100.0,7847.0,346.81
1785069939.2734165,100.0,7847.0,347.19
1785069940.3321614,100.0,7847.0,350.3
1785069941.3695724,100.0,7847.0,347.95
1785069942.4096718,100.0,7847.0,349.95
1785069943.4491653,71.0,7847.0,277.47
1785069944.4872928,100.0,24877.0,244.65
1785069945.523984,100.0,24877.0,262.68
1785069946.5602174,72.0,781.0,102.58
1785069947.5974066,100.0,6159.0,215.8
1785069948.6365137,100.0,6159.0,348.82
1785069949.671935,80.0,491.0,180.26
1785069950.7123923,41.0,5507.0,99.63
1785069951.7536867,100.0,6721.0,330.57
1785069952.7935574,100.0,6721.0,349.3
1785069953.836834,92.0,6721.0,332.37
1785069954.8754811,100.0,12843.0,198.49
1785069955.915596,27.0,1225.0,169.39
1785069956.9537272,100.0,7521.0,213.79
1785069957.9967396,100.0,7847.0,351.98
1785069959.0333192,100.0,7847.0,346.77
1785069960.073498,100.0,7847.0,351.54
1785069961.1125984,100.0,7847.0,346.14
1785069962.1499393,100.0,7847.0,345.01
1785069963.187787,89.0,443.0,255.5
1785069964.2247803,100.0,24877.0,282.78
1785069965.2598531,44.0,491.0,237.32
1785069966.3001976,42.0,2619.0,105.05
1785069967.3371696,100.0,6159.0,270.23
1785069968.3808727,68.0,6159.0,309.46
1785069969.4471643,43.0,1417.0,159.42
1785069970.4853046,100.0,6555.0,140.86
1785069971.5252986,100.0,6721.0,351.64
1785069972.565551,100.0,6721.0,348.87
1785069973.6052463,71.0,6721.0,303.94
1785069974.6496,100.0,12843.0,229.21
1785069975.6921396,61.0,1589.0,139.92
1785069976.74834,100.0,6159.0,254.26
1785069977.78964,87.0,6159.0,328.35
1785069978.827962,65.0,631.0,160.99
1785069979.865132,68.0,6159.0,116.99
1785069980.9052086,100.0,6159.0,350.63
1785069981.946304,85.0,7851.0,211.83
1785069982.9840484,75.0,983.0,159.7
1785069984.0213332,100.0,7521.0,239.66
1785069985.0613277,100.0,7847.0,351.15
1785069986.1015065,100.0,7847.0,346.88
1785069987.1421435,100.0,7847.0,352.82
1785069988.1807714,100.0,7847.0,349.0
1785069989.2177408,100.0,7847.0,349.41
1785069990.2559626,76.0,24877.0,225.48
1785069991.2957163,100.0,24877.0,274.29
1785069992.3316615,100.0,573.0,216.99
1785069993.368039,42.0,3813.0,100.11
1785069994.4052644,100.0,6159.0,305.57
1785069995.4455256,70.0,6159.0,267.08
1785069996.4837363,42.0,1843.0,158.93
1785069997.5208607,100.0,6555.0,187.53
1785069998.5573483,100.0,6721.0,353.06
1785069999.5969992,100.0,6721.0,348.41
1785070000.6365187,76.0,3823.0,258.5
1785070001.6722236,100.0,12843.0,247.0
1785070002.7121894,43.0,3095.0,99.48
1785070003.7491136,100.0,6721.0,278.93
1785070004.8088093,100.0,6721.0,348.46
1785070005.8449469,100.0,6721.0,349.15
1785070006.8844304,100.0,12843.0,215.19
1785070007.924244,47.0,815.0,199.29
1785070009.01393,100.0,6555.0,142.15
1785070010.0573733,100.0,6721.0,350.21
1785070011.097381,100.0,6721.0,349.24
1785070012.137728,70.0,6721.0,298.18
1785070013.1817765,100.0,12843.0,220.96
1785070014.2203174,44.0,1487.0,130.16
1785070015.2574296,100.0,9481.0,237.82
1785070016.2983649,100.0,9481.0,347.84
1785070017.3373456,100.0,10127.0,339.14
1785070018.3775644,100.0,10127.0,349.36
1785070019.4179263,100.0,10127.0,345.99
1785070020.4579234,100.0,10127.0,347.53
1785070021.497354,100.0,10127.0,347.39
1785070022.5335758,100.0,10127.0,345.49
1785070023.5741875,100.0,10127.0,340.41
1785070024.6145074,100.0,10127.0,348.74
1785070025.6916182,100.0,10127.0,346.62
1785070026.7293258,100.0,10127.0,344.83
1785070027.7684455,69.0,8199.0,273.54
1785070028.8044484,100.0,40759.0,251.78
1785070030.0347857,100.0,33545.0,253.62
1785070031.0774753,100.0,33545.0,262.6
1785070032.112365,40.0,475.0,226.67
1785070033.1523056,74.0,783.0,104.92
1785070034.2082384,100.0,7521.0,236.23
1785070035.2454677,100.0,7847.0,352.83
1785070036.2857475,100.0,7847.0,345.38
1785070037.3251972,100.0,7847.0,353.6
1785070038.3657336,100.0,7847.0,347.04
1785070039.40495,100.0,7847.0,348.77
1785070040.4397948,78.0,24875.0,221.75
1785070041.4796836,100.0,24875.0,283.82
1785070042.5157306,100.0,531.0,218.85
1785070043.552222,43.0,3535.0,101.93
1785070044.589366,100.0,6161.0,280.16
1785070045.6289496,68.0,6161.0,278.36
1785070046.6686175,43.0,1865.0,159.62
1785070047.7054505,100.0,6949.0,162.83
1785070048.7454188,100.0,7847.0,347.11
1785070049.7853584,100.0,7847.0,347.79
1785070050.8249958,100.0,7847.0,352.95
1785070051.8840075,100.0,7847.0,346.57
1785070052.9216647,100.0,7847.0,351.15
1785070053.9614403,68.0,7847.0,298.54
1785070055.0025735,100.0,24877.0,242.14
1785070056.0588806,100.0,24877.0,276.53
1785070057.096107,72.0,443.0,102.75
1785070058.1332114,100.0,6159.0,212.49
1785070059.1730585,100.0,6159.0,346.38
1785070060.2118294,40.0,397.0,183.68
1785070061.2505338,43.0,4903.0,96.87
1785070062.3085132,100.0,6721.0,332.45
1785070063.345078,100.0,6721.0,347.59
1785070064.3861213,100.0,6721.0,346.14
1785070065.4279764,100.0,12843.0,200.98
1785070066.482812,39.0,1835.0,173.45
1785070067.5209765,100.0,6159.0,203.04
1785070068.5613456,100.0,6159.0,351.25
1785070069.6226008,100.0,7851.0,208.38
1785070070.66032,41.0,3935.0,110.98
1785070071.6972325,100.0,7521.0,305.17
1785070072.7338574,100.0,7847.0,346.26
1785070073.773387,100.0,7847.0,345.1
1785070074.809542,100.0,7847.0,350.39
1785070075.8495731,100.0,7847.0,343.75
1785070076.889339,100.0,7847.0,349.95
1785070077.9315705,100.0,24877.0,214.63
1785070078.973526,100.0,24877.0,291.57
1785070080.0117102,100.0,617.0,178.55
1785070081.076258,55.0,6267.0,118.53
1785070082.113424,100.0,6721.0,351.6
1785070083.1533852,100.0,6721.0,349.85
1785070084.1972988,72.0,6721.0,306.93
1785070085.2412012,100.0,12843.0,207.04
1785070086.2797675,28.0,1057.0,144.03
1785070087.3211653,100.0,8351.0,223.77
1785070088.3572698,100.0,9481.0,348.05
1785070089.4177368,100.0,10127.0,341.51
1785070090.4577267,100.0,10127.0,341.7
1785070091.516656,100.0,10127.0,348.36
1785070092.572429,100.0,10127.0,342.16
1785070093.6095881,100.0,10127.0,354.32
1785070094.6645987,100.0,10127.0,344.58
1785070095.7024422,100.0,10127.0,343.22
1785070096.740618,100.0,10127.0,343.6
1785070097.796044,100.0,10127.0,349.39
1785070098.8338366,100.0,10127.0,343.58
1785070099.8766997,68.0,10127.0,276.47
1785070100.9124212,100.0,40759.0,233.36
1785070101.9489684,100.0,40759.0,285.15
1785070102.989994,100.0,33545.0,243.72
1785070104.0302875,100.0,33545.0,260.21
1785070105.0723445,90.0,1967.0,104.46
1785070106.108832,100.0,6159.0,161.74
1785070107.164637,100.0,6159.0,346.69
1785070108.2028797,100.0,7851.0,213.73
1785070109.2403617,42.0,3341.0,129.87
1785070110.277039,100.0,6721.0,284.83
1785070111.3175128,100.0,6721.0,348.87
1785070112.37638,100.0,6721.0,349.64
1785070113.4136596,100.0,12843.0,200.67
1785070114.4520748,88.0,1171.0,209.02
1785070115.493557,100.0,8031.0,145.69
1785070116.5331757,100.0,9481.0,342.62
1785070117.5687442,100.0,10127.0,339.17
1785070118.6053696,100.0,10127.0,343.02
1785070119.6452417,100.0,10127.0,346.82
1785070120.6852684,100.0,10127.0,345.12
1785070121.7216978,100.0,10127.0,346.39
1785070122.7611377,100.0,10127.0,349.46
1785070123.801383,100.0,10127.0,344.96
1785070124.8413558,100.0,10127.0,342.95
1785070125.8815992,100.0,10127.0,347.0
1785070126.9222217,100.0,10127.0,347.64
1785070127.9615629,100.0,10127.0,348.48
1785070129.0019453,100.0,40759.0,208.82
1785070130.040729,100.0,40759.0,289.53
1785070131.0804145,100.0,33545.0,243.87
1785070132.123011,100.0,33545.0,261.59
1785070133.1599195,100.0,581.0,178.86
1785070134.1963723,42.0,4409.0,97.81
1785070135.233374,100.0,6159.0,309.39
1785070136.2724457,76.0,4141.0,253.66
1785070137.3082259,40.0,1835.0,162.28
1785070138.3447905,100.0,6159.0,181.55
1785070139.3815217,100.0,6159.0,351.51
1785070140.4200876,100.0,7851.0,209.95
1785070141.4562328,42.0,3915.0,111.26
1785070142.4933255,100.0,6721.0,306.88
1785070143.552469,100.0,6721.0,344.88
1785070144.6080766,100.0,6721.0,351.74
1785070145.645342,100.0,12843.0,209.81
1785070146.6879,41.0,2027.0,179.7
1785070147.7252004,100.0,6159.0,164.09
1785070148.7650564,100.0,6159.0,350.23
1785070149.8034184,100.0,7851.0,215.84
1785070150.8441162,42.0,3853.0,119.76
1785070151.8812122,100.0,6159.0,303.33
1785070152.9209623,70.0,6159.0,280.19
1785070153.959709,41.0,2027.0,160.09
1785070154.99724,100.0,6159.0,164.42
1785070156.0565138,100.0,6159.0,348.63
1785070157.0952456,100.0,7851.0,224.12
1785070158.1324232,42.0,4041.0,112.2
1785070159.1695297,100.0,6721.0,308.15
1785070160.2088368,100.0,6721.0,347.27
1785070161.2691545,100.0,6721.0,347.67
1785070162.3096094,100.0,12843.0,202.77
1785070163.3493924,41.0,2035.0,189.63
1785070164.389343,100.0,6555.0,164.94
1785070165.429085,100.0,6721.0,351.91
1785070166.4687731,100.0,6721.0,349.06
1785070167.5046854,70.0,5503.0,277.24
1785070168.545674,100.0,12843.0,226.87
1785070169.5882518,42.0,3401.0,108.64
1785070170.6254845,100.0,7521.0,276.75
1785070171.6667707,100.0,7847.0,348.27
1785070172.7056615,100.0,7847.0,346.8
1785070173.744915,100.0,7847.0,350.02
1785070174.781609,100.0,7847.0,344.23
1785070175.821119,100.0,7847.0,349.96
1785070176.863072,100.0,24877.0,214.69
1785070177.9066834,100.0,24877.0,284.74
1785070178.944018,100.0,651.0,196.55
1785070179.9810903,94.0,6267.0,124.82
1785070181.0214891,100.0,6721.0,354.57
1785070182.061351,100.0,6721.0,346.71
1785070183.1010196,69.0,6721.0,327.45
1785070184.1407454,100.0,12843.0,207.82
1785070185.1761017,66.0,889.0,138.36
1785070186.2175856,100.0,6721.0,218.76
1785070187.2573402,100.0,6721.0,351.38
1785070188.297798,100.0,6721.0,350.43
1785070189.3370373,76.0,12843.0,232.37
1785070190.3718076,100.0,533.0,231.33
1785070191.428472,40.0,6789.0,96.19
1785070192.4649105,100.0,7847.0,349.76
1785070193.505197,100.0,7847.0,351.16
1785070194.5421684,100.0,7847.0,342.79
1785070195.5811522,100.0,7847.0,353.58
1785070196.6212604,100.0,7847.0,349.18
1785070197.66117,86.0,7847.0,347.67
1785070198.7010581,100.0,24877.0,209.26
1785070199.7423296,100.0,24877.0,284.02
1785070200.7801728,32.0,1839.0,138.55
1785070201.8366737,100.0,6555.0,164.32
1785070202.8735056,100.0,6721.0,352.46
1785070203.9136827,100.0,6721.0,347.92
1785070204.952505,67.0,4103.0,255.44
1785070206.007048,100.0,12843.0,245.35
1785070207.0639951,43.0,3119.0,98.24
1785070208.1018846,100.0,6159.0,275.27
1785070209.141633,72.0,6159.0,278.35
1785070210.1841488,45.0,1601.0,160.7
1785070211.2252784,100.0,7521.0,163.29
1785070212.288151,100.0,7847.0,351.96
1785070213.3249757,100.0,7847.0,349.61
1785070214.3645766,100.0,7847.0,352.35
1785070215.4009886,100.0,7847.0,346.53
1785070216.4604688,100.0,7847.0,353.51
1785070217.4965434,70.0,7259.0,277.13
1785070218.5364501,100.0,24877.0,240.35
1785070219.5719078,49.0,24877.0,255.92
1785070220.608106,66.0,1309.0,100.44
1785070221.6448681,100.0,6161.0,237.62
1785070222.68109,92.0,6161.0,332.95
1785070223.7160919,96.0,633.0,168.68
1785070224.752983,66.0,5973.0,117.85
1785070225.793304,100.0,6161.0,351.04
1785070226.8328059,95.0,7851.0,235.18
1785070227.8679407,69.0,475.0,158.0
1785070228.924087,100.0,6161.0,212.48
1785070229.9616807,100.0,6161.0,351.51
1785070230.999796,56.0,471.0,174.09
1785070232.0374584,40.0,6789.0,119.85
1785070233.0767221,100.0,7847.0,352.14
1785070234.1131756,100.0,7847.0,349.7
1785070235.1531842,100.0,7847.0,345.51
1785070236.193451,100.0,7847.0,348.27
1785070237.23266,100.0,7847.0,344.22
1785070238.2689695,90.0,7847.0,333.44
1785070239.3088527,100.0,24877.0,198.98
1785070240.3491955,100.0,24877.0,266.86
1785070241.4104898,34.0,1835.0,151.67
1785070242.4491134,100.0,6159.0,163.62
1785070243.4891512,100.0,6159.0,352.92
1785070244.527764,100.0,7851.0,214.47
1785070245.5642529,42.0,3759.0,103.06
1785070246.601253,100.0,6159.0,286.81
1785070247.6412683,67.0,6159.0,270.89
1785070248.680278,42.0,2035.0,150.47
1785070249.7181714,100.0,6555.0,142.11
1785070250.7762828,100.0,6721.0,349.01
1785070251.8133576,100.0,6721.0,351.99
1785070252.8524659,70.0,6343.0,262.08
1785070253.889867,100.0,12843.0,234.31
1785070254.9711852,42.0,3515.0,109.2
1785070256.0090864,100.0,7521.0,299.61
1785070257.0505636,100.0,7847.0,346.09
1785070258.0892162,100.0,7847.0,343.7
1785070259.144555,100.0,7847.0,348.66
1785070260.1826982,100.0,7847.0,343.57
1785070261.2212725,100.0,7847.0,350.33
1785070262.26327,100.0,24877.0,212.72
1785070263.30078,100.0,24877.0,293.23
1785070264.3357518,100.0,629.0,178.38
1785070265.3733714,66.0,6159.0,118.59
1785070266.4167254,100.0,6159.0,349.96
1785070267.453223,75.0,7851.0,226.48
1785070268.4922576,57.0,1503.0,159.66
1785070269.5524194,100.0,7521.0,249.36
1785070270.5901384,100.0,7847.0,345.74
1785070271.6294332,100.0,7847.0,346.85
1785070272.6688988,100.0,7847.0,346.05
1785070273.705103,100.0,7847.0,343.99
1785070274.745292,100.0,7847.0,350.02
1785070275.7837539,76.0,24877.0,219.73
1785070276.824647,100.0,24877.0,282.99
1785070277.859945,100.0,573.0,222.63
1785070278.896133,43.0,3935.0,101.18
1785070279.9516652,100.0,6721.0,305.03
1785070280.9890888,100.0,6721.0,350.55
1785070282.0484989,100.0,6721.0,348.84
1785070283.0853963,100.0,12843.0,204.65
1785070284.1242278,42.0,1715.0,185.74
1785070285.1613495,100.0,6161.0,152.14
1785070286.2009158,100.0,6161.0,350.96
1785070287.2364168,100.0,7851.0,233.13
1785070288.2761457,43.0,2455.0,131.3
1785070289.3131325,100.0,6161.0,255.61
1785070290.3530574,72.0,6161.0,301.9
1785070291.3921206,51.0,1075.0,161.11
1785070292.4521575,100.0,6555.0,146.29
1785070293.4888349,100.0,6721.0,348.24
1785070294.525397,100.0,6721.0,347.54
1785070295.569371,68.0,6721.0,303.85
1785070296.6140332,100.0,12843.0,223.78
1785070297.6519318,70.0,783.0,135.05
1785070298.6891327,100.0,6161.0,209.12
1785070299.7290068,100.0,6161.0,350.79
1785070300.7681115,68.0,471.0,173.59
1785070301.8043141,43.0,5329.0,94.42
1785070302.8413723,100.0,7847.0,328.02
1785070303.881269,100.0,7847.0,353.15
1785070304.922719,100.0,7847.0,342.99
1785070305.9614923,100.0,7847.0,349.86
1785070307.0011656,100.0,7847.0,349.42
1785070308.0438209,100.0,7847.0,347.27
1785070309.0887728,100.0,24877.0,192.6
1785070310.1253104,100.0,24877.0,280.64
1785070311.1642191,77.0,1601.0,164.06
1785070312.2018263,100.0,7521.0,161.64
1785070313.2414966,100.0,7847.0,347.08
1785070314.2812574,100.0,7847.0,347.6
1785070315.3213573,100.0,7847.0,349.54
1785070316.3617828,100.0,7847.0,346.41
1785070317.401312,100.0,7847.0,353.6
1785070318.4373798,70.0,7847.0,277.06
1785070319.4767194,100.0,24877.0,230.91
1785070320.516069,36.0,24877.0,256.23
1785070321.5562477,64.0,1203.0,102.55
1785070322.593105,100.0,6161.0,225.75
1785070323.6329432,90.0,6161.0,326.51
1785070324.6678402,99.0,593.0,162.59
1785070325.7095137,100.0,6789.0,140.35
1785070326.751275,100.0,7847.0,352.95
1785070327.7895322,100.0,7847.0,347.54
1785070328.8290744,100.0,7847.0,348.01
1785070329.8707404,100.0,7847.0,348.46
1785070330.909429,100.0,7847.0,345.79
1785070331.9451883,72.0,7847.0,314.76
1785070332.9848404,100.0,24877.0,196.06
1785070334.0203583,100.0,24877.0,278.38
1785070335.059717,37.0,1131.0,131.13
1785070336.0971892,100.0,7521.0,199.94
1785070337.137281,100.0,7847.0,347.27
1785070338.1771462,100.0,7847.0,350.63
1785070339.217162,100.0,7847.0,348.16
1785070340.2575169,100.0,7847.0,351.15
1785070341.2977722,100.0,7847.0,347.69
1785070342.3358517,96.0,437.0,235.34
1785070343.3916252,100.0,24877.0,276.74
1785070344.4277806,96.0,493.0,235.61
1785070345.4642231,43.0,3415.0,103.29
1785070346.5014303,100.0,6161.0,295.77
1785070347.5413036,71.0,6161.0,282.87
1785070348.5801232,39.0,1883.0,160.91
1785070349.617632,100.0,7521.0,189.3
1785070350.657659,100.0,7847.0,350.23
1785070351.6986759,100.0,7847.0,344.64
1785070352.7374341,100.0,7847.0,352.14
1785070353.777414,100.0,7847.0,347.3
1785070354.817806,100.0,7847.0,345.12
1785070355.8563077,64.0,7623.0,278.67
1785070356.8923924,100.0,24877.0,245.6
1785070357.9464607,61.0,24877.0,250.37
1785070358.9844098,69.0,1307.0,100.55
1785070360.0211637,100.0,6159.0,236.06
1785070361.0608995,100.0,6159.0,350.49
1785070362.1042798,94.0,631.0,152.88
1785070363.1413808,41.0,5971.0,93.2
1785070364.1769125,100.0,6159.0,328.31
1785070365.220948,83.0,7851.0,230.04
1785070366.26432,26.0,1835.0,161.43
1785070367.3057723,100.0,6159.0,211.68
1785070368.3843935,100.0,6159.0,351.85
1785070369.4197497,40.0,397.0,166.26
1785070370.4562294,40.0,5323.0,96.42
1785070371.493427,100.0,6159.0,344.15
1785070372.5552204,92.0,7851.0,236.2
1785070373.6190526,59.0,1143.0,158.43
1785070374.6595724,100.0,7521.0,231.48
1785070375.6977696,100.0,7847.0,350.6
1785070376.7413485,100.0,7847.0,349.81
1785070377.7822118,100.0,7847.0,349.53
1785070378.8444235,100.0,7847.0,347.47
1785070379.8811915,100.0,7847.0,351.75
1785070380.9159536,87.0,24877.0,224.44
1785070381.9556634,100.0,24877.0,283.54
1785070382.9917798,100.0,633.0,209.72
1785070384.0471587,42.0,4575.0,98.6
1785070385.0855892,100.0,6161.0,304.66
1785070386.1246014,56.0,4063.0,255.44
1785070387.1600833,40.0,1835.0,159.76
1785070388.197011,100.0,6161.0,198.09
1785070389.2370756,100.0,6161.0,348.44
1785070390.2746334,100.0,7851.0,213.76
1785070391.3121872,42.0,3701.0,110.24
1785070392.3492386,100.0,6161.0,286.13
1785070393.3891072,70.0,6161.0,277.63
1785070394.4469478,41.0,1883.0,160.39
1785070395.4856648,100.0,7521.0,190.41
1785070396.525455,100.0,7847.0,345.52
1785070397.567122,100.0,7847.0,348.27
1785070398.605392,100.0,7847.0,344.66
1785070399.6413264,100.0,7847.0,349.48
1785070400.6826136,100.0,7847.0,345.98
1785070401.7205076,75.0,4557.0,255.05
1785070402.7574944,100.0,24877.0,257.59
1785070403.8002942,2.0,24677.0,233.57
1785070404.8401828,41.0,1841.0,100.5
1785070405.8810835,100.0,6159.0,262.06
1785070406.925076,73.0,6159.0,317.89
1785070407.9679334,100.0,515.0,158.39
1785070409.0090346,90.0,6163.0,124.99
1785070410.0536146,100.0,6721.0,355.45
1785070411.092883,100.0,6721.0,346.13
1785070412.1330223,69.0,6721.0,322.71
1785070413.1766381,100.0,12843.0,207.53
1785070414.2123065,51.0,1449.0,139.03
1785070415.2506137,100.0,7521.0,234.9
1785070416.28929,100.0,7847.0,350.79
1785070417.344847,100.0,7847.0,346.24
1785070418.3820074,100.0,7847.0,348.86
1785070419.42175,100.0,7847.0,348.64
1785070420.4574015,100.0,7847.0,349.02
1785070421.5150247,100.0,24877.0,230.68
1785070422.5555894,100.0,24877.0,295.35
1785070423.6114492,100.0,631.0,209.22
1785070424.675656,43.0,5123.0,97.62
1785070425.7132192,100.0,6721.0,329.89
1785070426.7488332,100.0,6721.0,349.07
1785070427.7858665,100.0,6721.0,345.99
1785070428.8276508,100.0,12843.0,202.03
1785070429.863652,40.0,1835.0,180.58
1785070430.9009726,100.0,6159.0,198.09
1785070431.941226,100.0,6159.0,351.59
1785070432.9797432,97.0,7851.0,207.25
1785070434.0203648,43.0,4943.0,111.99
1785070435.0574522,100.0,7847.0,305.71
1785070436.0929422,100.0,7847.0,350.54
1785070437.1299863,100.0,7847.0,346.58
1785070438.1683216,100.0,7847.0,346.57
1785070439.2056181,100.0,7847.0,351.93
1785070440.246665,100.0,7847.0,349.42
1785070441.2879293,100.0,24877.0,205.89
1785070442.3267267,100.0,24877.0,276.95
1785070443.3681543,100.0,1223.0,170.24
1785070444.4052005,100.0,6159.0,140.75
1785070445.445304,100.0,6159.0,347.77
1785070446.486344,100.0,7851.0,220.01
1785070447.5282788,43.0,2619.0,142.05
1785070448.565109,100.0,6159.0,259.05
1785070449.6051319,71.0,6159.0,303.88
1785070450.6484544,51.0,1123.0,160.31
1785070451.7080896,100.0,6789.0,141.99
1785070452.746792,100.0,7847.0,354.08
1785070453.7888415,100.0,7847.0,348.45
1785070454.8295763,100.0,7847.0,352.62
1785070455.871942,100.0,7847.0,347.68
1785070456.913531,100.0,7847.0,344.49
1785070457.9531994,69.0,7847.0,323.67
1785070458.993479,100.0,24877.0,222.27
1785070460.0368133,100.0,24877.0,280.16
1785070461.075649,61.0,1205.0,114.79
1785070462.1321075,100.0,6159.0,213.53
1785070463.1885517,100.0,6159.0,346.4
1785070464.2278848,43.0,471.0,186.61
1785070465.2694356,92.0,6789.0,121.86
1785070466.3356764,100.0,7847.0,349.63
1785070467.3773167,100.0,7847.0,352.41
1785070468.412642,100.0,7847.0,344.68
1785070469.4532394,100.0,7847.0,354.84
1785070470.4934006,100.0,7847.0,349.41
1785070471.5516427,85.0,7847.0,324.3
1785070472.5884092,100.0,24877.0,202.78
1785070473.6437054,100.0,24877.0,267.42
1785070474.6843808,29.0,1835.0,135.17
1785070475.720972,100.0,6161.0,200.38
1785070476.7568958,100.0,6161.0,351.78
1785070477.7917566,100.0,7851.0,206.43
1785070478.8550818,42.0,4675.0,113.71
1785070479.8934894,100.0,6161.0,324.36
1785070480.9508245,69.0,1573.0,257.18
1785070481.9886014,34.0,1835.0,158.8
1785070483.025454,100.0,6161.0,198.99
1785070484.0651364,100.0,6161.0,349.41
1785070485.100078,60.0,6989.0,202.94
1785070486.1363146,42.0,5409.0,97.07
1785070487.1732047,100.0,7847.0,334.19
1785070488.2135022,100.0,7847.0,347.88
1785070489.256738,100.0,7847.0,347.5
1785070490.2934334,100.0,7847.0,346.87
1785070491.3333495,100.0,7847.0,353.5
1785070492.3746853,100.0,7847.0,343.88
1785070493.4163969,100.0,24877.0,207.02
1785070494.4530876,100.0,24877.0,285.49
1785070495.4929354,41.0,2027.0,152.74
1785070496.5291975,100.0,6159.0,163.32
1785070497.5879238,100.0,6159.0,349.69
1785070498.6276128,100.0,7851.0,211.75
1785070499.6643944,42.0,3813.0,115.54
1785070500.7283285,100.0,6159.0,286.98
1785070501.768383,68.0,5613.0,262.5
1785070502.8041782,38.0,1835.0,160.0
1785070503.8413367,100.0,6159.0,164.43
1785070504.8813894,100.0,6159.0,348.72
1785070505.9237146,100.0,7851.0,214.99
1785070506.960231,43.0,4583.0,112.51
1785070507.9967284,100.0,7847.0,304.44
1785070509.052672,100.0,7847.0,350.82
1785070510.090324,100.0,7847.0,348.14
1785070511.129461,100.0,7847.0,347.36
1785070512.1693695,100.0,7847.0,351.49
1785070513.209069,100.0,7847.0,349.25
1785070514.2446234,100.0,24877.0,217.46
1785070515.2811909,100.0,24877.0,282.04
1785070516.3246055,100.0,1143.0,172.78
1785070517.3613412,100.0,6789.0,142.58
1785070518.396723,100.0,7847.0,349.72
1785070519.4331808,100.0,7847.0,343.95
1785070520.470695,100.0,7847.0,349.62
1785070521.5097933,100.0,7847.0,347.75
1785070522.5495646,100.0,7847.0,345.41
1785070523.5888727,65.0,7847.0,321.76
1785070524.6299477,100.0,24877.0,200.95
1785070525.669948,100.0,24877.0,279.33
1785070526.711742,33.0,1885.0,145.1
1785070527.7495987,100.0,7521.0,202.76
1785070528.789383,100.0,7847.0,346.35
1785070529.830835,100.0,7847.0,354.73
1785070530.8695397,100.0,7847.0,350.8
1785070531.9088323,100.0,7847.0,348.42
1785070532.9474971,100.0,7847.0,349.63
1785070533.984451,79.0,4115.0,256.46
1785070535.0246935,100.0,24875.0,261.44
1785070536.0614128,20.0,16835.0,243.82
1785070537.1232471,43.0,2435.0,101.19
1785070538.1609926,100.0,6159.0,259.45
1785070539.2016144,72.0,6159.0,313.55
1785070540.2443018,43.0,1369.0,163.19
1785070541.281089,100.0,7517.0,165.89
1785070542.3212528,100.0,7847.0,349.38
1785070543.3799968,100.0,7847.0,345.99
1785070544.4172456,100.0,7847.0,349.27
1785070545.457998,100.0,7847.0,346.18
1785070546.4969115,100.0,7847.0,347.16
1785070547.5367281,71.0,7847.0,278.97
1785070548.5727215,100.0,24877.0,233.27
1785070549.6271522,100.0,24877.0,275.43
1785070550.6640885,63.0,1001.0,104.31
1785070551.7054274,100.0,6159.0,228.62
1785070552.7451184,90.0,6159.0,327.59
1785070553.7837458,99.0,511.0,164.51
1785070554.8251927,42.0,5971.0,94.17
1785070555.864959,100.0,6159.0,350.66
1785070556.9006324,82.0,7851.0,233.53
1785070557.9361532,51.0,923.0,162.46
1785070558.973629,100.0,7521.0,235.67
1785070560.0131001,100.0,7847.0,346.47
1785070561.0496376,100.0,7847.0,350.67
1785070562.0902016,100.0,7847.0,347.95
1785070563.1297207,100.0,7847.0,343.77
1785070564.1691554,100.0,7847.0,349.05
1785070565.2076514,95.0,24875.0,234.24
1785070566.247576,100.0,24875.0,288.12
1785070567.283843,100.0,551.0,225.03
1785070568.3201377,43.0,3715.0,104.65
1785070569.3577187,100.0,6161.0,305.23
1785070570.397361,72.0,6161.0,279.12
1785070571.4324155,42.0,1883.0,159.01
1785070572.4693937,100.0,7521.0,188.35
1785070573.5282955,100.0,7847.0,348.94
1785070574.5652816,100.0,7847.0,349.4
1785070575.6247334,100.0,7847.0,345.91
1785070576.6651502,100.0,7847.0,351.98
1785070577.7013931,100.0,7847.0,343.18
1785070578.7397997,95.0,493.0,238.75
1785070579.776757,100.0,24877.0,273.9
1785070580.8507419,95.0,489.0,238.81
1785070581.9072542,43.0,3233.0,101.08
1785070582.964259,100.0,6159.0,285.89
1785070584.000884,72.0,6159.0,299.19
1785070585.040519,42.0,1947.0,161.03
1785070586.077555,100.0,6159.0,165.02
1785070587.1173534,100.0,6159.0,351.76
1785070588.1579385,100.0,7851.0,205.72
1785070589.215304,43.0,3673.0,132.97
1785070590.2535155,100.0,6159.0,296.13
1785070591.2936873,71.0,6159.0,281.7
1785070592.3515546,28.0,1883.0,157.96
1785070593.408281,100.0,7521.0,190.67
1785070594.4452894,100.0,7847.0,351.15
1785070595.4859066,100.0,7847.0,345.53
1785070596.5254097,100.0,7847.0,353.86
1785070597.5654397,100.0,7847.0,353.34
1785070598.6018944,100.0,7847.0,350.11
1785070599.640157,94.0,1469.0,244.52
1785070600.6767585,100.0,24877.0,256.42
1785070601.712593,3.0,423.0,251.12
1785070602.7522373,43.0,2421.0,100.6
1785070603.8118684,100.0,6161.0,258.82
1785070604.8488898,71.0,6161.0,298.92
1785070605.8879952,44.0,1171.0,169.06
1785070606.9256856,100.0,6789.0,142.85
1785070607.967015,100.0,7847.0,351.39
1785070609.005692,100.0,7847.0,350.67
1785070610.0453835,100.0,7847.0,346.78
1785070611.0865717,100.0,7847.0,347.98
1785070612.1251943,100.0,7847.0,348.14
1785070613.1650302,71.0,7847.0,315.83
1785070614.226017,100.0,24877.0,223.14
1785070615.2691817,100.0,24877.0,282.1
1785070616.3048596,27.0,1835.0,136.61
1785070617.341142,100.0,6159.0,209.58
1785070618.3809154,100.0,6159.0,349.11
1785070619.420167,40.0,6063.0,184.63
1785070620.4605038,40.0,5183.0,97.53
1785070621.4970992,100.0,6159.0,325.9
1785070622.5358965,84.0,981.0,235.71
1785070623.5717475,36.0,911.0,164.61
1785070624.6085982,100.0,7521.0,190.59
1785070625.6453817,100.0,7847.0,343.59
1785070626.6809156,100.0,7847.0,346.78
1785070627.7428155,100.0,7847.0,345.9
1785070628.800192,100.0,7847.0,350.03
1785070629.837379,100.0,7847.0,346.24
1785070630.8797405,96.0,751.0,240.87
1785070631.9219673,100.0,24877.0,290.48
1785070632.959861,99.0,513.0,229.33
1785070633.9961655,42.0,3235.0,100.84
1785070635.0332208,100.0,6161.0,283.66
1785070636.0731697,68.0,6161.0,300.38
1785070637.1126637,45.0,1957.0,155.43
1785070638.1500533,100.0,7517.0,169.75
1785070639.208171,100.0,7847.0,353.7
1785070640.2460604,100.0,7847.0,348.13
1785070641.285742,100.0,7847.0,348.54
1785070642.325107,100.0,7847.0,350.78
1785070643.3610291,100.0,7847.0,347.48
1785070644.4012992,70.0,7847.0,301.74
1785070645.4425666,100.0,24877.0,244.4
1785070646.4796333,100.0,24877.0,273.29
1785070647.516196,43.0,2149.0,101.24
1785070648.5537791,100.0,7521.0,256.88
1785070649.5931807,100.0,7847.0,352.23
1785070650.6331475,100.0,7847.0,343.6
1785070651.6733787,100.0,7847.0,346.17
1785070652.7135541,100.0,7847.0,346.96
1785070653.7527614,100.0,7847.0,351.44
1785070654.7890809,98.0,24877.0,225.6
1785070655.8350682,100.0,24877.0,295.37
1785070656.8714616,100.0,513.0,209.0
1785070657.9084294,40.0,5449.0,96.89
1785070658.9455054,100.0,6161.0,332.36
1785070659.988203,91.0,7851.0,254.42
1785070661.043113,74.0,683.0,158.32
1785070662.0824738,100.0,7521.0,216.29
1785070663.121756,100.0,7847.0,353.1
1785070664.1615572,100.0,7847.0,343.86
1785070665.2007658,100.0,7847.0,354.39
1785070666.2376955,100.0,7847.0,347.77
1785070667.2777233,100.0,7847.0,347.2
1785070668.3166077,77.0,24877.0,228.06
1785070669.35542,100.0,24877.0,281.29
1785070670.3917296,53.0,489.0,237.33
1785070671.4321477,42.0,3201.0,104.05
1785070672.473483,100.0,7521.0,278.89
1785070673.509674,100.0,7847.0,343.25
1785070674.5496762,100.0,7847.0,348.01
1785070675.5893664,100.0,7847.0,345.22
1785070676.629091,100.0,7847.0,348.4
1785070677.6699197,100.0,7847.0,351.45
1785070678.7276192,100.0,24875.0,214.04
1785070679.7658665,100.0,24875.0,293.02
1785070680.8038335,100.0,617.0,182.51
1785070681.841105,100.0,6789.0,130.16
1785070682.9014332,100.0,7847.0,346.63
1785070683.9411395,100.0,7847.0,353.08
1785070684.9773536,100.0,7847.0,350.46
1785070686.0171432,100.0,7847.0,345.01
1785070687.0580883,100.0,7847.0,348.74
1785070688.1010737,71.0,7847.0,299.97
1785070689.1440184,100.0,24877.0,226.97
1785070690.1848545,100.0,24877.0,286.01
1785070691.2388644,37.0,1423.0,121.4
1785070692.2771091,100.0,7521.0,199.06
1785070693.3174736,100.0,7847.0,347.77
1785070694.3577988,100.0,7847.0,352.32
1785070695.3973222,100.0,7847.0,347.15
1785070696.4561791,100.0,7847.0,347.38
1785070697.4935293,100.0,7847.0,346.84
1785070698.5318391,94.0,463.0,236.07
1785070699.5687814,100.0,24875.0,256.91
1785070700.6038196,63.0,417.0,241.12
1785070701.6402936,43.0,3495.0,102.06
1785070702.6775997,100.0,7521.0,280.68
1785070703.72036,100.0,7847.0,344.39
1785070704.7567909,100.0,7847.0,354.31
1785070705.7940238,100.0,7847.0,351.64
1785070706.8337283,100.0,7847.0,345.92
1785070707.8737826,100.0,7847.0,353.12
1785070708.9130387,100.0,24877.0,212.91
1785070709.9576244,100.0,24877.0,284.21
1785070710.996568,100.0,549.0,182.73
1785070712.0384657,40.0,6787.0,96.06
1785070713.077107,100.0,7847.0,325.98
1785070714.1171439,100.0,7847.0,351.64
1785070715.158414,100.0,7847.0,344.71
1785070716.201166,100.0,7847.0,352.7
1785070717.2413156,100.0,7847.0,344.86
1785070718.2807674,100.0,7847.0,348.17
1785070719.317109,100.0,24875.0,199.37
1785070720.35735,100.0,24875.0,272.67
1785070721.4154103,43.0,2059.0,154.23
1785070722.453848,100.0,8031.0,161.98
1785070723.494279,100.0,9481.0,352.96
1785070724.5326958,100.0,10127.0,348.1
1785070725.569219,100.0,10127.0,347.83
1785070726.6093643,100.0,10127.0,344.74
1785070727.6494167,100.0,10127.0,347.81
1785070728.6892204,100.0,10127.0,341.9
1785070729.7264469,100.0,10127.0,349.55
1785070730.76565,100.0,10127.0,353.97
1785070731.8056521,100.0,10127.0,350.73
1785070732.8452027,100.0,10127.0,342.67
1785070733.8856232,100.0,10127.0,340.18
1785070734.9262931,100.0,10127.0,347.2
1785070735.964453,100.0,40759.0,188.27
1785070737.0069914,100.0,40759.0,300.19
1785070738.0476632,100.0,33545.0,245.46
1785070739.0903194,100.0,33545.0,270.17
1785070740.1278725,100.0,759.0,154.85
1785070741.1651294,43.0,6159.0,99.52
1785070742.201298,100.0,6159.0,352.59
1785070743.236453,75.0,7851.0,235.67
1785070744.2763112,60.0,1823.0,150.24
1785070745.3139377,100.0,7521.0,255.6
1785070746.3716078,100.0,7847.0,348.54
1785070747.4092734,100.0,7847.0,350.03
1785070748.4492664,100.0,7847.0,346.09
1785070749.489596,100.0,7847.0,348.09
1785070750.5294378,100.0,7847.0,348.12
1785070751.56753,85.0,24877.0,212.29
1785070752.610249,100.0,24877.0,271.43
1785070753.6474729,100.0,513.0,214.33
1785070754.688238,41.0,5325.0,98.83
1785070755.7257013,100.0,6161.0,330.16
1785070756.7640278,81.0,501.0,255.25
1785070757.8000903,54.0,903.0,161.92
1785070758.8373444,100.0,6161.0,210.0
1785070759.8962393,100.0,6161.0,346.89
1785070760.950712,40.0,471.0,184.47
1785070761.9891384,61.0,5973.0,118.81
1785070763.0253253,100.0,6161.0,349.78
1785070764.0688522,95.0,7851.0,233.56
1785070765.1120868,63.0,1123.0,160.78
1785070766.149362,100.0,6161.0,226.99
1785070767.1894028,90.0,6161.0,327.14
1785070768.2281373,100.0,611.0,169.65
1785070769.2658577,82.0,6789.0,121.68
1785070770.3049467,100.0,7847.0,352.35
1785070771.3418498,100.0,7847.0,349.75
1785070772.3853362,100.0,7847.0,346.15
1785070773.4223435,100.0,7847.0,347.93
1785070774.4610772,100.0,7847.0,345.17
1785070775.5012755,71.0,7847.0,310.17
1785070776.5433059,100.0,24877.0,196.79
1785070777.581214,100.0,24877.0,278.95
1785070778.6237063,37.0,1211.0,130.2
1785070779.680842,100.0,7521.0,213.59
1785070780.7177303,100.0,7847.0,344.95
1785070781.7578592,100.0,7847.0,348.73
1785070782.7974157,100.0,7847.0,345.84
1785070783.8375452,100.0,7847.0,348.24
1785070784.8812437,100.0,7847.0,347.52
1785070785.9245756,96.0,751.0,236.66
1785070786.9644463,100.0,24877.0,287.58
1785070788.000122,100.0,509.0,225.13
1785070789.0403025,43.0,3761.0,100.38
1785070790.0773048,100.0,6161.0,307.16
1785070791.1173286,64.0,6161.0,268.29
1785070792.1558352,40.0,2027.0,162.77
1785070793.1938767,100.0,6161.0,174.21
1785070794.236969,100.0,6161.0,349.39
1785070795.2798376,100.0,7851.0,209.93
1785070796.3163927,42.0,3915.0,114.37
1785070797.3532777,100.0,6161.0,282.97
1785070798.3890617,55.0,6161.0,276.78
1785070799.4278426,42.0,2027.0,153.87
1785070800.4692142,100.0,6161.0,183.12
1785070801.5094464,100.0,6161.0,350.29
1785070802.5547862,100.0,7851.0,216.08
1785070803.5922697,43.0,4617.0,110.11
1785070804.6295745,100.0,7847.0,304.88
1785070805.669681,100.0,7847.0,348.79
1785070806.7101727,100.0,7847.0,346.75
1785070807.7678707,100.0,7847.0,350.76
1785070808.8247316,100.0,7847.0,347.73
1785070809.8624158,100.0,7847.0,347.29
1785070810.904511,100.0,24877.0,191.58
1785070811.9458096,100.0,24877.0,278.16
1785070812.9881167,73.0,1435.0,164.46
1785070814.0438533,100.0,6159.0,144.92
1785070815.081752,100.0,6159.0,353.23
1785070816.1205578,100.0,7851.0,222.04
1785070817.1563807,46.0,2285.0,129.87
1785070818.1934264,100.0,9481.0,274.49
1785070819.2333522,100.0,9481.0,346.35
1785070820.268836,100.0,10127.0,342.48
1785070821.3049617,100.0,10127.0,343.67
1785070822.3419058,100.0,10127.0,345.11
1785070823.3815641,100.0,10127.0,348.59
1785070824.4205747,100.0,10127.0,350.23
1785070825.4575212,100.0,10127.0,344.42
1785070826.5004082,100.0,10127.0,335.24
1785070827.5437164,100.0,10127.0,347.55
1785070828.5808861,100.0,10127.0,343.86
1785070829.6221313,100.0,10127.0,344.06
1785070830.6607468,88.0,6371.0,257.45
1785070831.6965356,100.0,40759.0,255.72
1785070832.886676,100.0,33545.0,253.87
1785070833.929401,100.0,33545.0,263.3
1785070834.964008,40.0,475.0,225.22
1785070836.004413,49.0,1703.0,103.91
1785070837.0418205,100.0,7521.0,238.63
1785070838.0816455,100.0,7847.0,352.53
1785070839.1211393,100.0,7847.0,345.14
1785070840.158435,100.0,7847.0,355.16
1785070841.1980205,100.0,7847.0,343.21
1785070842.237756,100.0,7847.0,350.23
1785070843.275745,90.0,24877.0,226.94
1785070844.3161933,100.0,24877.0,288.24
1785070845.3521092,100.0,613.0,207.78
1785070846.3881896,42.0,4181.0,103.14
1785070847.4252756,100.0,6161.0,298.18
1785070848.464546,72.0,5203.0,261.34
1785070849.5007448,38.0,1883.0,161.92
1785070850.5411716,100.0,7521.0,188.33
1785070851.5814285,100.0,7847.0,348.07
1785070852.6227598,100.0,7847.0,346.35
1785070853.6616573,100.0,7847.0,356.45
1785070854.7010295,100.0,7847.0,345.6
1785070855.7429938,100.0,7847.0,347.74
1785070856.7844768,65.0,4245.0,256.7
1785070857.823257,100.0,24877.0,261.51
1785070858.860259,5.0,24301.0,241.64
1785070859.8961942,43.0,2841.0,101.37
1785070860.9334354,100.0,7521.0,259.2
1785070861.9735477,100.0,7847.0,349.2
1785070863.0132153,100.0,7847.0,344.12
1785070864.0726974,100.0,7847.0,350.33
1785070865.1094046,100.0,7847.0,346.89
1785070866.149898,100.0,7847.0,349.52
1785070867.1885982,100.0,24877.0,215.3
1785070868.2298245,100.0,24877.0,281.28
1785070869.2685564,100.0,533.0,189.11
1785070870.3052633,41.0,5973.0,96.78
1785070871.341259,100.0,6161.0,352.16
1785070872.3800695,74.0,7851.0,235.2
1785070873.416298,63.0,1503.0,154.69
1785070874.459498,100.0,7521.0,248.88
1785070875.49782,100.0,7847.0,347.39
1785070876.5416834,100.0,7847.0,352.33
1785070877.5836535,100.0,7847.0,346.11
1785070878.621084,100.0,7847.0,351.87
1785070879.6612325,100.0,7847.0,351.63
1785070880.6998372,76.0,24877.0,212.26
1785070881.739718,100.0,24877.0,291.34
1785070882.775849,100.0,609.0,213.97
1785070883.8123646,42.0,4361.0,99.15
1785070884.8500497,100.0,6721.0,307.23
1785070885.8892608,100.0,6721.0,349.06
1785070886.9294395,100.0,6721.0,350.97
1785070887.9729483,100.0,12843.0,206.66
1785070889.0128965,42.0,1831.0,190.41
1785070890.0490744,100.0,6159.0,162.88
1785070891.0889902,100.0,6159.0,349.29
1785070892.134926,100.0,7851.0,214.08
1785070893.191281,43.0,2795.0,128.81
1785070894.2293522,100.0,6721.0,264.19
1785070895.2690306,100.0,6721.0,350.46
1785070896.3093817,100.0,6721.0,345.59
1785070897.3501043,100.0,12843.0,212.83
1785070898.3880866,85.0,1025.0,209.9
1785070899.4258368,100.0,6159.0,130.02
1785070900.4652047,100.0,6159.0,351.21
1785070901.5069463,100.0,7851.0,224.53
1785070902.544378,43.0,2535.0,129.71
1785070903.5854015,100.0,6721.0,261.17
1785070904.625401,100.0,6721.0,349.67
1785070905.6656942,100.0,6721.0,348.65
1785070906.704458,100.0,12843.0,214.46
1785070907.7399313,70.0,653.0,209.22
1785070908.7779005,100.0,6789.0,140.08
1785070909.8170853,100.0,7847.0,351.08
1785070910.8784401,100.0,7847.0,348.68
1785070911.9174833,100.0,7847.0,355.93
1785070912.9578753,100.0,7847.0,343.44
1785070913.9975808,100.0,7847.0,352.31
1785070915.0410235,71.0,7847.0,303.09
1785070916.0815268,100.0,24877.0,220.49
1785070917.1246793,100.0,24877.0,274.64
1785070918.1643186,59.0,1203.0,117.09
1785070919.2032392,100.0,7521.0,226.42
1785070920.2416952,100.0,7847.0,348.04
1785070921.2816043,100.0,7847.0,354.03
1785070922.3224556,100.0,7847.0,343.01
1785070923.361579,100.0,7847.0,352.07
1785070924.4018316,100.0,7847.0,349.23
1785070925.4399314,75.0,24877.0,229.07
1785070926.4795685,100.0,24877.0,296.97
1785070927.515715,78.0,533.0,237.62
1785070928.5522609,42.0,3735.0,101.13
1785070929.589202,100.0,6161.0,280.62
1785070930.6246603,39.0,6161.0,271.15
1785070931.6638927,41.0,1883.0,161.54
1785070932.7012784,100.0,7521.0,166.08
1785070933.7410896,100.0,7847.0,354.99
1785070934.781432,100.0,7847.0,348.55
1785070935.8208416,100.0,7847.0,351.73
1785070936.8575013,100.0,7847.0,351.34
1785070937.8968992,100.0,7847.0,348.82
1785070938.9412446,38.0,7847.0,274.26
1785070939.9848325,100.0,24877.0,246.87
1785070941.023936,61.0,24877.0,258.01
1785070942.0603027,42.0,1823.0,102.3
1785070943.1019769,100.0,7521.0,234.36
1785070944.141629,100.0,7847.0,353.66
1785070945.177436,100.0,7847.0,347.16
1785070946.2184582,100.0,7847.0,345.19
1785070947.2573464,100.0,7847.0,351.33
1785070948.2975183,100.0,7847.0,345.89
1785070949.335964,91.0,24877.0,210.09
1785070950.3756812,100.0,24877.0,290.5
1785070951.411795,100.0,613.0,218.86
1785070952.4483373,43.0,4181.0,103.46
1785070953.485217,100.0,6161.0,303.36
1785070954.524559,74.0,4823.0,256.75
1785070955.5637712,38.0,1829.0,160.46
1785070956.6013322,100.0,6161.0,164.38
1785070957.6415334,100.0,6161.0,345.55
1785070958.683267,100.0,7851.0,212.74
1785070959.7201946,43.0,3341.0,114.32
1785070960.7573488,100.0,6161.0,283.93
1785070961.7969265,70.0,6161.0,301.86
1785070962.8363404,41.0,1743.0,164.46
1785070963.8729968,100.0,6161.0,141.54
1785070964.9135094,100.0,6161.0,350.1
1785070965.9543486,100.0,7851.0,231.89
1785070966.992292,43.0,2701.0,130.57
1785070968.0291893,100.0,6161.0,281.61
1785070969.073505,71.0,6161.0,302.58
1785070970.1124625,44.0,1307.0,158.04
1785070971.149203,100.0,7517.0,172.52
1785070972.189215,100.0,7847.0,347.48
1785070973.229312,100.0,7847.0,346.3
1785070974.2690952,100.0,7847.0,349.01
1785070975.3086684,100.0,7847.0,348.46
1785070976.344906,100.0,7847.0,348.43
1785070977.3852956,71.0,7847.0,299.87
1785070978.4288087,100.0,24877.0,258.1
1785070979.4641232,100.0,24877.0,270.9
1785070980.50048,49.0,843.0,117.34
1785070981.5375192,100.0,6721.0,235.25
1785070982.5774603,100.0,6721.0,349.34
1785070983.6172519,100.0,6721.0,352.11
1785070984.65785,76.0,12843.0,228.43
1785070985.6962178,55.0,511.0,251.39
1785070986.73231,42.0,4903.0,95.91
1785070987.769281,100.0,6159.0,315.06
1785070988.807995,88.0,2117.0,238.52
1785070989.8477087,30.0,1835.0,163.99
1785070990.8852415,100.0,6159.0,178.99
1785070991.9250307,100.0,6159.0,352.58
1785070992.9638836,100.0,7851.0,204.35
1785070994.004176,43.0,3899.0,98.89
1785070995.0412757,100.0,6159.0,305.02
1785070996.0808837,72.0,6159.0,278.68
1785070997.1201777,33.0,1883.0,158.73
1785070998.1965802,100.0,7521.0,185.1
1785070999.2336335,100.0,7847.0,350.02
1785071000.2735834,100.0,7847.0,347.3
1785071001.3135593,100.0,7847.0,349.82
1785071002.372385,100.0,7847.0,346.94
1785071003.4102623,100.0,7847.0,345.23
1785071004.448165,60.0,3043.0,254.91
1785071005.484446,100.0,24877.0,261.99
1785071006.5208802,15.0,18885.0,240.47
1785071007.560249,43.0,2167.0,100.66
1785071008.5970757,100.0,6159.0,260.87
1785071009.6412694,70.0,6159.0,322.9
1785071010.6841974,77.0,827.0,157.13
1785071011.724729,100.0,6159.0,144.79
1785071012.761237,100.0,6159.0,350.07
1785071013.8024385,100.0,7851.0,222.02
1785071014.8441536,58.0,1421.0,146.63
1785071015.8819256,100.0,6159.0,234.99
1785071016.921688,84.0,6159.0,322.62
1785071017.960602,98.0,611.0,160.53
1785071019.0013237,100.0,6789.0,110.18
1785071020.0425143,100.0,7847.0,349.25
1785071021.0818098,100.0,7847.0,344.44
1785071022.1218576,100.0,7847.0,348.61
1785071023.1811945,100.0,7847.0,348.08
1785071024.2217505,100.0,7847.0,352.14
1785071025.2649608,74.0,7847.0,322.81
1785071026.3271713,100.0,24877.0,225.62
1785071027.369328,100.0,24877.0,283.63
1785071028.4126005,34.0,1835.0,114.81
1785071029.4496388,100.0,6159.0,191.28
1785071030.4892654,100.0,6159.0,348.65
1785071031.5282123,61.0,7531.0,202.8
1785071032.5644562,42.0,4389.0,95.75
1785071033.6050782,100.0,6159.0,307.25
1785071034.644709,67.0,4281.0,272.88
1785071035.7009583,30.0,1835.0,161.35
1785071036.7412498,100.0,6159.0,173.32
1785071037.7810805,100.0,6159.0,347.52
1785071038.822956,100.0,7851.0,204.89
1785071039.8604255,43.0,4361.0,111.43
1785071040.8976676,100.0,7847.0,302.18
1785071041.937467,100.0,7847.0,345.01
1785071042.9774013,100.0,7847.0,349.98
1785071044.017807,100.0,7847.0,341.72
1785071045.0576775,100.0,7847.0,347.4
1785071046.0979912,100.0,7847.0,346.41
1785071047.140907,100.0,24877.0,212.27
1785071048.1826386,100.0,24877.0,295.03
1785071049.224185,100.0,943.0,164.68
1785071050.2613566,93.0,6161.0,120.49
1785071051.3201993,100.0,6161.0,350.63
1785071052.3598921,100.0,7851.0,227.85
1785071053.4003177,43.0,1963.0,132.95
1785071054.4371865,100.0,6161.0,254.68
1785071055.477891,86.0,6161.0,326.05
1785071056.5168173,53.0,615.0,159.2
1785071057.5535495,78.0,6161.0,122.07
1785071058.5934987,100.0,6161.0,351.35
1785071059.6335034,100.0,7851.0,213.69
1785071060.691218,43.0,1669.0,133.17
1785071061.7294705,100.0,6161.0,237.79
1785071062.7693963,93.0,6161.0,338.29
1785071063.8079934,91.0,631.0,152.95
1785071064.8492866,48.0,6161.0,102.44
1785071065.8930516,100.0,6161.0,349.74
1785071066.9341707,75.0,7851.0,226.81
1785071067.9992323,58.0,1089.0,145.27
1785071069.0410428,100.0,6161.0,232.27
1785071070.0810654,85.0,6161.0,322.62
1785071071.1200776,100.0,591.0,161.0
1785071072.1572325,41.0,5973.0,94.0
1785071073.1973162,100.0,6161.0,350.3
1785071074.2754343,74.0,7851.0,227.93
1785071075.3163183,57.0,1323.0,144.92
1785071076.3532755,100.0,6161.0,232.95
1785071077.411925,84.0,6161.0,324.29
1785071078.4478328,100.0,631.0,160.46
1785071079.489161,84.0,6161.0,117.13
1785071080.530445,100.0,6161.0,349.09
1785071081.568915,74.0,7851.0,240.26
1785071082.6083837,51.0,1429.0,152.21
1785071083.6456413,100.0,9479.0,228.04
1785071084.6856794,100.0,9481.0,349.96
1785071085.7261848,100.0,10127.0,343.4
1785071086.7679021,100.0,10127.0,343.42
1785071087.805567,100.0,10127.0,345.1
1785071088.864164,100.0,10127.0,343.97
1785071089.902142,100.0,10127.0,359.04
1785071090.9415767,100.0,10127.0,346.68
1785071091.9812834,100.0,10127.0,341.78
1785071093.0205886,100.0,10127.0,343.02
1785071094.0574405,100.0,10127.0,343.5
1785071095.0980473,100.0,10127.0,344.37
1785071096.1367378,71.0,9623.0,272.03
1785071097.1727824,100.0,40759.0,246.84
1785071098.208857,100.0,36653.0,286.08
1785071099.2510324,100.0,33545.0,241.01
1785071100.288099,71.0,33545.0,247.7
1785071101.3239245,47.0,1909.0,110.52
1785071102.3615544,100.0,8031.0,169.39
1785071103.4036336,100.0,9481.0,346.99
1785071104.4596283,100.0,10127.0,349.97
1785071105.498202,100.0,10127.0,345.67
1785071106.5368075,100.0,10127.0,342.1
1785071107.5735433,100.0,10127.0,344.86
1785071108.632409,100.0,10127.0,345.2
1785071109.669975,100.0,10127.0,343.03
1785071110.7107375,100.0,10127.0,349.75
1785071111.7498689,100.0,10127.0,339.11
1785071112.7895057,100.0,10127.0,341.03
1785071113.8296554,100.0,10127.0,344.82
1785071114.869078,78.0,10127.0,346.82
1785071115.9045274,100.0,40759.0,198.42
1785071116.9410317,100.0,40759.0,291.26
1785071117.9874995,100.0,33545.0,237.88
1785071119.0255969,100.0,33545.0,269.86
1785071120.082873,100.0,925.0,131.74
1785071121.1268005,83.0,8031.0,124.02
1785071122.1661048,100.0,9481.0,350.77
1785071123.2100775,100.0,10127.0,349.52
1785071124.2490118,100.0,10127.0,343.74
1785071125.285578,100.0,10127.0,346.03
1785071126.3252482,100.0,10127.0,342.82
1785071127.365695,100.0,10127.0,349.03
1785071128.406517,100.0,10127.0,353.21
1785071129.464688,100.0,10127.0,349.27
1785071130.5003717,100.0,10127.0,343.49
1785071131.5378883,100.0,10127.0,345.62
1785071132.5784755,100.0,10127.0,345.11
1785071133.62198,100.0,10127.0,344.28
1785071134.6597664,100.0,40759.0,213.79
1785071135.696756,100.0,40759.0,293.37
1785071136.7546892,100.0,33545.0,250.6
1785071137.7971056,100.0,33545.0,265.53
1785071138.854923,100.0,597.0,169.96
1785071139.892221,43.0,4591.0,103.11
1785071140.929514,100.0,9481.0,306.77
1785071141.9687996,100.0,10127.0,348.54
1785071143.0054848,100.0,10127.0,342.87
1785071144.0457234,100.0,10127.0,337.73
1785071145.088019,100.0,10127.0,347.4
1785071146.1258514,100.0,10127.0,344.47
1785071147.1665938,100.0,10127.0,347.27
1785071148.2055836,100.0,10127.0,353.9
1785071149.245568,100.0,10127.0,348.5
1785071150.3043783,100.0,10127.0,342.43
1785071151.343414,100.0,10127.0,344.97
1785071152.3818858,100.0,10127.0,350.9
1785071153.4207947,92.0,40759.0,210.0
1785071154.4567142,100.0,40759.0,293.3
1785071155.5119553,100.0,33545.0,265.82
1785071156.548975,100.0,33545.0,263.6
1785071157.5878465,78.0,549.0,236.27
1785071158.6242332,66.0,1361.0,104.51
1785071159.661525,100.0,6159.0,243.09
1785071160.7013674,92.0,6159.0,331.85
1785071161.7401423,93.0,631.0,168.84
1785071162.777171,62.0,6073.0,118.28
1785071163.8178246,100.0,6159.0,349.76
1785071164.8568451,76.0,7851.0,225.82
1785071165.8959286,62.0,541.0,160.5
1785071166.9372423,100.0,6159.0,213.07
1785071167.9781964,100.0,6159.0,346.84
1785071169.0159347,40.0,471.0,166.31
1785071170.0522182,41.0,5277.0,95.4
1785071171.1083264,100.0,6159.0,327.08
1785071172.1482809,76.0,681.0,233.63
1785071173.1850586,34.0,1835.0,151.56
1785071174.22509,100.0,6159.0,199.54
1785071175.2651129,100.0,6159.0,348.0
1785071176.3041408,59.0,2463.0,201.81
1785071177.346245,42.0,6789.0,105.81
1785071178.3850167,100.0,7847.0,335.07
1785071179.4215019,100.0,7847.0,347.39
1785071180.4614234,100.0,7847.0,349.71
1785071181.5016046,100.0,7847.0,346.74
1785071182.541221,100.0,7847.0,355.91
1785071183.582367,100.0,7847.0,342.7
1785071184.6204364,100.0,24877.0,207.74
1785071185.661644,100.0,24877.0,286.96
1785071186.7004962,46.0,2007.0,151.46
1785071187.7370884,100.0,6161.0,148.77
1785071188.7772307,100.0,6161.0,349.71
1785071189.817683,100.0,7851.0,220.19
1785071190.8602927,43.0,2735.0,114.6
1785071191.8973908,100.0,6161.0,262.08
1785071192.9561653,71.0,6161.0,297.47
1785071193.9961655,33.0,1271.0,153.83
1785071195.0524807,100.0,6161.0,142.33
1785071196.0895784,100.0,6161.0,351.92
1785071197.1314144,100.0,7851.0,228.88
1785071198.1681597,43.0,2215.0,114.14
1785071199.2093935,100.0,6161.0,254.98
1785071200.249236,72.0,6161.0,294.89
1785071201.3072317,50.0,1039.0,159.49
1785071202.3455427,100.0,6161.0,117.99
1785071203.385396,100.0,6161.0,352.82
1785071204.4263396,100.0,7851.0,225.91
1785071205.485211,42.0,1929.0,132.1
1785071206.5258276,100.0,9481.0,239.53
1785071207.565713,100.0,9481.0,342.46
1785071208.6053143,100.0,10127.0,343.85
1785071209.645949,100.0,10127.0,349.1
1785071210.6850722,100.0,10127.0,345.68
1785071211.7451057,100.0,10127.0,352.31
1785071212.7811627,100.0,10127.0,342.51
1785071213.8212092,100.0,10127.0,336.18
1785071214.8609345,100.0,10127.0,343.93
1785071215.903602,100.0,10127.0,346.87
1785071216.9603922,100.0,10127.0,347.76
1785071218.020811,100.0,10127.0,348.17
1785071219.0803947,92.0,525.0,246.77
1785071220.1196592,100.0,40759.0,254.03
1785071221.250833,100.0,33545.0,249.04
1785071222.2939634,100.0,33545.0,266.14
1785071223.3511746,57.0,547.0,225.08
1785071224.3883126,75.0,903.0,104.53
1785071225.4252937,100.0,7521.0,214.28
1785071226.4652176,100.0,7847.0,350.45
1785071227.5054147,100.0,7847.0,344.8
1785071228.5460148,100.0,7847.0,349.76
1785071229.5850863,100.0,7847.0,353.42
1785071230.62194,100.0,7847.0,347.72
1785071231.6598594,76.0,24875.0,223.74
1785071232.6994095,100.0,24875.0,275.04
1785071233.7356663,100.0,511.0,218.49
1785071234.7762613,43.0,3415.0,102.91
1785071235.813403,100.0,7521.0,304.78
1785071236.8561645,100.0,7847.0,342.39
1785071237.8937461,100.0,7847.0,352.25
1785071238.9333673,100.0,7847.0,346.63
1785071239.974931,100.0,7847.0,349.71
1785071241.0138204,100.0,7847.0,350.39
1785071242.057485,100.0,24877.0,213.45
1785071243.097628,100.0,24877.0,280.23
1785071244.1357868,100.0,513.0,186.72
1785071245.1731415,40.0,5971.0,97.0
1785071246.2134767,100.0,6159.0,332.35
1785071247.2516623,74.0,7851.0,243.62
1785071248.2878692,38.0,833.0,147.31
1785071249.325391,100.0,7521.0,212.32
1785071250.3656647,100.0,7847.0,345.41
1785071251.405523,100.0,7847.0,346.57
1785071252.445141,100.0,7847.0,347.17
1785071253.4850562,100.0,7847.0,351.46
1785071254.525194,100.0,7847.0,345.96
1785071255.5638533,81.0,489.0,240.61
1785071256.6006966,100.0,24877.0,254.45
1785071257.6548421,47.0,415.0,227.72
1785071258.6931639,43.0,2619.0,103.35
1785071259.7295346,100.0,6159.0,254.07
1785071260.768967,71.0,6159.0,301.07
1785071261.812107,50.0,1305.0,162.59
1785071262.8491795,100.0,6159.0,142.09
1785071263.8888676,100.0,6159.0,349.8
1785071264.925034,100.0,7851.0,216.92
1785071265.968198,42.0,2037.0,134.52
1785071267.0051963,100.0,6159.0,233.92
1785071268.0451207,69.0,6159.0,322.85
1785071269.0839398,84.0,515.0,158.35
1785071270.1217055,100.0,6787.0,135.14
1785071271.1623518,100.0,7847.0,347.87
1785071272.2015169,100.0,7847.0,347.26
1785071273.2413092,100.0,7847.0,353.98
1785071274.281158,100.0,7847.0,351.89
1785071275.3407016,100.0,7847.0,352.16
1785071276.3770792,80.0,7847.0,320.4
1785071277.4188395,100.0,24875.0,227.07
1785071278.456927,100.0,24875.0,286.79
1785071279.4957602,31.0,1885.0,135.61
1785071280.5336263,100.0,7521.0,201.26
1785071281.5734217,100.0,7847.0,349.79
1785071282.6149545,100.0,7847.0,348.54
1785071283.6530538,100.0,7847.0,345.48
1785071284.6937475,100.0,7847.0,352.93
1785071285.735191,100.0,7847.0,343.19
1785071286.7914965,73.0,3699.0,261.63
1785071287.8317819,100.0,24877.0,263.08
1785071288.8896909,1.0,4533.0,257.44
1785071289.9324026,43.0,2255.0,101.29
1785071290.9693048,100.0,7521.0,255.56
1785071292.0086622,100.0,7847.0,350.89
1785071293.0451543,100.0,7847.0,346.31
1785071294.0856085,100.0,7847.0,349.08
1785071295.1258821,100.0,7847.0,348.8
1785071296.1651897,100.0,7847.0,353.58
1785071297.246115,100.0,24877.0,219.12
1785071298.2893689,100.0,24877.0,290.24
1785071299.328147,100.0,573.0,203.1
1785071300.3643196,43.0,4909.0,97.98
1785071301.4209225,100.0,7847.0,329.27
1785071302.4616845,100.0,7847.0,349.22
1785071303.5020244,100.0,7847.0,344.66
1785071304.5413616,100.0,7847.0,348.75
1785071305.5853765,100.0,7847.0,345.67
1785071306.6255322,100.0,7847.0,348.6
1785071307.6695242,100.0,24875.0,194.4
1785071308.7125983,100.0,24875.0,283.76
1785071309.7671888,93.0,1417.0,166.52
1785071310.8047488,100.0,6789.0,119.83
1785071311.8432262,100.0,7847.0,345.57
1785071312.8815432,100.0,7847.0,350.2
1785071313.9214091,100.0,7847.0,345.8
1785071314.9625163,100.0,7847.0,351.26
1785071316.0014641,100.0,7847.0,350.35
1785071317.045211,72.0,7847.0,303.28
1785071318.0853703,100.0,24877.0,201.65
1785071319.1267157,100.0,24877.0,278.89
1785071320.1649086,24.0,1835.0,131.28
1785071321.2013638,100.0,6159.0,210.56
1785071322.2411494,100.0,6159.0,348.49
1785071323.2797718,100.0,7851.0,205.7
1785071324.3373573,42.0,4195.0,97.67
1785071325.381717,100.0,7521.0,300.8
1785071326.4253418,100.0,7847.0,348.22
1785071327.4685707,100.0,7847.0,349.84
1785071328.5050015,100.0,7847.0,345.31
1785071329.5449326,100.0,7847.0,354.48
1785071330.5854194,100.0,7847.0,348.45
1785071331.6252286,100.0,24877.0,209.7
1785071332.668798,100.0,24877.0,295.54
1785071333.7231967,100.0,815.0,166.36
1785071334.7615168,89.0,6787.0,120.0
1785071335.8019824,100.0,7847.0,348.37
1785071336.8409803,100.0,7847.0,346.91
1785071337.8807693,100.0,7847.0,346.02
1785071338.937922,100.0,7847.0,346.81
1785071339.977181,100.0,7847.0,346.03
1785071341.0171738,71.0,7847.0,318.71
1785071342.0575747,100.0,24875.0,205.97
1785071343.0984979,100.0,24875.0,273.86
1785071344.1412194,25.0,1885.0,137.74
1785071345.1857893,100.0,7521.0,201.73
1785071346.2258897,100.0,7847.0,350.13
1785071347.2652802,100.0,7847.0,344.87
1785071348.305199,100.0,7847.0,349.7
1785071349.3456206,100.0,7847.0,346.35
1785071350.3876603,100.0,7847.0,350.2
1785071351.424699,71.0,3751.0,256.39
1785071352.464804,100.0,24877.0,262.39
1785071353.5041795,18.0,21977.0,235.11
1785071354.5402484,42.0,2067.0,102.18
1785071355.5772069,100.0,6159.0,238.37
1785071356.6171036,70.0,6159.0,320.88
1785071357.656791,80.0,569.0,158.41
1785071358.69702,100.0,8031.0,149.07
1785071359.7381916,100.0,9481.0,348.18
1785071360.777775,100.0,10127.0,345.86
1785071361.816893,100.0,10127.0,346.15
1785071362.8723018,100.0,10127.0,346.12
1785071363.909717,100.0,10127.0,343.25
1785071364.9507458,100.0,10127.0,340.01
1785071365.9901705,100.0,10127.0,348.12
1785071367.0299473,100.0,10127.0,349.08
1785071368.0876758,100.0,10127.0,340.39
1785071369.1255214,100.0,10127.0,345.52
1785071370.1666162,100.0,10127.0,346.32
1785071371.2064493,100.0,10127.0,346.71
1785071372.265212,100.0,40759.0,181.53
1785071373.3059177,100.0,40759.0,297.22
1785071374.34776,100.0,33545.0,252.49
1785071375.390989,100.0,33545.0,266.8
1785071376.428091,100.0,615.0,183.28
1785071377.4683478,42.0,4673.0,100.11
1785071378.5051608,100.0,6159.0,326.01
1785071379.5590842,74.0,1727.0,254.65
1785071380.6007872,37.0,1909.0,161.2
1785071381.6563792,100.0,8031.0,191.94
1785071382.6936653,100.0,9481.0,343.14
1785071383.7375276,100.0,10127.0,345.81
1785071384.7736967,100.0,10127.0,344.35
1785071385.8133967,100.0,10127.0,351.08
1785071386.8725808,100.0,10127.0,347.5
1785071387.9097445,100.0,10127.0,346.42
1785071388.949451,100.0,10127.0,348.74
1785071389.9906566,100.0,10127.0,346.54
1785071391.0289216,100.0,10127.0,347.23
1785071392.0657465,100.0,10127.0,349.95
1785071393.1057441,100.0,10127.0,343.55
1785071394.1455653,75.0,10127.0,317.43
1785071395.1845627,100.0,40759.0,216.91
1785071396.221998,100.0,40759.0,285.42
1785071397.2604852,100.0,33545.0,238.68
1785071398.3015063,100.0,33545.0,270.91
1785071399.340046,100.0,945.0,130.32
1785071400.3774507,78.0,8031.0,143.68
1785071401.4174244,100.0,9481.0,347.75
1785071402.4537814,100.0,10127.0,354.05
1785071403.4934824,100.0,10127.0,341.4
1785071404.533378,100.0,10127.0,336.52
1785071405.573052,100.0,10127.0,343.53
1785071406.6139019,100.0,10127.0,345.36
1785071407.6538348,100.0,10127.0,346.3
1785071408.6935205,100.0,10127.0,351.33
1785071409.752535,100.0,10127.0,346.42
1785071410.7893484,100.0,10127.0,339.63
1785071411.8288715,100.0,10127.0,343.1
1785071412.866272,100.0,10127.0,347.86
1785071413.903838,100.0,40759.0,178.2
1785071414.9404736,100.0,40759.0,295.29
1785071415.979805,100.0,33545.0,265.87
1785071417.040293,100.0,33545.0,261.26
1785071418.0756662,100.0,533.0,171.15
1785071419.1123528,42.0,4193.0,103.65
1785071420.1493948,100.0,6159.0,303.41
1785071421.1883245,65.0,6145.0,258.88
1785071422.2237878,42.0,2027.0,160.16
1785071423.2615685,100.0,6159.0,163.67
1785071424.301722,100.0,6159.0,350.63
1785071425.341239,100.0,7851.0,217.3
1785071426.3763285,42.0,3793.0,114.15
1785071427.4132109,100.0,6159.0,293.2
1785071428.4531722,71.0,6159.0,282.04
1785071429.491814,41.0,2027.0,157.15
1785071430.5294251,100.0,6159.0,165.51
1785071431.569415,100.0,6159.0,347.4
1785071432.611714,100.0,7851.0,213.18
1785071433.6482892,43.0,3219.0,130.6
1785071434.6852198,100.0,9481.0,285.14
1785071435.7247286,100.0,9481.0,346.61
1785071436.7610571,100.0,10127.0,339.68
1785071437.799411,100.0,10127.0,343.86
1785071438.8571422,100.0,10127.0,347.21
1785071439.893858,100.0,10127.0,357.42
1785071440.9523704,100.0,10127.0,349.8
1785071441.9897647,100.0,10127.0,339.37
1785071443.0293362,100.0,10127.0,343.47
1785071444.0671575,100.0,10127.0,348.02
1785071445.1054394,100.0,10127.0,344.08
1785071446.1453056,100.0,10127.0,352.32
1785071447.1840258,99.0,515.0,234.56
1785071448.239496,100.0,40759.0,274.15
1785071449.2912323,100.0,33545.0,251.95
1785071450.333565,100.0,33545.0,279.32
1785071451.368199,45.0,475.0,225.33
1785071452.40822,73.0,687.0,105.4
1785071453.4454691,100.0,8351.0,215.48
1785071454.4897518,100.0,9481.0,345.1
1785071455.5477102,100.0,10127.0,341.89
1785071456.5848615,100.0,10127.0,346.89
1785071457.6210954,100.0,10127.0,350.26
1785071458.6574972,100.0,10127.0,342.46
1785071459.69699,100.0,10127.0,357.61
1785071460.7336018,100.0,10127.0,346.23
1785071461.7749684,100.0,10127.0,348.84
1785071462.831761,100.0,10127.0,343.96
1785071463.8694954,100.0,10127.0,341.78
1785071464.909499,100.0,10127.0,348.21
1785071465.9497516,71.0,10127.0,301.43
1785071466.9884667,100.0,40759.0,230.54
1785071468.0258174,100.0,40759.0,284.22
1785071469.0709736,100.0,33545.0,242.15
1785071470.1129863,100.0,33545.0,266.95
1785071471.1566374,95.0,1987.0,106.23
1785071472.1927898,100.0,6159.0,168.43
1785071473.256242,100.0,6159.0,346.62
1785071474.2945073,100.0,7851.0,219.79
1785071475.332339,43.0,4053.0,116.25
1785071476.36938,100.0,6159.0,330.03
1785071477.4275599,70.0,4621.0,268.67
1785071478.4826934,30.0,1835.0,152.29
1785071479.5214505,100.0,6159.0,165.73
1785071480.5612698,100.0,6159.0,351.29
1785071481.6014106,100.0,7851.0,222.65
1785071482.6443136,43.0,4513.0,113.03
1785071483.681309,100.0,6159.0,329.21
1785071484.7205007,70.0,3981.0,275.54
1785071485.7567217,31.0,1835.0,156.63
1785071486.793144,100.0,6159.0,190.53
1785071487.8368435,100.0,6159.0,349.04
1785071488.8717444,76.0,7851.0,194.1
1785071489.9082465,43.0,4515.0,99.46
1785071490.945265,100.0,6159.0,305.5
1785071491.9845803,51.0,4941.0,252.13
1785071493.0238621,42.0,1831.0,159.08
1785071494.061315,100.0,6159.0,183.74
1785071495.1012146,100.0,6159.0,349.16
1785071496.142908,100.0,7851.0,213.31
1785071497.1802475,43.0,4179.0,114.68
1785071498.2175064,100.0,6159.0,303.89
1785071499.2713854,75.0,4101.0,245.44
1785071500.3075542,38.0,1835.0,159.96
1785071501.345453,100.0,6159.0,164.28
1785071502.3853097,100.0,6159.0,350.81
1785071503.4269438,100.0,7851.0,217.04
1785071504.483279,43.0,4555.0,102.11
1785071505.5213647,100.0,6159.0,307.96
1785071506.5604157,84.0,3027.0,250.56
1785071507.5956726,29.0,1835.0,154.93
1785071508.6332176,100.0,6159.0,163.02
1785071509.6733747,100.0,6159.0,349.73
1785071510.7079773,100.0,7851.0,225.44
1785071511.7443416,43.0,3873.0,99.29
1785071512.8202355,100.0,6159.0,304.42
1785071513.8565848,75.0,4461.0,254.36
1785071514.8925512,37.0,1831.0,159.7
1785071515.9291546,100.0,6159.0,164.23
1785071516.9728382,100.0,6159.0,351.43
1785071518.0275257,100.0,7851.0,214.5
1785071519.083175,42.0,4039.0,98.76
1785071520.1212952,100.0,6159.0,283.47
1785071521.1607225,71.0,5375.0,268.23
1785071522.21557,41.0,1833.0,161.22
1785071523.276269,100.0,6159.0,183.24
1785071524.3134937,100.0,6159.0,347.8
1785071525.352504,100.0,7851.0,203.67
1785071526.3883133,42.0,3813.0,111.82
1785071527.429565,100.0,6159.0,283.77
1785071528.4690683,70.0,6159.0,267.26
1785071529.5078132,42.0,2027.0,150.89
1785071530.5453548,100.0,6159.0,146.34
1785071531.5856788,100.0,6159.0,350.21
1785071532.6250932,100.0,7851.0,222.75
1785071533.6643121,43.0,3233.0,110.51
1785071534.7052765,100.0,6159.0,280.22
1785071535.7449164,72.0,6159.0,280.66
1785071536.7841651,43.0,1825.0,160.18
1785071537.8210373,100.0,6159.0,148.8
1785071538.8615952,100.0,6159.0,352.14
1785071539.9029927,100.0,7851.0,209.59
1785071540.9402714,43.0,2653.0,113.07
1785071541.9771938,100.0,6159.0,260.95
1785071543.0170045,71.0,6159.0,310.49
1785071544.056066,39.0,1203.0,156.8
1785071545.0931385,100.0,6159.0,145.2
1785071546.133381,100.0,6159.0,348.57
1785071547.174184,100.0,7851.0,220.46
1785071548.2162445,42.0,2133.0,143.44
1785071549.2531497,100.0,6159.0,258.79
1785071550.2933054,72.0,6159.0,323.04
1785071551.3362606,40.0,569.0,157.28
1785071552.3733666,100.0,6789.0,143.44
1785071553.4329116,100.0,7847.0,346.34
1785071554.488343,100.0,7847.0,349.29
1785071555.525599,100.0,7847.0,343.38
1785071556.565571,100.0,7847.0,349.58
1785071557.6052067,100.0,7847.0,346.97
1785071558.6458266,71.0,7847.0,281.1
1785071559.7040355,100.0,24877.0,241.84
1785071560.739964,90.0,24877.0,269.58
1785071561.7950144,69.0,843.0,111.98
1785071562.8332539,100.0,6161.0,232.89
1785071563.8727508,100.0,6161.0,351.33
1785071564.9083025,44.0,493.0,168.51
1785071565.9645278,86.0,6789.0,120.1
1785071567.000876,100.0,7847.0,350.11
1785071568.0373297,100.0,7847.0,350.35
1785071569.0767324,100.0,7847.0,344.88
1785071570.114317,100.0,7847.0,348.8
1785071571.1534905,100.0,7847.0,341.46
1785071572.1934583,89.0,7847.0,328.69
1785071573.2326722,100.0,24877.0,225.46
1785071574.2744904,100.0,24877.0,278.75
1785071575.3116906,45.0,1909.0,143.69
1785071576.368227,100.0,8031.0,185.82
1785071577.4055521,100.0,9481.0,349.55
1785071578.444361,100.0,10127.0,348.2
1785071579.4817643,100.0,10127.0,354.71
1785071580.5405917,100.0,10127.0,340.24
1785071581.5782242,100.0,10127.0,334.85
1785071582.621574,100.0,10127.0,345.24
1785071583.6598165,100.0,10127.0,347.7
1785071584.6966677,100.0,10127.0,348.52
1785071585.7332325,100.0,10127.0,351.8
1785071586.7730196,100.0,10127.0,349.25
1785071587.8131547,100.0,10127.0,342.86
1785071588.8532774,84.0,10127.0,315.0
1785071589.8922954,100.0,40759.0,184.3
1785071590.9282777,100.0,40759.0,302.52
1785071591.9707427,100.0,33545.0,232.04
1785071593.0083976,100.0,33545.0,272.84
1785071594.043763,100.0,861.0,142.13
1785071595.0856109,45.0,6073.0,104.98
1785071596.1258628,100.0,6159.0,350.95
1785071597.1708093,75.0,7851.0,232.26
1785071598.2081625,45.0,761.0,160.68
1785071599.2453384,100.0,6159.0,230.74
1785071600.2853827,100.0,6159.0,355.07
1785071601.323998,79.0,471.0,160.8
1785071602.3642602,41.0,5043.0,96.85
1785071603.4011142,100.0,6159.0,307.87
1785071604.4400804,82.0,1189.0,247.63
1785071605.476011,37.0,1909.0,159.47
1785071606.513128,100.0,8031.0,191.72
1785071607.552612,100.0,9481.0,339.58
1785071608.5910554,100.0,10127.0,349.65
1785071609.629698,100.0,10127.0,344.43
1785071610.6737785,100.0,10127.0,349.94
1785071611.7137046,100.0,10127.0,348.09
1785071612.7536936,100.0,10127.0,347.42
1785071613.794539,100.0,10127.0,339.41
1785071614.8357394,100.0,10127.0,351.32
1785071615.8738575,100.0,10127.0,345.19
1785071616.9133246,100.0,10127.0,344.71
1785071617.9530284,100.0,10127.0,342.17
1785071618.9971964,96.0,10127.0,337.81
1785071620.0372598,100.0,40759.0,202.12
1785071621.0827348,100.0,40759.0,296.84
1785071622.1272428,100.0,33545.0,231.03
1785071623.1649733,100.0,33545.0,288.72
1785071624.2040753,100.0,909.0,153.49
1785071625.2415404,83.0,6159.0,126.69
1785071626.2810206,100.0,6159.0,349.45
1785071627.3236923,100.0,7851.0,226.3
1785071628.36399,67.0,1061.0,147.95
1785071629.4011838,100.0,6159.0,211.54
1785071630.436769,100.0,6159.0,349.8
1785071631.4717903,65.0,491.0,171.55
1785071632.5122674,40.0,5537.0,94.0
1785071633.5492866,100.0,6159.0,331.18
1785071634.592788,90.0,7851.0,245.15
1785071635.6511238,38.0,1545.0,163.42
1785071636.6894803,100.0,8351.0,195.14
1785071637.7256107,100.0,9481.0,348.03
1785071638.766225,100.0,10127.0,348.83
1785071639.8065743,100.0,10127.0,343.66
1785071640.8455176,100.0,10127.0,352.09
1785071641.885257,100.0,10127.0,345.13
1785071642.9250672,100.0,10127.0,340.53
1785071643.961878,100.0,10127.0,342.84
1785071645.0026712,100.0,10127.0,348.28
1785071646.0415318,100.0,10127.0,349.26
1785071647.0812795,100.0,10127.0,351.75
1785071648.1214066,100.0,10127.0,340.18
1785071649.1653671,71.0,10127.0,299.85
1785071650.2047875,100.0,40759.0,217.14
1785071651.2472045,100.0,40759.0,304.56
1785071652.2849784,100.0,33545.0,231.48
1785071653.3291612,100.0,33545.0,281.14
1785071654.3722622,100.0,1497.0,137.62
1785071655.4134557,100.0,6159.0,147.6
1785071656.4538171,100.0,6159.0,351.94
1785071657.5194278,100.0,7851.0,220.94
1785071658.5563445,42.0,3375.0,128.17
1785071659.5933022,100.0,7521.0,272.42
1785071660.633949,100.0,7847.0,348.88
1785071661.6738317,100.0,7847.0,351.77
1785071662.7135234,100.0,7847.0,344.09
1785071663.754526,100.0,7847.0,355.3
1785071664.7941942,100.0,7847.0,347.79
1785071665.836634,100.0,24877.0,217.99
1785071666.8751483,100.0,24877.0,284.78
1785071667.9117815,100.0,513.0,192.23
1785071668.949587,41.0,5891.0,97.4
1785071669.9899876,100.0,6161.0,323.92
1785071671.0320685,82.0,7851.0,235.36
1785071672.0681295,28.0,1653.0,161.9
1785071673.105131,100.0,6161.0,213.62
1785071674.1491292,100.0,6161.0,347.89
1785071675.1841364,82.0,397.0,198.23
1785071676.2207413,40.0,5623.0,97.21
1785071677.2573495,100.0,7847.0,328.92
1785071678.2929971,100.0,7847.0,351.23
1785071679.3336978,100.0,7847.0,345.43
1785071680.373106,100.0,7847.0,349.46
1785071681.4127986,100.0,7847.0,345.33
1785071682.450018,100.0,7847.0,351.56
1785071683.4885383,100.0,24877.0,200.1
1785071684.525363,100.0,24877.0,271.85
1785071685.5687869,70.0,1907.0,167.62
1785071686.605158,100.0,6161.0,162.62
1785071687.6450274,100.0,6161.0,347.27
1785071688.68868,100.0,7851.0,219.63
1785071689.728291,42.0,2561.0,131.96
1785071690.7651992,100.0,6161.0,259.71
1785071691.808825,69.0,6161.0,300.51
1785071692.8481836,40.0,1107.0,160.98
1785071693.9041944,100.0,6161.0,141.85
1785071694.9412467,100.0,6161.0,350.81
1785071695.9842176,100.0,7851.0,225.78
1785071697.0431652,42.0,2109.0,130.57
1785071698.0814123,100.0,6161.0,238.12
1785071699.1210978,66.0,6161.0,322.48
1785071700.1602743,100.0,653.0,158.05
1785071701.1976936,100.0,6789.0,141.51
1785071702.2381542,100.0,7847.0,350.22
1785071703.2775338,100.0,7847.0,348.89
1785071704.3173892,100.0,7847.0,345.95
1785071705.3582485,100.0,7847.0,348.91
1785071706.3976412,100.0,7847.0,342.94
1785071707.4371774,71.0,7847.0,301.47
1785071708.4767475,100.0,24877.0,212.06
1785071709.5178106,100.0,24877.0,269.25
1785071710.560869,22.0,1835.0,137.33
1785071711.597555,100.0,6159.0,212.15
1785071712.6372356,100.0,6159.0,344.22
1785071713.6762896,88.0,399.0,196.7
1785071714.731297,41.0,5277.0,100.01
1785071715.7693737,100.0,6159.0,326.82
1785071716.808264,92.0,681.0,235.51
1785071717.8712752,74.0,1203.0,160.88
1785071718.910853,100.0,7521.0,236.56
1785071719.9496455,100.0,7847.0,349.96
1785071720.9896438,100.0,7847.0,346.48
1785071722.031479,100.0,7847.0,351.23
1785071723.0693471,100.0,7847.0,351.15
1785071724.1092565,100.0,7847.0,349.05
1785071725.1480896,75.0,24877.0,220.27
1785071726.1885555,100.0,24877.0,289.62
1785071727.2240217,100.0,573.0,217.87
1785071728.2603405,42.0,3715.0,100.91
1785071729.2971568,100.0,6161.0,302.78
1785071730.3409884,68.0,6161.0,280.08
1785071731.399462,27.0,1883.0,159.72
1785071732.4564016,100.0,7521.0,190.76
1785071733.493042,100.0,7847.0,351.05
1785071734.5338545,100.0,7847.0,345.42
1785071735.5734062,100.0,7847.0,353.68
1785071736.6130686,100.0,7847.0,350.56
1785071737.655243,100.0,7847.0,345.52
1785071738.692563,91.0,2953.0,256.55
1785071739.728838,100.0,24877.0,262.47
1785071740.7651029,21.0,18885.0,248.91
1785071741.804482,43.0,3121.0,104.73
1785071742.8414357,100.0,7521.0,278.64
1785071743.8831913,100.0,7847.0,347.18
1785071744.941037,100.0,7847.0,350.27
1785071745.981951,100.0,7847.0,346.19
1785071747.02364,100.0,7847.0,349.14
1785071748.0615253,100.0,7847.0,350.77
1785071749.1433277,100.0,24877.0,214.61
1785071750.1810644,100.0,24877.0,295.2
1785071751.2161791,100.0,597.0,183.73
1785071752.2535975,87.0,6789.0,122.32
1785071753.314109,100.0,7847.0,349.34
1785071754.3543122,100.0,7847.0,347.78
1785071755.3938615,100.0,7847.0,344.11
1785071756.4329593,100.0,7847.0,347.86
1785071757.4686909,100.0,7847.0,345.53
1785071758.5047185,68.0,7847.0,306.08
1785071759.5439398,100.0,24877.0,214.53
1785071760.5810924,100.0,24877.0,269.08
1785071761.624278,72.0,783.0,139.69
1785071762.6618955,100.0,7521.0,215.82
1785071763.7011764,100.0,7847.0,353.27
1785071764.7417917,100.0,7847.0,344.9
1785071765.7803886,100.0,7847.0,355.16
1785071766.8207347,100.0,7847.0,348.37
1785071767.856947,100.0,7847.0,346.73
1785071768.910801,78.0,24877.0,228.62
1785071769.9516485,100.0,24877.0,281.88
1785071770.9877756,100.0,529.0,218.81
1785071772.0283449,42.0,4455.0,103.65
1785071773.084344,100.0,7847.0,320.98
1785071774.1214068,100.0,7847.0,347.16
1785071775.1623852,100.0,7847.0,348.3
1785071776.2011378,100.0,7847.0,346.65
1785071777.2410848,100.0,7847.0,351.6
1785071778.285325,100.0,7847.0,348.36
1785071779.3286047,100.0,24877.0,211.53
1785071780.3700373,100.0,24877.0,274.45
1785071781.4080262,100.0,923.0,167.8
1785071782.4448586,96.0,6161.0,119.67
1785071783.481569,100.0,6161.0,348.72
1785071784.5224924,100.0,7851.0,226.07
1785071785.5833344,43.0,2715.0,133.55
1785071786.6254542,100.0,7521.0,258.35
1785071787.6644168,100.0,7847.0,353.1
1785071788.701363,100.0,7847.0,348.47
1785071789.7414558,100.0,7847.0,346.52
1785071790.7776284,100.0,7847.0,349.71
1785071791.8175967,100.0,7847.0,345.07
1785071792.8580348,100.0,24877.0,222.47
1785071793.9003427,100.0,24877.0,280.99
1785071794.9361136,100.0,513.0,202.48
1785071795.9925363,41.0,5889.0,95.64
1785071797.0294785,100.0,6159.0,321.02
1785071798.0718331,74.0,7851.0,237.63
1785071799.1268141,36.0,397.0,148.72
1785071800.1651251,100.0,6159.0,219.39
1785071801.2056713,100.0,6159.0,349.86
1785071802.2438774,43.0,471.0,188.35
1785071803.281494,65.0,6075.0,117.25
1785071804.3217359,100.0,6161.0,349.29
1785071805.359706,73.0,7851.0,226.06
1785071806.3998704,51.0,413.0,160.66
1785071807.4366415,100.0,6159.0,207.34
1785071808.4773524,100.0,6159.0,347.28
1785071809.515965,40.0,471.0,166.58
1785071810.5532043,41.0,5973.0,118.45
1785071811.5938828,100.0,6161.0,353.51
1785071812.6335788,87.0,7851.0,234.58
1785071813.6761205,76.0,541.0,160.1
1785071814.713231,100.0,6159.0,210.78
1785071815.7539136,100.0,6159.0,349.08
1785071816.7919765,48.0,471.0,164.99
1785071817.8293564,40.0,6075.0,96.23
1785071818.8695598,100.0,6161.0,352.7
1785071819.9095533,74.0,7851.0,238.82
1785071820.9483423,68.0,1543.0,141.94
1785071822.0049944,100.0,7521.0,233.64
1785071823.0600092,100.0,7847.0,348.32
1785071824.097589,100.0,7847.0,351.43
1785071825.1386428,100.0,7847.0,347.35
1785071826.1779222,100.0,7847.0,348.51
1785071827.2177432,100.0,7847.0,345.72
1785071828.2557838,100.0,24877.0,224.04
1785071829.2957847,100.0,24877.0,282.5
1785071830.336505,100.0,633.0,215.68
1785071831.3761377,44.0,4675.0,98.75
1785071832.413047,100.0,6161.0,308.69
1785071833.4519846,90.0,2223.0,257.58
1785071834.4927342,23.0,1835.0,156.85
1785071835.5334842,100.0,6161.0,190.3
1785071836.5734546,100.0,6161.0,347.33
1785071837.612519,96.0,7671.0,205.24
1785071838.6484022,44.0,4485.0,96.64
1785071839.6877615,100.0,6161.0,307.56
1785071840.7245977,70.0,3723.0,279.34
1785071841.7787545,32.0,1835.0,152.1
1785071842.8171766,100.0,6161.0,173.66
1785071843.8568807,100.0,6161.0,350.23
1785071844.895906,100.0,7851.0,208.26
1785071845.9363294,42.0,4721.0,110.27
1785071846.9734936,100.0,7847.0,322.26
1785071848.0131419,100.0,7847.0,345.45
1785071849.0530212,100.0,7847.0,346.8
1785071850.092924,100.0,7847.0,343.11
1785071851.1296294,100.0,7847.0,347.21
1785071852.1693048,100.0,7847.0,349.11
1785071853.2131126,100.0,24877.0,209.71
1785071854.250164,100.0,24877.0,287.33
1785071855.2921104,88.0,1389.0,165.34
1785071856.3290114,100.0,6555.0,119.87
1785071857.3693047,100.0,6721.0,349.1
1785071858.4089296,100.0,6721.0,350.22
1785071859.4488673,68.0,6721.0,288.54
1785071860.486661,100.0,12843.0,211.75
1785071861.524339,60.0,923.0,138.3
1785071862.5650086,100.0,7521.0,234.36
1785071863.6051118,100.0,7847.0,348.71
1785071864.6456535,100.0,7847.0,345.45
1785071865.6865761,100.0,7847.0,348.94
1785071866.729292,100.0,7847.0,345.89
1785071867.7652657,100.0,7847.0,356.39
1785071868.8038564,87.0,24875.0,235.27
1785071869.8437405,100.0,24875.0,282.25
1785071870.8797836,100.0,531.0,220.38
1785071871.920313,42.0,4557.0,100.63
1785071872.9570436,100.0,6161.0,314.59
1785071873.992421,72.0,3183.0,259.91
1785071875.0314202,26.0,1217.0,159.19
1785071876.0731807,100.0,6161.0,212.54
1785071877.113382,100.0,6161.0,351.97
1785071878.151659,40.0,397.0,165.89
1785071879.1908076,40.0,6789.0,96.67
1785071880.229182,100.0,7847.0,351.01
1785071881.2734215,100.0,7847.0,351.42
1785071882.3139753,100.0,7847.0,343.17
1785071883.3530796,100.0,7847.0,356.87
1785071884.393294,100.0,7847.0,349.08
1785071885.4331386,88.0,7847.0,326.4
1785071886.4773529,100.0,24877.0,207.96
1785071887.5225575,100.0,24877.0,283.45
1785071888.56002,45.0,1835.0,147.44
1785071889.5968473,100.0,6159.0,182.94
1785071890.652634,100.0,6159.0,349.82
1785071891.6884155,100.0,7851.0,206.0
1785071892.724312,43.0,4095.0,114.28
1785071893.7612717,100.0,6159.0,308.31
1785071894.7965872,71.0,6145.0,278.23
1785071895.8364384,39.0,2057.0,162.2
1785071896.8732727,100.0,7517.0,165.05
1785071897.9134908,100.0,7847.0,347.63
1785071898.954185,100.0,7847.0,348.06
1785071899.993636,100.0,7847.0,354.17
1785071901.0332575,100.0,7847.0,344.9
1785071902.073506,100.0,7847.0,353.44
1785071903.116874,68.0,7847.0,292.4
1785071904.1557665,100.0,24875.0,236.86
1785071905.1918526,100.0,24875.0,274.1
1785071906.2322233,42.0,1949.0,102.18
1785071907.289695,100.0,7521.0,248.79
1785071908.328828,100.0,7847.0,347.99
1785071909.364755,100.0,7847.0,351.9
1785071910.4014506,100.0,7847.0,345.86
1785071911.4412274,100.0,7847.0,351.69
1785071912.4814537,100.0,7847.0,353.86
1785071913.5197852,76.0,24877.0,216.42
1785071914.562053,100.0,24877.0,291.92
1785071915.619178,100.0,633.0,202.69
1785071916.6793213,43.0,4985.0,97.89
1785071917.7173953,100.0,6161.0,329.29
1785071918.775109,85.0,479.0,256.82
1785071919.812756,33.0,1885.0,152.95
1785071920.849359,100.0,7521.0,191.37
1785071921.8889751,100.0,7847.0,346.82
1785071922.9259095,100.0,7847.0,348.07
1785071923.965738,100.0,7847.0,346.64
1785071925.0052953,100.0,7847.0,356.37
1785071926.0460536,100.0,7847.0,342.6
1785071927.0845432,71.0,4037.0,252.28
1785071928.1248438,100.0,24877.0,268.1
1785071929.160135,1.0,24045.0,254.81
1785071930.200453,43.0,2935.0,100.24
1785071931.237497,100.0,7521.0,301.11
1785071932.2771113,100.0,7847.0,348.82
1785071933.3177702,100.0,7847.0,345.24
1785071934.357541,100.0,7847.0,349.73
1785071935.3973181,100.0,7847.0,346.14
1785071936.433198,100.0,7847.0,351.56
1785071937.4735923,100.0,24877.0,218.63
1785071938.537358,100.0,24877.0,286.75
1785071939.5758314,100.0,513.0,197.9
1785071940.6174855,49.0,5891.0,112.79
1785071941.657106,100.0,6161.0,342.49
1785071942.6997542,92.0,7851.0,236.69
1785071943.7397773,47.0,1261.0,158.73
1785071944.781462,100.0,6161.0,206.53
1785071945.825506,100.0,6161.0,347.84
1785071946.8637972,41.0,397.0,183.68
1785071947.9042566,43.0,4999.0,93.72
1785071948.9454267,100.0,6161.0,328.51
1785071949.9841726,83.0,417.0,252.7
1785071951.0437946,35.0,1885.0,152.55
1785071952.0812802,100.0,7521.0,202.37
1785071953.1206381,100.0,7847.0,345.33
1785071954.1569593,100.0,7847.0,348.43
1785071955.1977828,100.0,7847.0,347.27
1785071956.2376983,100.0,7847.0,353.95
1785071957.2737129,100.0,7847.0,347.35
1785071958.3119655,95.0,493.0,238.62
1785071959.3490376,100.0,24877.0,278.38
1785071960.3880894,6.0,489.0,246.57
1785071961.42837,43.0,2699.0,100.92
1785071962.4652817,100.0,6159.0,261.92
1785071963.5053682,68.0,6159.0,300.41
1785071964.5485647,37.0,1369.0,157.73
1785071965.6244035,100.0,7521.0,188.04
1785071966.6613393,100.0,7847.0,347.1
1785071967.7028482,100.0,7847.0,351.3
1785071968.7420268,100.0,7847.0,350.66
1785071969.781763,100.0,7847.0,348.46
1785071970.8218386,100.0,7847.0,348.94
1785071971.860785,69.0,7427.0,276.49
1785071972.8985505,100.0,24877.0,245.8
1785071973.935807,54.0,24877.0,261.15
1785071974.972313,61.0,1529.0,106.69
1785071976.0090785,100.0,6161.0,255.45
1785071977.0491986,86.0,6161.0,325.91
1785071978.0881822,100.0,633.0,164.25
1785071979.1252372,83.0,6161.0,125.34
1785071980.16544,100.0,6161.0,349.79
1785071981.2025492,74.0,7851.0,229.12
1785071982.2403147,43.0,1923.0,145.83
1785071983.2771935,100.0,7521.0,233.96
1785071984.3172753,100.0,7847.0,349.99
1785071985.357905,100.0,7847.0,351.05
1785071986.3975399,100.0,7847.0,348.08
1785071987.4373627,100.0,7847.0,349.38
1785071988.473374,100.0,7847.0,345.37
1785071989.5117395,100.0,24877.0,226.37
1785071990.5528488,100.0,24877.0,283.21
1785071991.5886395,100.0,629.0,209.49
1785071992.628256,44.0,4675.0,99.42
1785071993.665708,100.0,6161.0,306.62
1785071994.704229,80.0,2769.0,256.46
1785071995.7399626,30.0,1835.0,148.79
1785071996.7774227,100.0,6161.0,165.13
1785071997.8174675,100.0,6161.0,351.51
1785071998.859509,100.0,7851.0,204.88
1785071999.8962774,43.0,4577.0,98.46
1785072000.9721453,100.0,7847.0,305.55
1785072002.0092177,100.0,7847.0,349.67
1785072003.0452554,100.0,7847.0,347.45
1785072004.0848317,100.0,7847.0,345.38
1785072005.1217213,100.0,7847.0,348.35
1785072006.1620858,100.0,7847.0,350.1
1785072007.2018468,100.0,24877.0,214.45
1785072008.2445545,100.0,24877.0,279.49
1785072009.2800806,100.0,1273.0,170.58
1785072010.3174403,100.0,6787.0,148.76
1785072011.354733,100.0,7847.0,354.49
1785072012.3931053,100.0,7847.0,348.44
1785072013.4332461,100.0,7847.0,348.04
1785072014.472917,100.0,7847.0,350.27
1785072015.509419,100.0,7847.0,345.17
1785072016.5493765,69.0,7847.0,324.24
1785072017.592325,100.0,24875.0,226.71
1785072018.6331472,100.0,24875.0,284.54
1785072019.6718564,33.0,823.0,136.64
1785072020.7092254,100.0,6159.0,213.51
1785072021.7845616,100.0,6159.0,352.18
1785072022.8387802,62.0,471.0,171.39
1785072023.8818111,41.0,5971.0,97.54
1785072024.921434,100.0,6159.0,349.88
1785072025.959715,95.0,7851.0,233.66
1785072026.9958925,63.0,1163.0,159.15
1785072028.0337467,100.0,6159.0,212.05
1785072029.096229,100.0,6159.0,345.27
1785072030.1321805,40.0,471.0,186.35
1785072031.1689928,41.0,6789.0,96.79
1785072032.2056246,100.0,7847.0,353.79
1785072033.2455642,100.0,7847.0,348.63
1785072034.2852716,100.0,7847.0,348.33
1785072035.321276,100.0,7847.0,350.39
1785072036.361725,100.0,7847.0,345.05
1785072037.4261444,92.0,7847.0,337.24
1785072038.4706728,100.0,24877.0,192.93
1785072039.5152233,100.0,24877.0,280.36
1785072040.5517771,41.0,2027.0,149.39
1785072041.5896242,100.0,6159.0,185.8
1785072042.6291344,100.0,6159.0,348.7
1785072043.6673853,100.0,7851.0,215.12
1785072044.7043264,43.0,3493.0,114.03
1785072045.7411885,100.0,6159.0,284.74
1785072046.7812374,70.0,6159.0,270.38
1785072047.8436277,42.0,2027.0,154.41
1785072048.8810792,100.0,6159.0,165.8
1785072049.917054,100.0,6159.0,346.49
1785072050.9615827,100.0,7851.0,229.82
1785072052.0043094,43.0,2981.0,118.45
1785072053.0605829,100.0,7521.0,273.03
1785072054.0992646,100.0,7847.0,348.86
1785072055.1377006,100.0,7847.0,354.83
1785072056.1772442,100.0,7847.0,343.46
1785072057.2209563,100.0,7847.0,350.44
1785072058.2613127,100.0,7847.0,341.17
1785072059.319695,100.0,24875.0,219.66
1785072060.3808877,100.0,24875.0,292.09
1785072061.415798,100.0,583.0,189.04
1785072062.4542174,41.0,8031.0,96.1
1785072063.4942017,100.0,9481.0,350.27
1785072064.5526989,100.0,10127.0,348.43
1785072065.5893617,100.0,10127.0,343.89
1785072066.6289926,100.0,10127.0,350.72
1785072067.6687708,100.0,10127.0,343.8
1785072068.7050843,100.0,10127.0,347.27
1785072069.7455294,100.0,10127.0,345.63
1785072070.78573,100.0,10127.0,344.12
1785072071.8257873,100.0,10127.0,346.91
1785072072.8656917,100.0,10127.0,345.92
1785072073.9074771,100.0,10127.0,345.63
1785072074.946991,100.0,10127.0,349.94
1785072076.0042453,100.0,40759.0,207.76
1785072077.0419393,100.0,40759.0,295.36
1785072078.0842102,100.0,33545.0,249.28
1785072079.1250725,100.0,33545.0,263.74
1785072080.1639173,100.0,515.0,201.2
1785072081.2003365,43.0,4549.0,100.23
1785072082.2379181,100.0,7847.0,308.93
1785072083.317768,100.0,7847.0,349.09
1785072084.377943,100.0,7847.0,346.61
1785072085.4172015,100.0,7847.0,354.36
1785072086.457612,100.0,7847.0,347.04
1785072087.49706,100.0,7847.0,347.78
1785072088.5362754,100.0,24877.0,206.57
1785072089.577234,100.0,24877.0,283.89
1785072090.6162276,91.0,1321.0,167.25
1785072091.6724749,100.0,7517.0,168.11
1785072092.728727,100.0,7847.0,347.41
1785072093.7650595,100.0,7847.0,349.91
1785072094.8016176,100.0,7847.0,344.53
1785072095.84154,100.0,7847.0,351.96
1785072096.881665,100.0,7847.0,347.62
1785072097.9211752,72.0,7847.0,278.88
1785072098.9651513,100.0,24877.0,245.2
1785072100.0038412,84.0,24877.0,264.94
1785072101.0443137,65.0,949.0,108.59
1785072102.08094,100.0,7521.0,236.51
1785072103.1173186,100.0,7847.0,349.46
1785072104.1528144,100.0,7847.0,348.25
1785072105.1906776,100.0,7847.0,350.1
1785072106.2296555,100.0,7847.0,347.26
1785072107.2693694,100.0,7847.0,352.71
1785072108.3117332,92.0,24877.0,220.61
1785072109.3518736,100.0,24877.0,272.54
1785072110.392337,100.0,529.0,224.97
1785072111.4284487,42.0,4515.0,107.07
1785072112.465442,100.0,7847.0,348.31
1785072113.5051267,100.0,7847.0,349.23
1785072114.5457933,100.0,7847.0,350.04
1785072115.5851345,100.0,7847.0,346.11
1785072116.6252534,100.0,7847.0,353.67
1785072117.665513,100.0,7847.0,346.27
1785072118.707721,100.0,24877.0,210.83
1785072119.7500074,100.0,24877.0,295.73
1785072120.7922528,100.0,993.0,166.04
1785072121.8293633,87.0,6789.0,118.89
1785072122.8685524,100.0,7847.0,348.49
1785072123.9051888,100.0,7847.0,348.6
1785072124.9411938,100.0,7847.0,345.87
1785072125.9779024,100.0,7847.0,348.11
1785072127.0169349,100.0,7847.0,345.22
1785072128.0529532,92.0,7847.0,317.07
1785072129.0884247,100.0,24877.0,202.7
1785072130.1287322,100.0,24877.0,268.89
1785072131.1676834,29.0,1885.0,140.26
1785072132.2051249,100.0,7521.0,192.59
1785072133.241741,100.0,7847.0,347.53
1785072134.2810955,100.0,7847.0,349.63
1785072135.321087,100.0,7847.0,350.19
1785072136.3615222,100.0,7847.0,346.59
1785072137.4218526,100.0,7847.0,347.42
1785072138.4606915,70.0,5805.0,244.7
1785072139.4965298,100.0,24877.0,258.71
1785072140.5315673,71.0,24877.0,253.85
1785072141.5683463,43.0,2455.0,101.23
1785072142.6052964,100.0,7521.0,261.45
1785072143.6452937,100.0,7847.0,350.94
1785072144.6853693,100.0,7847.0,346.85
1785072145.7212129,100.0,7847.0,350.11
1785072146.758456,100.0,7847.0,347.62
1785072147.7975338,100.0,7847.0,348.32
1785072148.8386216,100.0,24877.0,223.11
1785072149.8779948,100.0,24877.0,276.48
1785072150.915644,100.0,515.0,208.97
1785072151.954206,78.0,6789.0,120.42
1785072152.9932482,100.0,7847.0,355.05
1785072154.0484536,100.0,7847.0,348.71
1785072155.0851445,100.0,7847.0,349.24
1785072156.1254883,100.0,7847.0,351.47
1785072157.1653063,100.0,7847.0,345.01
1785072158.2052898,94.0,7847.0,342.93
1785072159.2503767,100.0,24877.0,202.65
1785072160.2898014,100.0,24877.0,279.63
1785072161.32847,41.0,1835.0,149.26
1785072162.3651857,100.0,6161.0,185.14
1785072163.405415,100.0,6161.0,348.85
1785072164.4468045,100.0,7851.0,202.82
1785072165.503615,43.0,4575.0,109.69
1785072166.5412104,100.0,7847.0,330.88
1785072167.5812685,100.0,7847.0,343.04
1785072168.6215746,100.0,7847.0,354.88
1785072169.6615694,100.0,7847.0,349.32
1785072170.701843,100.0,7847.0,348.38
1785072171.7424004,100.0,7847.0,349.81
1785072172.784005,100.0,24877.0,199.55
1785072173.8257272,100.0,24877.0,288.26
1785072174.8641021,97.0,943.0,166.36
1785072175.901519,100.0,6161.0,120.51
1785072176.9420235,100.0,6161.0,349.27
1785072177.9822078,100.0,7851.0,224.39
1785072179.0203354,42.0,2521.0,149.59
1785072180.057761,100.0,9481.0,270.56
1785072181.0979927,100.0,9481.0,348.3
1785072182.1374571,100.0,10127.0,346.21
1785072183.1787915,100.0,10127.0,342.83
1785072184.21736,100.0,10127.0,345.26
1785072185.2764587,100.0,10127.0,345.14
1785072186.3133786,100.0,10127.0,348.02
1785072187.3537803,100.0,10127.0,347.79
1785072188.4128275,100.0,10127.0,346.11
1785072189.4515991,100.0,10127.0,345.12
1785072190.4903688,100.0,10127.0,344.95
1785072191.529365,100.0,10127.0,342.57
1785072192.5673125,96.0,473.0,232.31
1785072193.604353,100.0,40759.0,252.28
1785072194.7106168,100.0,33545.0,258.32
1785072195.7532678,100.0,33545.0,262.93
1785072196.7879946,5.0,473.0,230.27
1785072197.824333,41.0,669.0,113.58
1785072198.862876,100.0,7521.0,233.57
1785072199.9009953,100.0,7847.0,345.29
1785072200.9413311,100.0,7847.0,352.72
1785072201.9822812,100.0,7847.0,347.89
1785072203.0210621,100.0,7847.0,346.99
1785072204.0614984,100.0,7847.0,347.38
1785072205.104066,95.0,641.0,235.56
1785072206.1435914,100.0,24875.0,279.26
1785072207.1840901,66.0,491.0,242.52
1785072208.2243276,43.0,3935.0,101.31
1785072209.2614017,100.0,7521.0,306.5
1785072210.301291,100.0,7847.0,342.98
1785072211.3414407,100.0,7847.0,353.72
1785072212.3815718,100.0,7847.0,351.29
1785072213.4217577,100.0,7847.0,346.61
1785072214.462216,100.0,7847.0,351.8
1785072215.5015192,100.0,24877.0,214.33
1785072216.5462663,100.0,24877.0,284.37
1785072217.5840423,100.0,567.0,189.83
1785072218.6215525,40.0,6073.0,96.59
1785072219.6611838,100.0,6159.0,352.04
1785072220.717149,73.0,7851.0,233.76
1785072221.760831,42.0,1783.0,151.47
1785072222.7973561,100.0,7521.0,229.94
1785072223.8560855,100.0,7847.0,355.43
1785072224.8934655,100.0,7847.0,351.15
1785072225.933584,100.0,7847.0,346.73
1785072226.9691966,100.0,7847.0,351.0
1785072228.0089357,100.0,7847.0,345.08
1785072229.0477505,96.0,24877.0,206.52
1785072230.0875065,100.0,24877.0,292.94
1785072231.1236978,100.0,609.0,208.02
1785072232.1642642,42.0,5107.0,108.98
1785072233.2012863,100.0,9481.0,317.52
1785072234.2413263,100.0,10127.0,346.87
1785072235.2815175,100.0,10127.0,346.33
1785072236.3214972,100.0,10127.0,342.89
1785072237.356616,100.0,10127.0,339.13
1785072238.3937593,100.0,10127.0,345.36
1785072239.4336746,100.0,10127.0,348.79
1785072240.4737985,100.0,10127.0,341.41
1785072241.513338,100.0,10127.0,348.99
1785072242.5544837,100.0,10127.0,350.3
1785072243.5955448,100.0,10127.0,347.54
1785072244.6337345,100.0,10127.0,345.18
1785072245.6717243,88.0,40761.0,207.43
1785072246.7158535,100.0,40761.0,292.13
1785072247.75259,100.0,33545.0,266.48
1785072248.7942395,100.0,33545.0,280.34
1785072249.8317835,100.0,569.0,212.78
1785072250.8682427,42.0,2039.0,102.44
1785072251.9097347,100.0,7521.0,232.28
1785072252.9676123,100.0,7847.0,355.24
1785072254.0093873,100.0,7847.0,349.86
1785072255.04942,100.0,7847.0,345.71
1785072256.0925817,100.0,7847.0,353.05
1785072257.1290152,100.0,7847.0,346.79
1785072258.1678407,100.0,24875.0,199.2
1785072259.2075121,100.0,24875.0,294.81
1785072260.2453227,100.0,653.0,208.45
1785072261.2863922,42.0,6147.0,100.89
1785072262.3254263,100.0,7847.0,355.66
1785072263.3618045,100.0,7847.0,341.57
1785072264.4049227,100.0,7847.0,351.22
1785072265.4609132,100.0,7847.0,345.76
1785072266.4976282,100.0,7847.0,349.42
1785072267.5388756,100.0,7847.0,345.55
1785072268.576549,100.0,24877.0,208.55
1785072269.6132052,100.0,24877.0,292.28
1785072270.6566799,42.0,2027.0,152.46
1785072271.6933255,100.0,6159.0,160.19
1785072272.7330317,100.0,6159.0,349.63
1785072273.7746444,100.0,7851.0,220.86
1785072274.812204,42.0,3995.0,111.41
1785072275.8499818,100.0,7521.0,302.93
1785072276.8905237,100.0,7847.0,344.87
1785072277.9294913,100.0,7847.0,352.95
1785072278.9697945,100.0,7847.0,347.09
1785072280.00921,100.0,7847.0,345.09
1785072281.049372,100.0,7847.0,349.95
1785072282.0859826,100.0,24877.0,213.36
1785072283.1249745,100.0,24877.0,294.63
1785072284.163804,100.0,569.0,189.58
1785072285.2023509,81.0,8031.0,120.84
1785072286.2418299,100.0,9481.0,347.38
1785072287.280991,100.0,10127.0,349.03
1785072288.316997,100.0,10127.0,344.4
1785072289.3574195,100.0,10127.0,347.04
1785072290.3971438,100.0,10127.0,349.24
1785072291.4568484,100.0,10127.0,346.26
1785072292.4934568,100.0,10127.0,349.46
1785072293.5524185,100.0,10127.0,342.89
1785072294.589896,100.0,10127.0,341.54
1785072295.629373,100.0,10127.0,345.4
1785072296.6703277,100.0,10127.0,345.99
1785072297.727649,100.0,10127.0,350.17
1785072298.766639,100.0,40761.0,194.09
1785072299.8107443,100.0,40761.0,293.5
1785072300.851677,100.0,33545.0,246.28
1785072301.8923569,100.0,33545.0,261.83
1785072302.927921,100.0,617.0,164.14
1785072303.9713714,42.0,6789.0,99.38
1785072305.0097709,100.0,7847.0,349.62
1785072306.0499675,100.0,7847.0,344.42
1785072307.0915527,100.0,7847.0,350.52
1785072308.129219,100.0,7847.0,349.8
1785072309.1694481,100.0,7847.0,348.51
1785072310.2119992,100.0,7847.0,348.72
1785072311.248224,100.0,24877.0,205.06
1785072312.290178,100.0,24877.0,288.15
1785072313.3468392,47.0,1887.0,152.05
1785072314.385635,100.0,8031.0,186.14
1785072315.4255788,100.0,9481.0,346.72
1785072316.4643874,100.0,10127.0,352.36
1785072317.5007856,100.0,10127.0,349.43
1785072318.5411046,100.0,10127.0,350.26
1785072319.6008134,100.0,10127.0,346.01
1785072320.676097,100.0,10127.0,338.11
1785072321.714166,100.0,10127.0,344.77
1785072322.7576325,100.0,10127.0,346.53
1785072323.8012955,100.0,10127.0,351.2
1785072324.8416328,100.0,10127.0,351.84
1785072325.8814156,100.0,10127.0,347.11
1785072326.9252193,72.0,10127.0,299.89
1785072327.967719,100.0,40759.0,202.17
1785072329.0047076,100.0,40759.0,305.0
1785072330.040806,100.0,33545.0,234.78
1785072331.0812793,100.0,33545.0,287.32
1785072332.120108,100.0,1027.0,140.6
1785072333.1613057,100.0,6949.0,146.9
1785072334.221411,100.0,7847.0,351.11
1785072335.2613366,100.0,7847.0,350.43
1785072336.316476,100.0,7847.0,346.24
1785072337.353368,100.0,7847.0,352.13
1785072338.3886256,100.0,7847.0,348.6
1785072339.4242477,70.0,7847.0,280.05
1785072340.4604108,100.0,24877.0,214.88
1785072341.4996786,100.0,24877.0,273.67
1785072342.5362165,36.0,1745.0,114.84
1785072343.5730155,100.0,7521.0,193.19
1785072344.613915,100.0,7847.0,347.17
1785072345.6531916,100.0,7847.0,348.09
1785072346.6939032,100.0,7847.0,348.79
1785072347.733335,100.0,7847.0,351.3
1785072348.773555,100.0,7847.0,345.61
1785072349.8126917,65.0,3569.0,242.32
1785072350.853979,100.0,24877.0,247.32
1785072351.8968594,28.0,18885.0,235.54
1785072352.936292,43.0,3095.0,101.7
1785072353.9769237,100.0,7521.0,257.96
1785072355.0138333,100.0,7847.0,348.13
1785072356.0576158,100.0,7847.0,349.55
1785072357.1015725,100.0,7847.0,345.92
1785072358.1415448,100.0,7847.0,347.28
1785072359.1814444,100.0,7847.0,345.49
1785072360.223869,100.0,24877.0,224.02
1785072361.2620826,100.0,24877.0,278.4
1785072362.2999105,100.0,515.0,190.6
1785072363.3391085,81.0,8031.0,124.79
1785072364.3776128,100.0,9481.0,346.66
1785072365.417453,100.0,10127.0,351.55
1785072366.453534,100.0,10127.0,343.99
1785072367.4888701,100.0,10127.0,349.87
1785072368.5256338,100.0,10127.0,352.45
1785072369.5671408,100.0,10127.0,348.5
1785072370.60668,100.0,10127.0,348.85
1785072371.6451304,100.0,10127.0,340.43
1785072372.685435,100.0,10127.0,343.91
1785072373.7253556,100.0,10127.0,345.35
1785072374.764823,100.0,10127.0,347.49
1785072375.80213,100.0,10127.0,348.98
1785072376.8400578,100.0,40759.0,224.86
1785072377.8766868,100.0,40759.0,293.14
1785072378.9344454,100.0,33545.0,253.04
1785072379.9777133,100.0,33545.0,261.62
1785072381.0158997,100.0,515.0,184.07
1785072382.0523064,43.0,3915.0,102.11
1785072383.108739,100.0,7521.0,308.32
1785072384.1650076,100.0,7847.0,344.77
1785072385.2047467,100.0,7847.0,347.67
1785072386.24117,100.0,7847.0,352.14
1785072387.281346,100.0,7847.0,348.76
1785072388.3214211,100.0,7847.0,353.16
1785072389.3613956,100.0,24875.0,218.03
1785072390.405626,100.0,24875.0,296.89
1785072391.4438856,100.0,597.0,187.21
1785072392.500535,91.0,8031.0,120.66
1785072393.5571425,100.0,9481.0,352.53
1785072394.601941,100.0,10127.0,347.55
1785072395.640906,100.0,10127.0,341.73
1785072396.6965084,100.0,10127.0,347.62
1785072397.7527874,100.0,10127.0,348.01
1785072398.7900665,100.0,10127.0,346.74
1785072399.830796,100.0,10127.0,350.2
1785072400.8692687,100.0,10127.0,347.74
1785072401.9092164,100.0,10127.0,343.2
1785072402.949441,100.0,10127.0,347.81
1785072403.984343,100.0,10127.0,350.11
1785072405.0405073,100.0,10127.0,345.98
1785072406.0776079,100.0,40759.0,209.86
1785072407.1218631,100.0,40759.0,293.35
1785072408.167897,100.0,33545.0,244.94
1785072409.2091339,100.0,33545.0,262.32
1785072410.2630613,100.0,569.0,178.15
1785072411.3004563,43.0,4455.0,99.43
1785072412.3413477,100.0,7847.0,305.26
1785072413.3810508,100.0,7847.0,346.76
1785072414.4210315,100.0,7847.0,352.25
1785072415.4610517,100.0,7847.0,349.27
1785072416.4978213,100.0,7847.0,347.07
1785072417.53674,100.0,7847.0,352.84
1785072418.5724463,100.0,24875.0,206.93
1785072419.6132429,100.0,24875.0,280.36
1785072420.651941,100.0,679.0,180.44
1785072421.6896367,100.0,8031.0,148.32
1785072422.7317874,100.0,9481.0,348.87
1785072423.789606,100.0,10127.0,349.97
1785072424.8294225,100.0,10127.0,346.5
1785072425.8926084,100.0,10127.0,351.73
1785072426.9487605,100.0,10127.0,342.71
1785072427.9847465,100.0,10127.0,337.85
1785072429.0205731,100.0,10127.0,347.99
1785072430.0578377,100.0,10127.0,342.86
1785072431.096799,100.0,10127.0,349.86
1785072432.1340659,100.0,10127.0,348.33
1785072433.1738687,100.0,10127.0,342.7
1785072434.2148354,100.0,10127.0,346.41
1785072435.2532916,100.0,40759.0,186.95
1785072436.2993405,100.0,40759.0,301.79
1785072437.3435514,100.0,33545.0,246.52
1785072438.3901627,100.0,33545.0,270.8
1785072439.42798,100.0,761.0,166.96
1785072440.4702458,46.0,6787.0,100.71
1785072441.5096772,100.0,7847.0,332.8
1785072442.5498717,100.0,7847.0,349.21
1785072443.590556,100.0,7847.0,344.21
1785072444.6480486,100.0,7847.0,345.59
1785072445.685693,100.0,7847.0,352.56
1785072446.7252092,100.0,7847.0,345.49
1785072447.7603803,100.0,24875.0,206.09
1785072448.8005128,100.0,24875.0,274.87
1785072449.8408573,54.0,2059.0,153.58
1785072450.8773284,100.0,8031.0,164.82
1785072451.9187863,100.0,9481.0,347.16
1785072452.9578075,100.0,10127.0,350.37
1785072453.9971805,100.0,10127.0,338.22
1785072455.0375485,100.0,10127.0,339.16
1785072456.077446,100.0,10127.0,348.42
1785072457.1174607,100.0,10127.0,348.08
1785072458.1577387,100.0,10127.0,348.56
1785072459.1980119,100.0,10127.0,355.16
1785072460.2374806,100.0,10127.0,348.7
1785072461.3025253,100.0,10127.0,337.57
1785072462.3417392,100.0,10127.0,344.58
1785072463.4004147,100.0,10127.0,348.5
1785072464.4569187,100.0,40759.0,190.48
1785072465.4966984,100.0,40759.0,291.92
1785072466.5364435,100.0,33545.0,244.21
1785072467.5728762,100.0,33545.0,275.78
1785072468.6118588,100.0,781.0,150.09
1785072469.6537466,60.0,6787.0,120.99
1785072470.6937773,100.0,7847.0,349.79
1785072471.7335963,100.0,7847.0,342.77
1785072472.7731483,100.0,7847.0,347.38
1785072473.813191,100.0,7847.0,344.62
1785072474.849494,100.0,7847.0,350.99
1785072475.88926,100.0,7847.0,344.69
1785072476.92853,100.0,24875.0,209.06
1785072477.9951656,100.0,24875.0,284.88
1785072479.0318584,44.0,2057.0,153.5
1785072480.0696769,100.0,7521.0,183.7
1785072481.109428,100.0,7847.0,346.89
1785072482.1678517,100.0,7847.0,353.35
1785072483.2049444,100.0,7847.0,345.05
1785072484.241582,100.0,7847.0,343.83
1785072485.281621,100.0,7847.0,348.48
1785072486.3212461,73.0,7707.0,277.15
1785072487.360557,100.0,24877.0,255.76
1785072488.3956275,80.0,24877.0,257.0
1785072489.436165,74.0,1287.0,106.89
1785072490.4737647,100.0,9479.0,237.02
1785072491.5133736,100.0,9481.0,343.49
1785072492.553762,100.0,10127.0,339.2
1785072493.5939453,100.0,10127.0,350.08
1785072494.6337104,100.0,10127.0,344.05
1785072495.6698253,100.0,10127.0,348.94
1785072496.7091157,100.0,10127.0,351.24
1785072497.7494702,100.0,10127.0,346.36
1785072498.78915,100.0,10127.0,345.81
1785072499.8301327,100.0,10127.0,344.05
1785072500.8736181,100.0,10127.0,351.55
1785072501.9133668,100.0,10127.0,348.21
1785072502.953391,69.0,10127.0,274.85
1785072503.9972045,100.0,40759.0,233.51
1785072505.0558703,100.0,37677.0,286.98
1785072506.1171632,100.0,33545.0,247.65
1785072507.1561224,50.0,33545.0,257.02
1785072508.1928911,36.0,1889.0,104.3
1785072509.2291372,100.0,8031.0,186.95
1785072510.2699401,100.0,9481.0,349.54
1785072511.310713,100.0,10127.0,349.96
1785072512.3497598,100.0,10127.0,339.77
1785072513.3857996,100.0,10127.0,343.9
1785072514.425859,100.0,10127.0,345.91
1785072515.4658089,100.0,10127.0,348.95
1785072516.5055225,100.0,10127.0,344.95
1785072517.5447211,100.0,10127.0,350.33
1785072518.5813713,100.0,10127.0,348.77
1785072519.6213598,100.0,10127.0,347.4
1785072520.661608,100.0,10127.0,344.44
1785072521.7011383,76.0,10127.0,317.37
1785072522.7404604,100.0,40761.0,210.79
1785072523.780145,100.0,40761.0,288.44
1785072524.8188646,100.0,33545.0,238.61
1785072525.8618772,100.0,33545.0,275.35
1785072526.899862,100.0,925.0,133.86
1785072527.9386935,100.0,8031.0,129.33
1785072528.9782207,100.0,9481.0,351.66
1785072530.0177317,100.0,10127.0,343.67
1785072531.0576987,100.0,10127.0,354.87
1785072532.0972602,100.0,10127.0,348.0
1785072533.1371555,100.0,10127.0,347.33
1785072534.1808236,100.0,10127.0,339.04
1785072535.2374132,100.0,10127.0,349.75
1785072536.2770526,100.0,10127.0,349.19
1785072537.331741,100.0,10127.0,340.45
1785072538.3696885,100.0,10127.0,349.22
1785072539.4106033,100.0,10127.0,350.16
1785072540.4507449,100.0,10127.0,346.92
1785072541.4877968,100.0,40759.0,202.17
1785072542.5290964,100.0,40759.0,300.47
1785072543.5718596,100.0,33545.0,252.64
1785072544.6332986,100.0,33545.0,268.62
1785072545.671908,100.0,549.0,179.04
1785072546.7124162,42.0,4459.0,100.41
1785072547.749675,100.0,9481.0,307.47
1785072548.7893944,100.0,10127.0,342.92
1785072549.8293793,100.0,10127.0,349.77
1785072550.8697488,100.0,10127.0,343.77
1785072551.9102907,100.0,10127.0,348.71
1785072552.9488318,100.0,10127.0,354.08
1785072553.9857507,100.0,10127.0,346.67
1785072555.0263884,100.0,10127.0,344.11
1785072556.0656013,100.0,10127.0,343.46
1785072557.1055284,100.0,10127.0,348.72
1785072558.1454382,100.0,10127.0,347.02
1785072559.185564,100.0,10127.0,348.46
1785072560.226877,81.0,40759.0,234.71
1785072561.2643335,100.0,40759.0,288.66
1785072562.3005805,100.0,33545.0,255.49
1785072563.3557565,100.0,33545.0,276.82
1785072564.3919106,37.0,549.0,227.03
1785072565.4283376,43.0,2239.0,102.97
1785072566.4652905,100.0,9481.0,270.93
1785072567.5055723,100.0,9481.0,350.37
1785072568.5450304,100.0,10127.0,343.52
1785072569.5874398,100.0,10127.0,342.1
1785072570.6251342,100.0,10127.0,348.94
1785072571.6655421,100.0,10127.0,347.52
1785072572.7053635,100.0,10127.0,352.26
1785072573.7452643,100.0,10127.0,343.89
1785072574.7851226,100.0,10127.0,342.23
1785072575.8277142,100.0,10127.0,342.38
1785072576.8658369,100.0,10127.0,346.7
1785072577.9063275,100.0,10127.0,348.31
1785072578.9448924,84.0,6423.0,255.81
1785072579.984669,100.0,40761.0,253.98
1785072581.174917,100.0,33545.0,248.47
1785072582.217365,100.0,33545.0,267.73
1785072583.2562437,15.0,475.0,218.74
1785072584.2963934,57.0,841.0,104.14
1785072585.3373914,100.0,6159.0,237.84
1785072586.3767657,100.0,6159.0,345.92
1785072587.412222,40.0,471.0,162.84
1785072588.4499629,74.0,8031.0,117.49
1785072589.4886873,100.0,9481.0,346.91
1785072590.525922,100.0,10127.0,352.85
1785072591.565194,100.0,10127.0,348.68
1785072592.6051538,100.0,10127.0,337.35
1785072593.6453724,100.0,10127.0,345.61
1785072594.6858673,100.0,10127.0,348.61
1785072595.7252069,100.0,10127.0,347.06
1785072596.765404,100.0,10127.0,351.03
1785072597.8057122,100.0,10127.0,343.08
1785072598.8458722,100.0,10127.0,338.14
1785072599.8855991,100.0,10127.0,347.35
1785072600.9254217,100.0,10127.0,344.37
1785072601.963843,100.0,40761.0,200.02
1785072603.0005798,100.0,40761.0,293.18
1785072604.0397537,100.0,33545.0,260.4
1785072605.0774236,100.0,33545.0,269.87
1785072606.1157568,100.0,589.0,209.42
1785072607.1563084,43.0,3259.0,105.34
1785072608.1933486,100.0,6159.0,274.72
1785072609.233426,71.0,6159.0,284.45
1785072610.273136,44.0,1833.0,162.49
1785072611.3133278,100.0,6159.0,162.88
1785072612.3531868,100.0,6159.0,348.67
1785072613.3962336,100.0,7851.0,211.93
1785072614.4363632,42.0,2515.0,127.55
1785072615.4930985,100.0,7521.0,259.7
1785072616.5378335,100.0,7847.0,350.03
1785072617.5960293,100.0,7847.0,345.26
1785072618.6338773,100.0,7847.0,350.48
1785072619.6746647,100.0,7847.0,345.58
1785072620.7370813,100.0,7847.0,351.94
1785072621.7724848,100.0,24875.0,207.45
1785072622.8138223,100.0,24875.0,291.19
1785072623.8517878,100.0,515.0,196.95
1785072624.8901837,43.0,8031.0,107.02
1785072625.9287322,100.0,9481.0,346.98
1785072626.965343,100.0,10127.0,347.27
1785072628.0057921,100.0,10127.0,341.1
1785072629.04532,100.0,10127.0,351.11
1785072630.085292,100.0,10127.0,344.64
1785072631.1277542,100.0,10127.0,339.64
1785072632.1655345,100.0,10127.0,345.96
1785072633.205554,100.0,10127.0,343.68
1785072634.2416553,100.0,10127.0,351.12
1785072635.2776263,100.0,10127.0,347.88
1785072636.3137774,100.0,10127.0,342.39
1785072637.368262,100.0,10127.0,342.46
1785072638.4038293,100.0,40759.0,191.96
1785072639.4406426,100.0,40759.0,293.75
1785072640.4796872,100.0,33545.0,256.43
1785072641.5168395,100.0,33545.0,260.03
1785072642.5526397,100.0,653.0,196.92
1785072643.5883968,42.0,2995.0,102.83
1785072644.6259,100.0,7521.0,303.21
1785072645.6663046,100.0,7847.0,347.37
1785072646.724177,100.0,7847.0,350.72
1785072647.766024,100.0,7847.0,350.02
1785072648.8105056,100.0,7847.0,345.33
1785072649.8496833,100.0,7847.0,349.06
1785072650.8885798,100.0,24875.0,220.39
1785072651.9247017,100.0,24875.0,280.66
1785072652.9635465,100.0,515.0,202.95
1785072654.002608,72.0,8031.0,118.08
1785072655.041886,100.0,9481.0,347.2
1785072656.077622,100.0,10127.0,352.37
1785072657.1174228,100.0,10127.0,348.32
1785072658.15736,100.0,10127.0,339.43
1785072659.2363937,100.0,10127.0,345.88
1785072660.274635,100.0,10127.0,348.42
1785072661.3136458,100.0,10127.0,351.05
1785072662.3537507,100.0,10127.0,348.33
1785072663.3897166,100.0,10127.0,344.31
1785072664.429693,100.0,10127.0,346.65
1785072665.4704578,100.0,10127.0,344.73
1785072666.5098236,100.0,10127.0,348.02
1785072667.5476034,100.0,40759.0,216.57
1785072668.5884347,100.0,40759.0,291.02
1785072669.62821,100.0,33545.0,243.87
1785072670.6687815,100.0,33545.0,261.62
1785072671.703903,100.0,515.0,178.24
1785072672.7403417,42.0,4517.0,100.33
1785072673.7773998,100.0,7847.0,304.93
1785072674.8179388,100.0,7847.0,347.05
1785072675.8581855,100.0,7847.0,354.33
1785072676.897864,100.0,7847.0,345.06
1785072677.9374661,100.0,7847.0,345.53
1785072678.977581,100.0,7847.0,349.81
1785072680.017387,100.0,24877.0,208.48
1785072681.0611918,100.0,24877.0,287.15
1785072682.0956786,100.0,651.0,167.77
1785072683.1332922,100.0,8031.0,139.09
1785072684.1698127,100.0,9481.0,346.09
1785072685.20949,100.0,10127.0,348.2
1785072686.2494173,100.0,10127.0,341.79
1785072687.289255,100.0,10127.0,342.96
1785072688.3298454,100.0,10127.0,347.06
1785072689.3698983,100.0,10127.0,350.01
1785072690.4100924,100.0,10127.0,351.82
1785072691.449799,100.0,10127.0,350.13
1785072692.4897342,100.0,10127.0,342.89
1785072693.5292735,100.0,10127.0,348.02
1785072694.5696774,100.0,10127.0,346.64
1785072695.6090558,100.0,10127.0,348.73
1785072696.650617,100.0,40759.0,205.49
1785072697.6940596,100.0,40759.0,290.83
1785072698.7545388,100.0,33545.0,243.78
1785072699.7929943,100.0,33545.0,269.14
1785072700.8319461,100.0,649.0,160.32
1785072701.8683057,42.0,4817.0,98.64
1785072702.9050863,100.0,6159.0,325.32
1785072703.9441142,57.0,2897.0,254.23
1785072704.9796696,25.0,1835.0,160.49
1785072706.017189,100.0,6159.0,182.41
1785072707.0573387,100.0,6159.0,350.3
1785072708.0989532,100.0,7851.0,194.34
1785072709.1402044,42.0,3359.0,138.45
1785072710.1779351,100.0,9481.0,288.92
1785072711.2176487,100.0,9481.0,350.01
1785072712.257303,100.0,10127.0,343.18
1785072713.2977018,100.0,10127.0,349.38
1785072714.3428144,100.0,10127.0,353.58
1785072715.400464,100.0,10127.0,351.9
1785072716.437236,100.0,10127.0,345.25
1785072717.4734914,100.0,10127.0,344.84
1785072718.5133243,100.0,10127.0,343.17
1785072719.5554078,100.0,10127.0,349.73
1785072720.5938103,100.0,10127.0,351.29
1785072721.6336486,100.0,10127.0,351.26
1785072722.671858,66.0,485.0,228.28
1785072723.708503,100.0,40759.0,269.59
1785072724.8186576,100.0,33545.0,248.98
1785072725.8621151,100.0,33545.0,271.94
1785072726.9004211,27.0,475.0,225.07
1785072727.936361,58.0,707.0,106.13
1785072728.9732466,100.0,8351.0,228.55
1785072730.0135,100.0,9481.0,355.43
1785072731.071815,100.0,10127.0,347.13
1785072732.1090996,100.0,10127.0,348.45
1785072733.1455827,100.0,10127.0,347.66
1785072734.1856177,100.0,10127.0,349.41
1785072735.2250037,100.0,10127.0,343.91
1785072736.2612908,100.0,10127.0,352.39
1785072737.3029156,100.0,10127.0,349.12
1785072738.3594701,100.0,10127.0,357.4
1785072739.398322,100.0,10127.0,340.8
1785072740.4373994,100.0,10127.0,335.5
1785072741.4761221,64.0,10127.0,279.5
1785072742.5177457,100.0,40759.0,218.56
1785072743.5566247,100.0,40759.0,308.81
1785072744.5989075,100.0,33545.0,238.93
1785072745.6428556,100.0,33545.0,287.08
1785072746.6842258,59.0,1827.0,119.34
1785072747.7217407,100.0,8031.0,168.23
1785072748.7615747,100.0,9481.0,349.76
1785072749.8006372,100.0,10127.0,346.41
1785072750.8372715,100.0,10127.0,347.08
1785072751.8779485,100.0,10127.0,348.87
1785072752.9165494,100.0,10127.0,349.18
1785072753.9531307,100.0,10127.0,349.24
1785072754.992268,100.0,10127.0,348.6
1785072756.0289986,100.0,10127.0,347.21
1785072757.0653484,100.0,10127.0,341.78
1785072758.1050475,100.0,10127.0,347.86
1785072759.1458566,100.0,10127.0,347.78
1785072760.2036905,100.0,10127.0,348.68
1785072761.241054,100.0,40761.0,187.31
1785072762.280367,100.0,40761.0,302.48
1785072763.3192236,100.0,33545.0,249.42
1785072764.3622978,100.0,33545.0,277.04
1785072765.3999283,100.0,679.0,162.51
1785072766.4403112,42.0,5107.0,99.46
1785072767.4768596,100.0,9481.0,332.31
1785072768.5136588,100.0,10127.0,346.31
1785072769.554086,100.0,10127.0,336.8
1785072770.593851,100.0,10127.0,347.22
1785072771.6356418,100.0,10127.0,350.23
1785072772.6744146,100.0,10127.0,346.89
1785072773.7133079,100.0,10127.0,359.05
1785072774.749444,100.0,10127.0,349.32
1785072775.7896237,100.0,10127.0,345.3
1785072776.8296437,100.0,10127.0,337.67
1785072777.868721,100.0,10127.0,349.47
1785072778.905739,100.0,10127.0,346.51
1785072779.944373,87.0,40759.0,208.45
1785072781.0286465,100.0,40759.0,294.07
1785072782.0646963,100.0,33545.0,263.86
1785072783.1066685,100.0,33545.0,268.33
1785072784.143655,86.0,569.0,230.68
1785072785.1802733,43.0,2895.0,103.4
1785072786.2168198,100.0,6159.0,261.74
1785072787.2568986,68.0,6159.0,298.35
1785072788.3150117,36.0,1519.0,159.62
1785072789.3535368,100.0,8031.0,166.86
1785072790.393092,100.0,9481.0,339.13
1785072791.435123,100.0,10127.0,351.18
1785072792.4735625,100.0,10127.0,342.81
1785072793.513321,100.0,10127.0,353.39
1785072794.5532298,100.0,10127.0,347.13
1785072795.5933082,100.0,10127.0,342.45
1785072796.6348958,100.0,10127.0,347.73
1785072797.6915061,100.0,10127.0,348.33
1785072798.7293262,100.0,10127.0,345.46
1785072799.7695048,100.0,10127.0,358.58
1785072800.8093834,100.0,10127.0,347.91
1785072801.8484635,100.0,10127.0,334.66
1785072802.8844984,100.0,40761.0,198.85
1785072803.924664,100.0,40761.0,296.37
1785072804.963652,100.0,33545.0,236.43
1785072806.0057106,100.0,33545.0,277.94
1785072807.0438225,100.0,747.0,177.59
1785072808.0820572,78.0,8031.0,119.92
1785072809.1222243,100.0,9481.0,345.82
1785072810.161481,100.0,10127.0,352.66
1785072811.1976247,100.0,10127.0,346.68
1785072812.2373214,100.0,10127.0,347.39
1785072813.2775867,100.0,10127.0,345.25
1785072814.317519,100.0,10127.0,350.07
1785072815.3566422,100.0,10127.0,351.62
1785072816.3933187,100.0,10127.0,350.94
1785072817.429629,100.0,10127.0,342.9
1785072818.46926,100.0,10127.0,341.21
1785072819.511141,100.0,10127.0,347.62
1785072820.5501752,100.0,10127.0,348.26
1785072821.6066225,100.0,40761.0,211.63
1785072822.6511428,100.0,40761.0,300.3
1785072823.6918678,100.0,33545.0,253.17
1785072824.7337477,100.0,33545.0,265.48
1785072825.771889,100.0,515.0,170.16
1785072826.8312523,43.0,3739.0,114.55
1785072827.869648,100.0,9481.0,300.13
1785072828.9093194,100.0,10127.0,346.35
1785072829.9531822,100.0,10127.0,346.77
1785072830.9899468,100.0,10127.0,348.2
1785072832.0307097,100.0,10127.0,350.33
1785072833.0693657,100.0,10127.0,345.29
1785072834.105658,100.0,10127.0,341.43
1785072835.1455765,100.0,10127.0,346.27
1785072836.1850977,100.0,10127.0,346.84
1785072837.2222123,100.0,10127.0,348.45
1785072838.2612307,100.0,10127.0,349.32
1785072839.3015356,100.0,10127.0,346.45
1785072840.3406096,100.0,495.0,201.79
1785072841.377007,100.0,40759.0,272.38
1785072842.4508946,100.0,33545.0,251.86
1785072843.4934702,100.0,33545.0,266.77
1785072844.5281425,0.0,473.0,236.19
1785072845.5642142,72.0,701.0,104.8
1785072846.601392,100.0,6159.0,215.69
1785072847.6374485,100.0,6159.0,350.14
1785072848.69527,65.0,491.0,170.85
1785072849.7722743,96.0,8031.0,119.57
1785072850.8105698,100.0,9481.0,354.98
1785072851.8494065,100.0,10127.0,346.83
1785072852.8892984,100.0,10127.0,343.25
1785072853.9293895,100.0,10127.0,349.28
1785072854.9693873,100.0,10127.0,345.64
1785072856.0099454,100.0,10127.0,338.42
1785072857.0709248,100.0,10127.0,344.15
1785072858.1097603,100.0,10127.0,349.87
1785072859.1492293,100.0,10127.0,340.26
1785072860.1898954,100.0,10127.0,351.8
1785072861.2304106,100.0,10127.0,346.15
1785072862.2710927,100.0,10127.0,347.71
1785072863.307631,100.0,40761.0,209.06
1785072864.3447857,100.0,40761.0,295.6
1785072865.3835144,100.0,33545.0,255.59
1785072866.4257326,100.0,33545.0,261.59
1785072867.467827,100.0,513.0,184.52
1785072868.5042694,43.0,4903.0,99.76
1785072869.5414064,100.0,6159.0,329.48
1785072870.5800722,75.0,2377.0,255.39
1785072871.6159363,36.0,1835.0,161.91
1785072872.671993,100.0,6159.0,189.37
1785072873.709007,100.0,6159.0,352.39
1785072874.7476668,87.0,7851.0,198.72
1785072875.7883303,42.0,4133.0,103.38
1785072876.8253238,100.0,6159.0,305.76
1785072877.8644493,70.0,5795.0,277.34
1785072878.9002998,42.0,1889.0,152.79
1785072879.9367557,100.0,8031.0,164.57
1785072880.973343,100.0,9481.0,337.91
1785072882.0084798,100.0,10127.0,348.63
1785072883.0451274,100.0,10127.0,345.28
1785072884.0858355,100.0,10127.0,353.1
1785072885.1256912,100.0,10127.0,349.14
1785072886.1656282,100.0,10127.0,342.56
1785072887.20531,100.0,10127.0,346.61
1785072888.2465472,100.0,10127.0,348.79
1785072889.2864017,100.0,10127.0,346.91
1785072890.3256156,100.0,10127.0,350.79
1785072891.3653507,100.0,10127.0,345.56
1785072892.424261,72.0,10127.0,297.38
1785072893.4642258,100.0,40761.0,205.12
1785072894.5071285,100.0,40761.0,298.2
1785072895.5513418,100.0,33545.0,233.08
1785072896.594026,100.0,33545.0,290.09
1785072897.6319168,100.0,943.0,131.79
1785072898.6692607,89.0,6159.0,123.73
1785072899.709519,100.0,6159.0,353.05
1785072900.7494092,100.0,7851.0,234.93
1785072901.7882535,66.0,1321.0,145.1
1785072902.8254857,100.0,6159.0,242.1
1785072903.8651445,92.0,6159.0,330.61
1785072904.9039197,86.0,631.0,164.16
1785072905.9415705,56.0,5971.0,117.39
1785072906.9812827,100.0,6159.0,348.86
1785072908.023944,74.0,7851.0,220.68
1785072909.060399,36.0,1639.0,152.03
1785072910.096923,100.0,6159.0,202.2
1785072911.1363978,100.0,6159.0,350.8
1785072912.1717758,45.0,397.0,190.62
1785072913.21496,41.0,8031.0,119.3
1785072914.2545457,100.0,9481.0,349.5
1785072915.2930064,100.0,10127.0,341.98
1785072916.3294377,100.0,10127.0,350.56
1785072917.366084,100.0,10127.0,342.14
1785072918.4073787,100.0,10127.0,337.0
1785072919.4467938,100.0,10127.0,349.84
1785072920.485314,100.0,10127.0,344.54
1785072921.525341,100.0,10127.0,354.41
1785072922.5655534,100.0,10127.0,349.48
1785072923.6054149,100.0,10127.0,341.66
1785072924.6469176,100.0,10127.0,346.18
1785072925.6868284,100.0,10127.0,343.97
1785072926.723776,100.0,40761.0,200.91
1785072927.7605162,100.0,40761.0,289.71
1785072928.8009977,100.0,33545.0,255.98
1785072929.8370132,100.0,33545.0,275.36
1785072930.8725004,100.0,629.0,198.19
1785072931.9123178,43.0,2953.0,102.55
1785072932.9498253,100.0,6159.0,297.69
1785072933.989086,72.0,6159.0,300.24
1785072935.0243268,42.0,1763.0,161.56
1785072936.0610197,100.0,6159.0,142.43
1785072937.1015587,100.0,6159.0,350.6
1785072938.1388001,100.0,7851.0,231.04
1785072939.1769276,43.0,2341.0,136.67
1785072940.2179527,100.0,7521.0,264.17
1785072941.2577283,100.0,7847.0,351.36
1785072942.2976794,100.0,7847.0,350.24
1785072943.3526187,100.0,7847.0,345.88
1785072944.3893867,100.0,7847.0,349.33
1785072945.4298992,100.0,7847.0,344.62
1785072946.4694226,100.0,24875.0,216.38
1785072947.5149264,100.0,24875.0,287.12
1785072948.5520253,100.0,533.0,203.91
1785072949.588731,42.0,4943.0,100.69
1785072950.6257658,100.0,7847.0,330.33
1785072951.665656,100.0,7847.0,345.4
1785072952.709073,100.0,7847.0,346.87
1785072953.748229,100.0,7847.0,349.7
1785072954.7858124,100.0,7847.0,349.23
1785072955.8259132,100.0,7847.0,348.72
1785072956.883515,100.0,24877.0,212.07
1785072957.9274426,100.0,24877.0,289.0
1785072958.9642193,96.0,1353.0,166.95
1785072960.0007684,100.0,6159.0,142.52
1785072961.037199,100.0,6159.0,348.99
1785072962.0742257,100.0,7851.0,237.23
1785072963.1123056,43.0,1963.0,130.4
1785072964.149627,100.0,6159.0,253.51
1785072965.1895556,88.0,6159.0,329.87
1785072966.2321966,83.0,653.0,158.47
1785072967.269577,49.0,6789.0,113.13
1785072968.308395,100.0,7847.0,348.25
1785072969.3455622,100.0,7847.0,348.05
1785072970.3853438,100.0,7847.0,347.91
1785072971.42582,100.0,7847.0,348.7
1785072972.4610307,100.0,7847.0,353.71
1785072973.5006974,82.0,7847.0,345.4
1785072974.541541,100.0,24877.0,209.21
1785072975.5803592,100.0,24877.0,285.3
1785072976.615641,30.0,2027.0,139.6
1785072977.6570373,100.0,6159.0,163.39
1785072978.7015321,100.0,6159.0,348.66
1785072979.7392273,100.0,7851.0,224.77
1785072980.7762048,43.0,3573.0,115.1
1785072981.832374,100.0,6159.0,298.23
1785072982.8691099,71.0,6159.0,283.15
1785072983.9084516,30.0,1889.0,162.6
1785072984.9643219,100.0,8031.0,192.37
1785072986.0017033,100.0,9481.0,347.21
1785072987.0438766,100.0,10127.0,340.74
1785072988.082498,100.0,10127.0,346.8
1785072989.1215084,100.0,10127.0,345.92
1785072990.1615083,100.0,10127.0,356.79
1785072991.201765,100.0,10127.0,345.36
1785072992.2415445,100.0,10127.0,341.6
1785072993.2776284,100.0,10127.0,345.68
1785072994.313753,100.0,10127.0,348.59
1785072995.3533256,100.0,10127.0,343.11
1785072996.3932724,100.0,10127.0,351.63
1785072997.429151,69.0,10127.0,320.67
1785072998.4645216,100.0,40761.0,201.71
1785072999.5047774,100.0,40761.0,291.15
1785073000.542512,100.0,33545.0,240.43
1785073001.5858243,100.0,33545.0,281.15
1785073002.6237833,100.0,957.0,120.77
1785073003.6614397,96.0,6159.0,124.63
1785073004.70171,100.0,6159.0,350.21
1785073005.7409596,100.0,7851.0,242.61
1785073006.7842128,62.0,1763.0,139.57
1785073007.8217554,100.0,7521.0,249.04
1785073008.8613214,100.0,7847.0,347.25
1785073009.901515,100.0,7847.0,355.36
1785073010.942165,100.0,7847.0,345.35
1785073011.9820085,100.0,7847.0,351.31
1785073013.0213082,100.0,7847.0,345.85
1785073014.0598414,76.0,24875.0,230.18
1785073015.0995107,100.0,24875.0,288.2
1785073016.1358438,100.0,631.0,215.29
1785073017.176239,43.0,4455.0,99.85
1785073018.2130973,100.0,6161.0,308.27
1785073019.27159,70.0,3283.0,278.76
1785073020.3079472,32.0,1835.0,153.31
1785073021.3647501,100.0,6159.0,177.83
1785073022.4014344,100.0,6159.0,350.79
1785073023.4357357,100.0,7851.0,210.41
1785073024.4952762,43.0,4195.0,95.24
1785073025.5330718,100.0,6159.0,308.97
1785073026.5684748,70.0,4741.0,278.35
1785073027.6037767,31.0,1927.0,163.54
1785073028.6417313,100.0,6159.0,173.73
1785073029.6855767,100.0,6159.0,348.88
1785073030.722654,100.0,7851.0,225.83
1785073031.7642827,43.0,4361.0,119.86
1785073032.8012555,100.0,6161.0,329.52
1785073033.840576,69.0,4363.0,278.48
1785073034.8765922,42.0,1889.0,154.98
1785073035.9133227,100.0,8031.0,193.01
1785073036.9542809,100.0,9481.0,346.98
1785073037.9953437,100.0,10127.0,349.13
1785073039.0344594,100.0,10127.0,345.84
1785073040.0741563,100.0,10127.0,353.88
1785073041.1128156,100.0,10127.0,343.67
1785073042.1491754,100.0,10127.0,340.8
1785073043.186625,100.0,10127.0,343.7
1785073044.22573,100.0,10127.0,347.83
1785073045.265262,100.0,10127.0,356.71
1785073046.3053432,100.0,10127.0,351.79
1785073047.3419545,100.0,10127.0,344.86
1785073048.3812923,71.0,10127.0,323.26
1785073049.4218252,100.0,40761.0,200.24
1785073050.4608538,100.0,40761.0,296.38
1785073051.4968455,100.0,33545.0,235.98
1785073052.5372787,100.0,33545.0,277.87
1785073053.5763164,100.0,1005.0,124.64
1785073054.6404912,100.0,6159.0,143.85
1785073055.6772728,100.0,6159.0,349.52
1785073056.7185972,100.0,7851.0,223.23
1785073057.7563083,43.0,3061.0,145.37
1785073058.7934952,100.0,6161.0,284.59
1785073059.8335536,71.0,6161.0,302.95
1785073060.8722706,42.0,1763.0,149.84
1785073061.9091172,100.0,6159.0,159.11
1785073062.9497797,100.0,6159.0,353.36
1785073063.9890904,100.0,7851.0,221.24
1785073065.024353,43.0,2619.0,127.7
1785073066.0612059,100.0,6159.0,259.53
1785073067.0969877,71.0,6159.0,302.03
1785073068.1360958,51.0,1005.0,159.43
1785073069.1729884,100.0,6159.0,144.82
1785073070.2133164,100.0,6159.0,351.95
1785073071.2510118,77.0,7851.0,227.63
1785073072.2881553,43.0,2341.0,141.32
1785073073.3254077,100.0,6161.0,259.77
1785073074.369176,71.0,6161.0,300.9
1785073075.4120793,49.0,843.0,160.24
1785073076.4493742,79.0,6787.0,121.98
1785073077.4857507,100.0,7847.0,353.3
1785073078.5251522,100.0,7847.0,348.1
1785073079.5654488,100.0,7847.0,348.17
1785073080.6048286,100.0,7847.0,348.36
1785073081.6407564,100.0,7847.0,345.28
1785073082.6771173,71.0,7847.0,312.2
1785073083.7195945,100.0,24875.0,205.09
1785073084.7604105,100.0,24875.0,271.57
1785073085.7967155,23.0,1835.0,133.64
1785073086.833009,100.0,6161.0,189.76
1785073087.8732357,100.0,6161.0,344.53
1785073088.9307973,90.0,7245.0,198.29
1785073089.968586,40.0,5457.0,96.67
1785073091.005482,100.0,9481.0,329.13
1785073092.045709,100.0,10127.0,343.24
1785073093.0849628,100.0,10127.0,349.91
1785073094.1208458,100.0,10127.0,345.26
1785073095.1582406,100.0,10127.0,347.67
1785073096.1985996,100.0,10127.0,348.05
1785073097.2375655,100.0,10127.0,345.7
1785073098.2963548,100.0,10127.0,342.17
1785073099.352542,100.0,10127.0,347.18
1785073100.3901138,100.0,10127.0,348.76
1785073101.4304125,100.0,10127.0,346.5
1785073102.4692276,100.0,10127.0,349.18
1785073103.5037625,100.0,40759.0,206.8
1785073104.5406134,100.0,40759.0,290.65
1785073105.580777,100.0,33545.0,263.07
1785073106.6171217,100.0,33545.0,274.26
1785073107.6564267,100.0,627.0,191.36
1785073108.6961987,43.0,3013.0,100.35
1785073109.752275,100.0,6159.0,284.06
1785073110.788412,71.0,6159.0,292.31
1785073111.8241184,46.0,1829.0,158.39
1785073112.865391,100.0,6947.0,166.06
1785073113.9048574,100.0,7847.0,348.0
1785073114.9413788,100.0,7847.0,347.19
1785073115.981571,100.0,7847.0,354.15
1785073117.0217726,100.0,7847.0,342.22
1785073118.0618868,100.0,7847.0,355.29
1785073119.101588,71.0,7847.0,301.91
1785073120.142848,100.0,24875.0,218.69
1785073121.1823363,100.0,24875.0,273.48
1785073122.2201083,53.0,669.0,115.14
1785073123.2761111,100.0,6161.0,236.39
1785073124.3168948,100.0,6161.0,349.53
1785073125.3520756,100.0,513.0,185.85
1785073126.3940523,40.0,6789.0,95.78
1785073127.432954,100.0,7847.0,323.31
1785073128.4693217,100.0,7847.0,351.63
1785073129.5059392,100.0,7847.0,344.27
1785073130.545137,100.0,7847.0,349.93
1785073131.5818002,100.0,7847.0,345.64
1785073132.62331,100.0,7847.0,351.2
1785073133.6602235,100.0,24877.0,193.21
1785073134.7015898,100.0,24877.0,273.66
1785073135.7447894,72.0,1967.0,149.8
1785073136.8001902,100.0,6159.0,164.24
1785073137.8373902,100.0,6159.0,350.75
1785073138.8753588,100.0,7851.0,214.93
1785073139.9121912,43.0,3093.0,123.97
1785073140.949776,100.0,6159.0,287.23
1785073141.9933238,71.0,6159.0,294.68
1785073143.0285227,33.0,1567.0,150.58
1785073144.0657043,100.0,6787.0,141.71
1785073145.1064513,100.0,7847.0,348.22
1785073146.1455169,100.0,7847.0,352.03
1785073147.208144,100.0,7847.0,344.7
1785073148.2474794,100.0,7847.0,351.66
1785073149.2895598,100.0,7847.0,348.8
1785073150.3252282,68.0,7847.0,305.03
1785073151.3619206,100.0,24875.0,235.0
1785073152.4035382,100.0,24875.0,273.89
1785073153.439746,25.0,763.0,114.73
1785073154.4774668,100.0,6161.0,212.75
1785073155.5215864,100.0,6161.0,351.34
1785073156.5598571,50.0,473.0,156.65
1785073157.600294,43.0,4857.0,96.02
1785073158.638519,100.0,6159.0,328.17
1785073159.6759899,84.0,1571.0,254.9
1785073160.7555463,33.0,1835.0,155.54
1785073161.7932866,100.0,6159.0,200.23
1785073162.8330586,100.0,6159.0,350.06
1785073163.8725028,72.0,7851.0,197.13
1785073164.9271522,42.0,4515.0,96.29
1785073165.9657598,100.0,7847.0,302.89
1785073167.0052655,100.0,7847.0,347.55
1785073168.0465593,100.0,7847.0,347.39
1785073169.0854383,100.0,7847.0,344.41
1785073170.1253529,100.0,7847.0,346.51
1785073171.1661606,100.0,7847.0,347.44
1785073172.2058735,100.0,24877.0,214.06
1785073173.2663512,100.0,24877.0,277.61
1785073174.327149,98.0,1633.0,165.1
1785073175.3656178,100.0,6159.0,142.05
1785073176.4441485,100.0,6159.0,352.6
1785073177.4824522,100.0,7851.0,222.76
1785073178.520334,43.0,2841.0,128.88
1785073179.557409,100.0,6159.0,279.29
1785073180.5972154,72.0,6159.0,304.56
1785073181.6362343,40.0,1469.0,162.37
1785073182.692373,100.0,6159.0,138.86
1785073183.7293715,100.0,6159.0,349.34
1785073184.7644672,100.0,7851.0,222.95
1785073185.8230608,43.0,2593.0,131.81
1785073186.861064,100.0,6159.0,267.91
1785073187.90125,72.0,6159.0,306.76
1785073188.9361389,43.0,1171.0,156.24
1785073189.9730637,100.0,6787.0,148.67
1785073191.034335,100.0,7847.0,349.36
1785073192.073902,100.0,7847.0,348.83
1785073193.1131666,100.0,7847.0,353.74
1785073194.1737773,100.0,7847.0,343.6
1785073195.2089763,100.0,7847.0,350.76
1785073196.253382,72.0,7847.0,290.68
1785073197.2941866,100.0,24875.0,217.38
1785073198.3370404,100.0,24875.0,272.99
1785073199.3762138,36.0,1443.0,113.8
1785073200.4136183,100.0,6161.0,188.82
1785073201.4724848,100.0,6161.0,350.59
1785073202.5120604,44.0,473.0,190.41
1785073203.5483708,42.0,5137.0,94.96
1785073204.5851936,100.0,6159.0,326.24
1785073205.6248553,75.0,437.0,234.07
1785073206.6648803,25.0,1885.0,158.68
1785073207.7014663,100.0,7521.0,188.29
1785073208.7417474,100.0,7847.0,351.76
1785073209.7786665,100.0,7847.0,342.46
1785073210.8172514,100.0,7847.0,352.3
1785073211.8571718,100.0,7847.0,351.75
1785073212.897668,100.0,7847.0,346.28
1785073213.9365103,94.0,2193.0,248.59
1785073214.99176,100.0,24877.0,259.78
1785073216.0280204,63.0,415.0,235.98
1785073217.0682375,43.0,2535.0,100.41
1785073218.1053123,100.0,6159.0,259.49
1785073219.1642282,71.0,6159.0,301.62
1785073220.2004046,51.0,1615.0,158.03
1785073221.260415,100.0,6949.0,163.7
1785073222.3366501,100.0,7847.0,351.46
1785073223.373957,100.0,7847.0,348.12
1785073224.4138348,100.0,7847.0,355.85
1785073225.4537764,100.0,7847.0,344.7
1785073226.4931328,100.0,7847.0,354.34
1785073227.5337303,70.0,7847.0,270.58
1785073228.5802903,100.0,24875.0,231.78
1785073229.6159787,100.0,24875.0,276.58
1785073230.6560864,43.0,1979.0,100.98
1785073231.6932316,100.0,6161.0,236.36
1785073232.7521942,72.0,6161.0,311.83
1785073233.7881749,80.0,1087.0,161.15
1785073234.8251817,100.0,6159.0,142.01
1785073235.8849308,100.0,6159.0,353.38
1785073236.9222302,100.0,7851.0,226.27
1785073237.960235,43.0,2853.0,126.11
1785073239.0010478,100.0,6159.0,262.52
1785073240.0451267,72.0,6159.0,302.12
1785073241.0881748,34.0,1519.0,159.59
1785073242.1298325,100.0,6787.0,142.8
1785073243.1919801,100.0,7847.0,345.62
1785073244.2299275,100.0,7847.0,353.61
1785073245.2698932,100.0,7847.0,345.84
1785073246.3099167,100.0,7847.0,347.18
1785073247.349731,100.0,7847.0,349.38
1785073248.4282298,72.0,7847.0,279.29
1785073249.464759,100.0,24875.0,245.32
1785073250.499822,100.0,24875.0,271.44
1785073251.5594015,74.0,703.0,108.11
1785073252.5970721,100.0,6161.0,214.42
1785073253.6601007,100.0,6161.0,350.33
1785073254.6957545,61.0,513.0,156.4
1785073255.7324672,40.0,5543.0,94.98
1785073256.7734354,100.0,7847.0,325.25
1785073257.8136148,100.0,7847.0,349.62
1785073258.849362,100.0,7847.0,344.53
1785073259.8898547,100.0,7847.0,350.34
1785073260.9294798,100.0,7847.0,345.51
1785073261.9702349,100.0,7847.0,352.7
1785073263.0127697,100.0,24877.0,192.45
1785073264.0490184,100.0,24877.0,283.83
1785073265.08826,94.0,1579.0,166.46
1785073266.1443017,100.0,6159.0,142.79
1785073267.1812618,100.0,6159.0,350.3
1785073268.22076,100.0,7851.0,231.41
1785073269.2602236,42.0,2253.0,132.26
1785073270.2969987,100.0,6159.0,239.86
1785073271.3597357,67.0,6159.0,308.42
1785073272.396211,94.0,649.0,151.68
1785073273.433307,95.0,6159.0,119.59
1785073274.4737906,100.0,6159.0,353.17
1785073275.508519,100.0,7851.0,227.47
1785073276.54816,62.0,1167.0,146.1
1785073277.6040854,100.0,6159.0,242.81
1785073278.644733,90.0,6159.0,329.73
1785073279.6802447,53.0,491.0,156.38
1785073280.7203703,40.0,5507.0,93.69
1785073281.7574337,100.0,6159.0,330.95
1785073282.796093,71.0,521.0,257.31
1785073283.8366258,25.0,1835.0,160.21
1785073284.8732204,100.0,6159.0,188.9
1785073285.9136384,100.0,6159.0,350.17
1785073286.9561758,80.0,7531.0,194.62
1785073287.9965708,42.0,4455.0,97.68
1785073289.0360308,100.0,7847.0,303.06
1785073290.0734632,100.0,7847.0,352.22
1785073291.1138885,100.0,7847.0,347.08
1785073292.153635,100.0,7847.0,345.53
1785073293.1934052,100.0,7847.0,348.15
1785073294.2331583,100.0,7847.0,349.24
1785073295.2744749,100.0,24875.0,215.96
1785073296.3169954,100.0,24875.0,278.75
1785073297.3601272,100.0,1005.0,160.78
1785073298.397042,83.0,6161.0,141.22
1785073299.4376569,100.0,6161.0,350.62
1785073300.478084,100.0,7851.0,231.08
1785073301.5203156,43.0,1883.0,127.85
1785073302.5570421,100.0,6159.0,242.2
1785073303.616403,72.0,6159.0,308.09
1785073304.6752033,81.0,699.0,156.79
1785073305.7128978,100.0,6789.0,147.02
1785073306.7490287,100.0,7847.0,350.36
1785073307.789374,100.0,7847.0,345.82
1785073308.8295228,100.0,7847.0,351.36
1785073309.8705657,100.0,7847.0,349.17
1785073310.909244,100.0,7847.0,352.58
1785073311.9493825,78.0,7847.0,317.25
1785073312.9885125,100.0,24877.0,217.76
1785073314.0440602,100.0,24877.0,270.41
1785073315.079706,33.0,1835.0,134.99
1785073316.1217897,100.0,6159.0,200.97
1785073317.1620169,100.0,6159.0,347.98
1785073318.2202425,67.0,7851.0,198.97
1785073319.256399,43.0,4453.0,98.01
1785073320.3170428,100.0,6159.0,321.12
1785073321.352495,62.0,4541.0,258.28
1785073322.3926232,35.0,1833.0,152.5
1785073323.4291458,100.0,6161.0,191.31
1785073324.4693792,100.0,6161.0,349.83
1785073325.5041556,42.0,7287.0,170.98
1785073326.540334,42.0,5097.0,95.07
1785073327.5775445,100.0,6159.0,309.05
1785073328.619977,86.0,397.0,239.39
1785073329.656875,25.0,1885.0,158.95
1785073330.7117739,100.0,7521.0,210.14
1785073331.7491698,100.0,7847.0,349.44
1785073332.7900605,100.0,7847.0,344.71
1785073333.829938,100.0,7847.0,350.05
1785073334.869473,100.0,7847.0,346.03
1785073335.9051225,100.0,7847.0,345.34
1785073336.939991,91.0,465.0,256.24
1785073337.976687,100.0,24875.0,261.17
1785073339.0119557,67.0,491.0,234.45
1785073340.0482595,43.0,3075.0,101.34
1785073341.0850012,100.0,6159.0,285.54
1785073342.1252265,70.0,6159.0,299.72
1785073343.165042,45.0,1831.0,151.6
1785073344.205504,100.0,6159.0,164.8
1785073345.2498388,100.0,6159.0,349.68
1785073346.290735,100.0,7851.0,215.57
1785073347.3283193,43.0,2855.0,130.62
1785073348.3846788,100.0,6159.0,281.68
1785073349.421787,72.0,6159.0,301.83
1785073350.4608774,46.0,1833.0,157.25
1785073351.4970434,100.0,6159.0,164.14
1785073352.5329094,100.0,6159.0,347.64
1785073353.5772321,100.0,7851.0,209.04
1785073354.6162667,43.0,3575.0,114.69
1785073355.6533756,100.0,6159.0,284.85
1785073356.6929173,57.0,6159.0,279.3
1785073357.7363884,42.0,2027.0,158.65
1785073358.7729983,100.0,6159.0,161.81
1785073359.812941,100.0,6159.0,348.58
1785073360.8550503,100.0,7851.0,214.01
1785073361.896275,43.0,3215.0,111.2
1785073362.951942,100.0,7521.0,277.53
1785073363.9902582,100.0,7847.0,344.49
1785073365.0294878,100.0,7847.0,349.81
1785073366.0697756,100.0,7847.0,349.04
1785073367.1106493,100.0,7847.0,348.16
1785073368.151595,100.0,7847.0,353.56
1785073369.1930876,100.0,24877.0,213.64
1785073370.2390862,100.0,24877.0,287.2
1785073371.2947054,100.0,595.0,175.44
1785073372.3333685,56.0,6159.0,119.5
1785073373.3735425,100.0,6159.0,348.91
1785073374.4129362,74.0,7851.0,224.32
1785073375.452157,37.0,469.0,154.35
1785073376.4892855,100.0,6159.0,217.08
1785073377.5258732,100.0,6159.0,349.84
1785073378.5641155,91.0,1437.0,183.32
1785073379.6043355,44.0,4659.0,96.55
1785073380.6420524,100.0,7847.0,304.06
1785073381.6818714,100.0,7847.0,348.17
1785073382.7211084,100.0,7847.0,345.0
1785073383.7615924,100.0,7847.0,347.79
1785073384.7973325,100.0,7847.0,346.58
1785073385.8383214,100.0,7847.0,347.86
1785073386.8808675,100.0,24875.0,197.58
1785073387.9222555,100.0,24875.0,279.05
1785073388.9642408,100.0,1203.0,179.3
1785073390.0011966,100.0,6159.0,140.6
1785073391.0374038,100.0,6159.0,348.06
1785073392.0787928,100.0,7851.0,219.23
1785073393.1163194,41.0,1829.0,141.47
1785073394.153773,100.0,9481.0,235.18
1785073395.1935396,100.0,9481.0,344.17
1785073396.2331953,100.0,10127.0,337.38
1785073397.2713008,100.0,10127.0,346.61
1785073398.3094733,100.0,10127.0,341.98
1785073399.3539279,100.0,10127.0,349.21
1785073400.394046,100.0,10127.0,347.48
1785073401.4330857,100.0,10127.0,344.86
1785073402.4742653,100.0,10127.0,344.17
1785073403.5324013,100.0,10127.0,349.78
1785073404.5691698,100.0,10127.0,344.9
1785073405.6094275,100.0,10127.0,353.65
1785073406.6672976,89.0,6397.0,254.96
1785073407.7045634,100.0,40759.0,259.09
1785073408.899027,100.0,33545.0,250.88
1785073409.941301,100.0,33545.0,274.89
1785073410.9802697,38.0,473.0,225.69
1785073412.0202043,74.0,821.0,104.11
1785073413.0571554,100.0,6159.0,214.41
1785073414.0969803,100.0,6159.0,349.13
1785073415.1320157,41.0,471.0,165.74
1785073416.1684623,41.0,5223.0,96.25
1785073417.2058237,100.0,7847.0,330.82
1785073418.2458248,100.0,7847.0,348.34
1785073419.289584,100.0,7847.0,344.71
1785073420.3296468,100.0,7847.0,348.92
1785073421.3693392,100.0,7847.0,344.78
1785073422.4107673,100.0,7847.0,347.87
1785073423.4500475,100.0,24875.0,209.48
1785073424.4932103,100.0,24875.0,285.55
1785073425.555223,96.0,1729.0,146.54
1785073426.5930388,100.0,6161.0,144.82
1785073427.63312,100.0,6161.0,350.11
1785073428.6728606,100.0,7851.0,205.03
1785073429.7162657,43.0,2169.0,132.63
1785073430.7534497,100.0,6159.0,233.71
1785073431.7932365,72.0,6159.0,317.3
1785073432.8368616,90.0,597.0,155.09
1785073433.8736794,100.0,6789.0,119.21
1785073434.9130418,100.0,7847.0,349.24
1785073435.953644,100.0,7847.0,351.63
1785073436.9938214,100.0,7847.0,344.8
1785073438.0339608,100.0,7847.0,347.6
1785073439.074032,100.0,7847.0,349.0
1785073440.1134415,83.0,7847.0,323.99
1785073441.1526687,100.0,24877.0,225.83
1785073442.1939769,100.0,24877.0,270.79
1785073443.2357745,37.0,1885.0,135.85
1785073444.273258,100.0,7521.0,187.34
1785073445.30926,100.0,7847.0,347.34
1785073446.3703105,100.0,7847.0,345.31
1785073447.4093628,100.0,7847.0,351.25
1785073448.4494178,100.0,7847.0,346.24
1785073449.4915116,100.0,7847.0,351.55
1785073450.5286608,67.0,5465.0,281.19
1785073451.5657792,100.0,24875.0,252.13
1785073452.6036952,33.0,24875.0,251.68
1785073453.6404257,64.0,1603.0,108.36
1785073454.6780052,100.0,7521.0,243.7
1785073455.7174566,100.0,7847.0,348.21
1785073456.753635,100.0,7847.0,354.35
1785073457.7952363,100.0,7847.0,342.94
1785073458.833164,100.0,7847.0,351.87
1785073459.874171,100.0,7847.0,347.59
1785073460.9117513,76.0,24875.0,227.32
1785073461.951824,100.0,24875.0,290.83
1785073462.987811,100.0,631.0,213.81
1785073464.0244539,43.0,4411.0,99.01
1785073465.0615692,100.0,7847.0,308.02
1785073466.101232,100.0,7847.0,346.41
1785073467.1407864,100.0,7847.0,348.53
1785073468.1767619,100.0,7847.0,345.92
1785073469.213474,100.0,7847.0,347.0
1785073470.273483,100.0,7847.0,349.75
1785073471.308692,100.0,24877.0,211.79
1785073472.3490777,100.0,24877.0,276.92
1785073473.3844535,100.0,651.0,182.85
1785073474.4208758,70.0,8031.0,117.36
1785073475.4639225,100.0,9481.0,352.71
1785073476.501457,100.0,10127.0,355.17
1785073477.5405097,100.0,10127.0,343.68
1785073478.5963056,100.0,10127.0,338.49
1785073479.6340559,100.0,10127.0,342.32
1785073480.6735656,100.0,10127.0,348.71
1785073481.7132475,100.0,10127.0,347.46
1785073482.753631,100.0,10127.0,354.74
1785073483.7932131,100.0,10127.0,349.71
1785073484.8333895,100.0,10127.0,343.08
1785073485.8732948,100.0,10127.0,343.38
1785073486.9140704,100.0,10127.0,350.8
1785073487.9517393,100.0,40759.0,194.5
1785073488.9884276,100.0,40759.0,291.12
1785073490.0280004,100.0,33545.0,253.42
1785073491.0688791,100.0,33545.0,266.44
1785073492.1078455,100.0,515.0,170.26
1785073493.1443214,43.0,3985.0,111.74
1785073494.181213,100.0,9481.0,303.18
1785073495.2210495,100.0,10127.0,340.28
1785073496.2571442,100.0,10127.0,353.53
1785073497.2925408,100.0,10127.0,344.86
1785073498.3284776,100.0,10127.0,346.23
1785073499.3849173,100.0,10127.0,346.47
1785073500.426214,100.0,10127.0,348.21
1785073501.5049548,100.0,10127.0,343.66
1785073502.5453048,100.0,10127.0,351.41
1785073503.5855663,100.0,10127.0,346.03
1785073504.6261754,100.0,10127.0,346.35
1785073505.6656768,100.0,10127.0,348.72
1785073506.706134,99.0,40759.0,210.86
1785073507.744481,100.0,40759.0,289.72
1785073508.7809625,100.0,33545.0,252.02
1785073509.826243,100.0,33545.0,282.8
1785073510.8640683,61.0,549.0,223.91
1785073511.9011328,70.0,1181.0,104.12
1785073512.9375367,100.0,6159.0,237.74
1785073513.9771478,100.0,6159.0,348.07
1785073515.0160954,87.0,631.0,165.38
1785073516.054501,52.0,6787.0,123.09
1785073517.0930886,100.0,7847.0,344.02
1785073518.1485877,100.0,7847.0,350.4
1785073519.1852226,100.0,7847.0,348.06
1785073520.2251422,100.0,7847.0,346.5
1785073521.2659006,100.0,7847.0,350.6
1785073522.3093612,100.0,7847.0,344.94
1785073523.3484921,100.0,24875.0,193.59
1785073524.389816,100.0,24875.0,272.12
1785073525.4325423,40.0,2027.0,149.7
1785073526.4687378,100.0,6161.0,163.6
1785073527.5050654,100.0,6161.0,349.4
1785073528.546117,100.0,7851.0,213.6
1785073529.5882967,43.0,2795.0,127.01
1785073530.6443167,100.0,6721.0,279.51
1785073531.6816149,100.0,6721.0,350.15
1785073532.7209997,100.0,6721.0,347.15
1785073533.7623456,100.0,12843.0,212.02
1785073534.8039148,100.0,569.0,207.95
1785073535.8409584,100.0,6789.0,124.06
1785073536.8775058,100.0,7847.0,348.06
1785073537.9323258,100.0,7847.0,351.8
1785073538.9690714,100.0,7847.0,346.61
1785073540.0051446,100.0,7847.0,348.07
1785073541.0454686,100.0,7847.0,351.7
1785073542.0853124,85.0,7847.0,324.67
1785073543.124099,100.0,24877.0,225.85
1785073544.1659856,100.0,24877.0,272.51
1785073545.2233677,24.0,1835.0,119.59
1785073546.2611883,100.0,6159.0,189.78
1785073547.301128,100.0,6159.0,345.37
1785073548.3357704,75.0,7851.0,194.02
1785073549.3763957,42.0,4181.0,97.63
1785073550.4139953,100.0,6721.0,286.07
1785073551.4532785,100.0,6721.0,349.96
1785073552.493757,100.0,6721.0,349.25
1785073553.5330784,100.0,12843.0,208.75
1785073554.5721126,42.0,2027.0,174.4
1785073555.6088223,100.0,6159.0,165.9
1785073556.6642096,100.0,6159.0,350.47
1785073557.7011836,100.0,7851.0,212.06
1785073558.7402694,42.0,4041.0,112.18
1785073559.7772715,100.0,6159.0,299.25
1785073560.8164144,72.0,5893.0,282.61
1785073561.856677,25.0,1833.0,159.38
1785073562.9122534,100.0,6161.0,190.13
1785073563.9495661,100.0,6161.0,348.17
1785073565.0066848,69.0,397.0,197.72
1785073566.0442786,41.0,5537.0,95.98
1785073567.0812876,100.0,6159.0,328.1
1785073568.1161544,75.0,749.0,232.44
1785073569.156307,63.0,1143.0,153.46
1785073570.192991,100.0,6161.0,225.93
1785073571.2330098,88.0,6161.0,328.24
1785073572.27176,85.0,511.0,161.74
1785073573.3131983,40.0,6159.0,117.07
1785073574.353017,100.0,6159.0,351.7
1785073575.3886654,73.0,7851.0,230.83
1785073576.4241316,67.0,703.0,145.08
1785073577.4652822,100.0,6159.0,211.14
1785073578.504492,100.0,6159.0,351.98
1785073579.539781,95.0,491.0,171.09
1785073580.5772142,41.0,5809.0,93.91
1785073581.6365302,100.0,6159.0,350.84
1785073582.6717062,85.0,7851.0,234.43
1785073583.7077048,29.0,399.0,159.32
1785073584.745121,100.0,6159.0,213.7
1785073585.7850094,100.0,6159.0,351.39
1785073586.8239255,61.0,471.0,170.68
1785073587.8607392,43.0,5043.0,92.99
1785073588.8975134,100.0,6159.0,308.14
1785073589.9359431,84.0,467.0,245.22
1785073590.9718864,40.0,415.0,156.43
1785073592.00924,100.0,6161.0,228.82
1785073593.0495543,100.0,6161.0,349.19
1785073594.0878816,41.0,471.0,184.83
1785073595.1284196,41.0,5265.0,92.51
1785073596.1848602,100.0,6721.0,325.14
1785073597.2213736,100.0,6721.0,347.94
1785073598.2609136,100.0,6721.0,348.01
1785073599.300001,100.0,12843.0,201.76
1785073600.3357184,47.0,1231.0,161.07
1785073601.3737075,100.0,6161.0,206.64
1785073602.4140325,100.0,6161.0,349.3
1785073603.452022,41.0,397.0,181.31
1785073604.4882865,43.0,4843.0,92.79
1785073605.524865,100.0,6159.0,330.13
1785073606.5600033,60.0,2507.0,253.87
1785073607.595854,38.0,1835.0,158.54
1785073608.6333706,100.0,6159.0,198.7
1785073609.696375,100.0,6159.0,349.86
1785073610.731808,95.0,7851.0,205.39
1785073611.7683387,43.0,4985.0,110.0
1785073612.8051755,100.0,6161.0,330.02
1785073613.8632119,89.0,561.0,257.89
1785073614.9001167,37.0,643.0,153.52
1785073615.9369185,100.0,6161.0,220.93
1785073616.9772534,100.0,6161.0,348.69
1785073618.0200586,99.0,491.0,163.71
1785073619.057486,67.0,6161.0,116.75
1785073620.0970685,100.0,6161.0,350.75
1785073621.1376493,92.0,7851.0,226.36
1785073622.180157,41.0,2215.0,156.45
1785073623.2363842,100.0,6161.0,260.15
1785073624.2734556,69.0,6161.0,325.61
1785073625.312239,44.0,1387.0,156.95
1785073626.34923,100.0,6159.0,138.86
1785073627.3894858,100.0,6159.0,351.78
1785073628.4297824,100.0,7851.0,219.86
1785073629.468291,43.0,3175.0,136.37
1785073630.5248709,100.0,7521.0,279.14
1785073631.5633812,100.0,7847.0,350.14
1785073632.6015012,100.0,7847.0,350.54
1785073633.6416361,100.0,7847.0,347.85
1785073634.6824684,100.0,7847.0,348.89
1785073635.7221005,100.0,7847.0,348.22
1785073636.7635775,100.0,24877.0,222.1
1785073637.8070574,100.0,24877.0,281.76
1785073638.8437266,100.0,567.0,190.0
1785073639.885492,80.0,6161.0,120.84
1785073640.9250984,100.0,6161.0,350.45
1785073641.9652123,88.0,7851.0,225.78
1785073643.0273433,43.0,2623.0,146.57
1785073644.0651963,100.0,7273.0,260.89
1785073645.1051996,100.0,7273.0,346.29
1785073646.1459508,100.0,7273.0,350.47
1785073647.1851878,100.0,7273.0,348.94
1785073648.2257814,72.0,7273.0,310.23
1785073649.2657876,100.0,18861.0,210.21
1785073650.3048534,100.0,633.0,211.11
1785073651.3413086,67.0,6475.0,120.72
1785073652.381672,100.0,7273.0,351.16
1785073653.4255447,100.0,7273.0,349.09
1785073654.4649744,100.0,7273.0,349.64
1785073655.501776,100.0,7273.0,348.04
1785073656.5396988,81.0,18859.0,232.35
1785073657.5825312,100.0,18859.0,259.34
1785073658.6210475,34.0,1851.0,149.67
1785073659.6623085,100.0,7027.0,189.28
1785073660.7009742,100.0,7273.0,353.89
1785073661.7370274,100.0,7273.0,348.81
1785073662.7730744,100.0,7273.0,353.47
1785073663.8094935,100.0,7273.0,344.22
1785073664.8484793,100.0,18861.0,208.79
1785073665.8836064,100.0,18861.0,260.58
1785073666.924156,43.0,3575.0,100.25
1785073667.9615953,100.0,7521.0,284.2
1785073669.0210075,100.0,7847.0,345.34
1785073670.0576115,100.0,7847.0,349.23
1785073671.097422,100.0,7847.0,350.15
1785073672.1397913,100.0,7847.0,343.84
1785073673.1772006,100.0,7847.0,350.03
1785073674.2157402,100.0,24877.0,217.17
1785073675.253436,100.0,24877.0,293.29
1785073676.2919235,100.0,677.0,179.88
1785073677.3293662,96.0,6159.0,121.93
1785073678.3886902,100.0,6159.0,349.29
1785073679.4253893,97.0,7851.0,226.16
1785073680.4644618,41.0,2495.0,154.45
1785073681.5014117,100.0,6161.0,262.31
1785073682.541468,72.0,6161.0,311.0
1785073683.5809581,40.0,1389.0,166.84
1785073684.6216137,100.0,7517.0,163.46
1785073685.661673,100.0,7847.0,349.89
1785073686.7023938,100.0,7847.0,346.6
1785073687.741555,100.0,7847.0,351.12
1785073688.7815468,100.0,7847.0,345.52
1785073689.8206975,100.0,7847.0,347.08
1785073690.8568323,71.0,7847.0,301.64
1785073691.8984296,100.0,24877.0,245.35
1785073692.9378684,100.0,24877.0,278.59
1785073693.9801354,45.0,1229.0,103.56
1785073695.018633,100.0,7521.0,235.82
1785073696.0571034,100.0,7847.0,348.06
1785073697.097357,100.0,7847.0,345.33
1785073698.1386132,100.0,7847.0,349.14
1785073699.1777103,100.0,7847.0,344.31
1785073700.2361856,100.0,7847.0,349.46
1785073701.271833,80.0,24877.0,235.12
1785073702.311742,100.0,24877.0,293.66
1785073703.3482797,100.0,589.0,218.7
1785073704.3884838,42.0,4923.0,102.81
1785073705.4440212,100.0,7847.0,327.11
1785073706.4814975,100.0,7847.0,344.31
1785073707.5218995,100.0,7847.0,347.5
1785073708.5618718,100.0,7847.0,343.6
1785073709.6015804,100.0,7847.0,353.91
1785073710.66004,100.0,7847.0,348.42
1785073711.700644,100.0,24877.0,205.17
1785073712.7378333,100.0,24877.0,282.49
1785073713.7764716,53.0,1581.0,152.91
1785073714.8136818,100.0,6555.0,154.85
1785073715.8531783,100.0,6721.0,347.87
1785073716.8929796,100.0,6721.0,352.83
1785073717.9335349,71.0,6721.0,283.52
1785073718.9747105,100.0,12843.0,240.55
1785073720.0122783,43.0,2815.0,123.02
1785073721.0489616,100.0,6161.0,261.79
1785073722.093487,72.0,6161.0,302.76
1785073723.1321836,54.0,911.0,159.65
1785073724.1696563,100.0,6949.0,163.39
1785073725.2091384,100.0,7847.0,347.72
1785073726.2495296,100.0,7847.0,345.47
1785073727.2896154,100.0,7847.0,351.62
1785073728.3488975,100.0,7847.0,346.88
1785073729.3896234,100.0,7847.0,349.25
1785073730.4291916,72.0,7847.0,302.27
1785073731.4704628,100.0,24877.0,240.26
1785073732.507855,100.0,24877.0,274.87
1785073733.567139,60.0,863.0,105.74
1785073734.6058943,100.0,6721.0,245.08
1785073735.645196,100.0,6721.0,348.45
1785073736.6853497,100.0,6721.0,353.32
1785073737.7259731,76.0,12843.0,225.64
1785073738.764583,100.0,511.0,240.4
1785073739.8016284,40.0,6789.0,96.39
1785073740.8604877,100.0,7847.0,349.62
1785073741.897745,100.0,7847.0,352.26
1785073742.9375236,100.0,7847.0,344.81
1785073743.9771585,100.0,7847.0,354.55
1785073745.0175176,100.0,7847.0,351.82
1785073746.0569487,100.0,7847.0,325.3
1785073747.092435,100.0,24877.0,193.0
1785073748.1332173,100.0,24877.0,272.24
1785073749.17213,41.0,2035.0,149.51
1785073750.2101686,100.0,6555.0,163.97
1785073751.2536426,100.0,6721.0,350.41
1785073752.293407,100.0,6721.0,348.12
1785073753.3331802,58.0,6721.0,280.15
1785073754.3757172,100.0,12843.0,241.84
1785073755.4122906,43.0,2921.0,122.78
1785073756.4491282,100.0,7521.0,257.23
1785073757.4895682,100.0,7847.0,348.12
1785073758.5294077,100.0,7847.0,341.68
1785073759.5696826,100.0,7847.0,349.8
1785073760.609047,100.0,7847.0,348.43
1785073761.6488414,100.0,7847.0,344.42
1785073762.6865869,100.0,24877.0,204.37
1785073763.7244067,100.0,24877.0,293.05
1785073764.7596812,100.0,515.0,195.4
1785073765.796433,41.0,5223.0,102.89
1785073766.8376179,100.0,7847.0,324.69
1785073767.8779209,100.0,7847.0,343.74
1785073768.920033,100.0,7847.0,345.95
1785073769.957714,100.0,7847.0,346.94
1785073771.0018775,100.0,7847.0,353.88
1785073772.0413668,100.0,7847.0,347.01
1785073773.0836747,100.0,24875.0,205.5
1785073774.1209085,100.0,24875.0,284.05
1785073775.160331,51.0,1615.0,152.19
1785073776.197588,100.0,7521.0,163.66
1785073777.237896,100.0,7847.0,349.01
1785073778.2774217,100.0,7847.0,349.93
1785073779.3180058,100.0,7847.0,343.73
1785073780.357516,100.0,7847.0,349.67
1785073781.3978565,100.0,7847.0,349.82
1785073782.437419,71.0,7847.0,292.58
1785073783.4777591,100.0,24877.0,240.62
1785073784.515916,100.0,24877.0,267.3
1785073785.5754068,55.0,1309.0,100.84
1785073786.6133466,100.0,6721.0,232.09
1785073787.6492937,100.0,6721.0,350.01
1785073788.6855366,100.0,6721.0,347.88
1785073789.7250056,82.0,12843.0,209.82
1785073790.7598202,100.0,549.0,230.91
1785073791.8154712,42.0,5447.0,101.49
1785073792.8538897,100.0,6159.0,346.78
1785073793.8931944,95.0,1143.0,237.85
1785073794.9322932,57.0,889.0,159.36
1785073795.969863,100.0,7521.0,232.92
1785073797.009671,100.0,7847.0,349.57
1785073798.0490742,100.0,7847.0,345.51
1785073799.0904324,100.0,7847.0,347.01
1785073800.1292324,100.0,7847.0,343.47
1785073801.1696923,100.0,7847.0,352.26
1785073802.207806,82.0,24877.0,234.62
1785073803.2480059,100.0,24877.0,286.17
1785073804.2878726,100.0,553.0,216.88
1785073805.3244154,43.0,3621.0,112.14
1785073806.3613927,100.0,7521.0,300.07
1785073807.399069,100.0,7847.0,348.52
1785073808.4414601,100.0,7847.0,351.35
1785073809.4817681,100.0,7847.0,344.07
1785073810.5216155,100.0,7847.0,352.95
1785073811.5616884,100.0,7847.0,347.04
1785073812.602291,100.0,24875.0,220.05
1785073813.6463125,100.0,24875.0,282.32
1785073814.6840746,100.0,549.0,190.23
1785073815.7212527,72.0,6789.0,118.99
1785073816.7813993,100.0,7847.0,348.9
1785073817.8214018,100.0,7847.0,342.74
1785073818.8615623,100.0,7847.0,352.83
1785073819.9014475,100.0,7847.0,347.91
1785073820.9412904,100.0,7847.0,348.51
1785073821.976982,67.0,7847.0,325.55
1785073823.037093,100.0,24877.0,226.16
1785073824.072448,100.0,24877.0,285.39
1785073825.1086292,30.0,1835.0,138.6
1785073826.1453679,100.0,6159.0,202.92
1785073827.185373,100.0,6159.0,350.25
1785073828.2237263,100.0,7851.0,210.24
1785073829.264487,40.0,4883.0,102.5
1785073830.3020537,100.0,7847.0,305.45
1785073831.3410966,100.0,7847.0,348.74
1785073832.3817918,100.0,7847.0,350.2
1785073833.417759,100.0,7847.0,341.66
1785073834.4578135,100.0,7847.0,348.65
1785073835.4973342,100.0,7847.0,347.38
1785073836.5365353,100.0,24877.0,202.36
1785073837.5949285,100.0,24877.0,271.06
1785073838.6323996,100.0,1191.0,171.13
1785073839.6694303,100.0,6789.0,148.5
1785073840.711193,100.0,7847.0,350.6
1785073841.7490115,100.0,7847.0,346.94
1785073842.7895653,100.0,7847.0,356.39
1785073843.830297,100.0,7847.0,343.74
1785073844.8887336,100.0,7847.0,349.74
1785073845.9294183,75.0,7847.0,299.8
1785073846.9708853,100.0,24877.0,227.27
1785073848.0123477,100.0,24877.0,279.97
1785073849.0479462,58.0,851.0,128.45
1785073850.1046045,100.0,7521.0,212.19
1785073851.14569,100.0,7847.0,347.87
1785073852.184927,100.0,7847.0,347.95
1785073853.2216446,100.0,7847.0,352.94
1785073854.2609735,100.0,7847.0,345.81
1785073855.3012693,100.0,7847.0,350.01
1785073856.3441944,93.0,623.0,219.83
1785073857.3821893,100.0,24877.0,274.82
1785073858.4388773,100.0,489.0,222.14
1785073859.5031796,42.0,3339.0,100.82
1785073860.5410619,100.0,6159.0,286.15
1785073861.5811675,68.0,6159.0,293.21
1785073862.6253564,34.0,1831.0,159.7
1785073863.6610088,100.0,6159.0,159.85
1785073864.701567,100.0,6159.0,347.49
1785073865.745774,100.0,7851.0,218.54
1785073866.7884016,43.0,3561.0,129.62
1785073867.8449485,100.0,7521.0,300.41
1785073868.8829458,100.0,7847.0,343.2
1785073869.921723,100.0,7847.0,353.02
1785073870.961866,100.0,7847.0,347.56
1785073872.003629,100.0,7847.0,346.46
1785073873.0608964,100.0,7847.0,351.7
1785073874.0965164,100.0,24877.0,214.4
1785073875.1339946,100.0,24877.0,291.41
1785073876.1716537,100.0,663.0,188.11
1785073877.209168,47.0,6161.0,103.21
1785073878.2498038,100.0,6161.0,352.12
1785073879.2897496,75.0,7851.0,226.94
1785073880.3324344,43.0,2295.0,144.62
1785073881.3693047,100.0,7521.0,260.97
1785073882.4096727,100.0,7847.0,352.25
1785073883.4495695,100.0,7847.0,345.2
1785073884.4897873,100.0,7847.0,352.1
1785073885.5291607,100.0,7847.0,348.02
1785073886.569658,100.0,7847.0,347.69
1785073887.6096733,90.0,24877.0,216.56
1785073888.6546998,100.0,24877.0,284.27
1785073889.691564,100.0,513.0,205.6
1785073890.7292807,51.0,5973.0,112.52
1785073891.769318,100.0,6161.0,344.23
1785073892.8086114,95.0,7851.0,236.97
1785073893.8482156,43.0,1603.0,159.17
1785073894.8856883,100.0,7521.0,251.83
1785073895.9254017,100.0,7847.0,349.07
1785073896.965539,100.0,7847.0,346.69
1785073898.0061972,100.0,7847.0,351.17
1785073899.0453815,100.0,7847.0,350.11
1785073900.085215,100.0,7847.0,345.95
1785073901.1279964,100.0,24877.0,220.96
1785073902.1711705,100.0,24877.0,284.38
1785073903.2303736,100.0,515.0,213.88
1785073904.268393,42.0,5143.0,98.57
1785073905.309722,100.0,7847.0,329.08
1785073906.3498726,100.0,7847.0,347.71
1785073907.410829,100.0,7847.0,345.8
1785073908.449524,100.0,7847.0,346.12
1785073909.4854472,100.0,7847.0,348.62
1785073910.5272267,100.0,7847.0,347.49
1785073911.5644841,100.0,24877.0,211.21
1785073912.6022058,100.0,24877.0,278.63
1785073913.640796,52.0,1799.0,153.27
1785073914.6963692,100.0,8031.0,166.56
1785073915.7340753,100.0,9481.0,347.73
1785073916.791635,100.0,10127.0,347.24
1785073917.8339074,100.0,10127.0,345.26
1785073918.8739283,100.0,10127.0,343.66
1785073919.9324322,100.0,10127.0,347.31
1785073920.969601,100.0,10127.0,345.09
1785073922.0107172,100.0,10127.0,342.88
1785073923.0502052,100.0,10127.0,344.84
1785073924.1078975,100.0,10127.0,349.98
1785073925.1457994,100.0,10127.0,339.88
1785073926.1856914,100.0,10127.0,349.78
1785073927.225549,69.0,10127.0,322.24
1785073928.2645826,100.0,40761.0,204.77
1785073929.3071876,100.0,40761.0,293.92
1785073930.3469503,100.0,33545.0,234.32
1785073931.38982,100.0,33545.0,288.41
1785073932.431852,100.0,957.0,131.94
1785073933.492515,88.0,6159.0,123.36
1785073934.5294433,100.0,6159.0,350.26
1785073935.5707173,100.0,7851.0,234.19
1785073936.6124208,42.0,2595.0,129.33
1785073937.6498048,100.0,7521.0,256.41
1785073938.6891217,100.0,7847.0,351.96
1785073939.7255034,100.0,7847.0,347.67
1785073940.7655025,100.0,7847.0,347.04
1785073941.8059762,100.0,7847.0,349.29
1785073942.8685951,100.0,7847.0,345.2
1785073943.90661,100.0,24877.0,220.84
1785073944.9447021,100.0,24877.0,286.57
1785073945.998843,100.0,515.0,183.98
1785073947.0412827,68.0,6789.0,119.18
1785073948.0853457,100.0,7847.0,350.83
1785073949.1212926,100.0,7847.0,344.24
1785073950.1619003,100.0,7847.0,348.15
1785073951.201475,100.0,7847.0,348.11
1785073952.241743,100.0,7847.0,348.31
1785073953.2811868,100.0,7847.0,347.93
1785073954.3220637,100.0,24877.0,201.14
1785073955.361547,100.0,24877.0,282.02
1785073956.4227197,30.0,1835.0,134.52
1785073957.4651494,100.0,6159.0,178.68
1785073958.525038,100.0,6159.0,347.14
1785073959.5640137,100.0,7851.0,206.3
1785073960.6002805,42.0,4073.0,96.83
1785073961.637204,100.0,6159.0,306.4
1785073962.676914,70.0,5809.0,279.35
1785073963.7119572,37.0,2027.0,161.87
1785073964.7498796,100.0,6159.0,164.42
1785073965.7897115,100.0,6159.0,350.02
1785073966.8315468,100.0,7851.0,212.72
1785073967.8683913,42.0,3901.0,127.82
1785073968.9057794,100.0,7521.0,305.8
1785073969.9465814,100.0,7847.0,346.06
1785073970.9853632,100.0,7847.0,349.3
1785073972.044445,100.0,7847.0,350.14
1785073973.0813155,100.0,7847.0,342.78
1785073974.121819,100.0,7847.0,350.3
1785073975.16371,100.0,24877.0,215.4
1785073976.2053664,100.0,24877.0,284.32
1785073977.2631164,100.0,747.0,178.87
1785073978.3057823,100.0,6435.0,143.49
1785073979.3456247,100.0,6721.0,354.8
1785073980.38554,100.0,6721.0,349.89
1785073981.4290547,72.0,6721.0,306.42
1785073982.4713278,100.0,12843.0,215.65
1785073983.508269,70.0,767.0,134.52
1785073984.5448427,100.0,8351.0,213.47
1785073985.5818164,100.0,9481.0,340.1
1785073986.6219935,100.0,10127.0,346.39
1785073987.6814303,100.0,10127.0,346.32
1785073988.7213652,100.0,10127.0,349.29
1785073989.761439,100.0,10127.0,352.19
1785073990.8014288,100.0,10127.0,342.17
1785073991.841201,100.0,10127.0,335.99
1785073992.8783443,100.0,10127.0,350.11
1785073993.9166017,100.0,10127.0,344.5
1785073994.9533675,100.0,10127.0,348.14
1785073995.9898229,100.0,10127.0,354.89
1785073997.0291176,71.0,10127.0,301.39
1785073998.0934796,100.0,40759.0,233.67
1785073999.132864,100.0,40759.0,285.3
1785074000.176022,100.0,33545.0,247.29
1785074001.2184615,100.0,33545.0,261.0
1785074002.2749443,91.0,1883.0,118.3
1785074003.3138247,100.0,7521.0,189.93
1785074004.353449,100.0,7847.0,349.55
1785074005.3942082,100.0,7847.0,346.69
1785074006.4332745,100.0,7847.0,352.04
1785074007.4730382,100.0,7847.0,346.33
1785074008.509103,100.0,7847.0,347.8
1785074009.548458,70.0,6485.0,277.19
1785074010.5857801,100.0,24877.0,253.66
1785074011.6238282,45.0,24877.0,259.45
1785074012.6603122,65.0,1463.0,101.8
1785074013.6970623,100.0,6161.0,244.79
1785074014.73713,92.0,6161.0,331.24
1785074015.7758176,98.0,663.0,160.41
1785074016.8178453,100.0,8031.0,140.39
1785074017.8774757,100.0,9481.0,350.4
1785074018.9131181,100.0,10127.0,346.93
1785074019.9535182,100.0,10127.0,351.01
1785074020.9930432,100.0,10127.0,346.04
1785074022.033012,100.0,10127.0,344.46
1785074023.0921335,100.0,10127.0,344.6
1785074024.130028,100.0,10127.0,348.82
1785074025.1690907,100.0,10127.0,357.11
1785074026.209542,100.0,10127.0,350.22
1785074027.249275,100.0,10127.0,343.72
1785074028.289745,100.0,10127.0,343.27
1785074029.32887,100.0,10127.0,349.48
1785074030.3659601,100.0,40759.0,190.22
1785074031.4100995,100.0,40759.0,294.77
1785074032.4513412,100.0,33545.0,251.98
1785074033.4899554,100.0,33545.0,272.56
1785074034.52772,100.0,615.0,165.73
1785074035.564327,41.0,5557.0,102.69
1785074036.6013525,100.0,6159.0,337.6
1785074037.6400476,85.0,749.0,241.16
1785074038.703089,63.0,1003.0,162.22
1785074039.7406898,100.0,7521.0,213.58
1785074040.7778113,100.0,7847.0,346.41
1785074041.8180006,100.0,7847.0,350.16
1785074042.8573318,100.0,7847.0,347.25
1785074043.8934155,100.0,7847.0,351.29
1785074044.9330652,100.0,7847.0,346.9
1785074045.9678254,96.0,24877.0,223.25
1785074047.0077302,100.0,24877.0,289.73
1785074048.0436742,87.0,513.0,229.46
1785074049.0803635,42.0,4303.0,100.87
1785074050.1177049,100.0,7521.0,303.47
1785074051.157087,100.0,7847.0,344.8
1785074052.197424,100.0,7847.0,347.52
1785074053.2370355,100.0,7847.0,352.02
1785074054.2776382,100.0,7847.0,348.54
1785074055.335559,100.0,7847.0,350.76
1785074056.3734493,100.0,24877.0,210.62
1785074057.4173565,100.0,24877.0,285.25
1785074058.46012,100.0,1039.0,177.15
1785074059.5163903,100.0,6159.0,140.05
1785074060.5534282,100.0,6159.0,349.67
1785074061.5940075,100.0,7851.0,222.4
1785074062.632294,52.0,1763.0,142.46
1785074063.669398,100.0,6721.0,255.93
1785074064.709778,100.0,6721.0,349.88
1785074065.749479,100.0,6721.0,349.27
1785074066.7888494,100.0,12843.0,220.48
1785074067.8428571,100.0,613.0,229.89
1785074068.8816717,43.0,5971.0,95.16
1785074069.9214635,100.0,6159.0,331.74
1785074070.9597728,93.0,7851.0,235.3
1785074071.9958398,45.0,1043.0,161.66
1785074073.033086,100.0,6159.0,204.4
1785074074.0923738,100.0,6159.0,351.85
1785074075.1285312,45.0,397.0,187.82
1785074076.1666248,59.0,8031.0,119.42
1785074077.206624,100.0,9481.0,348.91
1785074078.2460792,100.0,10127.0,341.78
1785074079.2861178,100.0,10127.0,350.54
1785074080.3257875,100.0,10127.0,341.94
1785074081.3844502,100.0,10127.0,339.98
1785074082.4251683,100.0,10127.0,348.12
1785074083.4658,100.0,10127.0,344.38
1785074084.5057154,100.0,10127.0,354.86
1785074085.545543,100.0,10127.0,348.01
1785074086.5857828,100.0,10127.0,342.62
1785074087.6253424,100.0,10127.0,346.24
1785074088.6667883,100.0,10127.0,348.66
1785074089.7039127,100.0,40761.0,200.74
1785074090.7405682,100.0,40761.0,291.36
1785074091.7796886,100.0,33545.0,261.55
1785074092.8171954,100.0,33545.0,268.42
1785074093.859679,100.0,549.0,182.6
1785074094.8963687,43.0,4155.0,102.95
1785074095.933357,100.0,6159.0,295.49
1785074096.9733014,55.0,5977.0,257.88
1785074098.0119193,43.0,2027.0,160.36
1785074099.0493326,100.0,6159.0,184.08
1785074100.0893354,100.0,6159.0,350.25
1785074101.1334915,100.0,7851.0,219.1
1785074102.1724727,43.0,4215.0,112.0
1785074103.2087944,100.0,7521.0,303.98
1785074104.249958,100.0,7847.0,345.48
1785074105.289863,100.0,7847.0,356.28
1785074106.3290498,100.0,7847.0,351.55
1785074107.3697135,100.0,7847.0,346.3
1785074108.4097567,100.0,7847.0,350.34
1785074109.451805,100.0,24877.0,212.84
1785074110.4935267,100.0,24877.0,284.84
1785074111.531751,100.0,665.0,181.83
1785074112.5692258,94.0,6165.0,123.31
1785074113.6094818,100.0,6721.0,355.98
1785074114.6682186,100.0,6721.0,346.85
1785074115.7089918,65.0,6721.0,326.53
1785074116.7502651,100.0,12843.0,211.27
1785074117.7879274,51.0,413.0,148.77
1785074118.8250165,100.0,6159.0,208.91
1785074119.8655303,100.0,6159.0,345.86
1785074120.9038024,40.0,471.0,170.79
1785074121.9456763,41.0,5889.0,105.33
1785074122.9853683,100.0,6159.0,337.29
1785074124.0280929,65.0,681.0,230.5
1785074125.0682616,62.0,1003.0,154.3
1785074126.105342,100.0,7521.0,223.76
1785074127.145761,100.0,7847.0,348.11
1785074128.1815395,100.0,7847.0,352.69
1785074129.2224662,100.0,7847.0,348.48
1785074130.2807949,100.0,7847.0,352.79
1785074131.321534,100.0,7847.0,352.27
1785074132.364002,76.0,24877.0,224.36
1785074133.4083083,100.0,24877.0,290.47
1785074134.4478583,100.0,573.0,213.11
1785074135.4882896,42.0,4705.0,100.56
1785074136.5255103,100.0,9481.0,307.61
1785074137.5611577,100.0,10127.0,342.54
1785074138.597676,100.0,10127.0,337.86
1785074139.6374645,100.0,10127.0,344.96
1785074140.676341,100.0,10127.0,349.1
1785074141.7124681,100.0,10127.0,348.53
1785074142.748977,100.0,10127.0,353.37
1785074143.7852912,100.0,10127.0,343.17
1785074144.8257587,100.0,10127.0,337.61
1785074145.8855171,100.0,10127.0,344.64
1785074146.9266138,100.0,10127.0,343.55
1785074147.9656138,100.0,10127.0,350.43
1785074149.0041506,80.0,40759.0,215.8
1785074150.0503287,100.0,40759.0,288.47
1785074151.1082094,100.0,33545.0,256.25
1785074152.150481,100.0,33545.0,267.0
1785074153.187819,100.0,567.0,212.09
1785074154.22454,42.0,2341.0,105.08
1785074155.2621756,100.0,7521.0,257.51
1785074156.3016655,100.0,7847.0,353.89
1785074157.3417697,100.0,7847.0,345.47
1785074158.3820035,100.0,7847.0,344.45
1785074159.421754,100.0,7847.0,351.0
1785074160.4807584,100.0,7847.0,347.52
1785074161.5185146,100.0,24875.0,224.75
1785074162.5577881,100.0,24875.0,281.54
1785074163.5957773,100.0,515.0,213.11
1785074164.6386185,61.0,6789.0,117.97
1785074165.677587,100.0,7847.0,351.23
1785074166.7177153,100.0,7847.0,343.61
1785074167.7621582,100.0,7847.0,351.32
1785074168.80101,100.0,7847.0,344.58
1785074169.8412933,100.0,7847.0,347.89
1785074170.880991,100.0,7847.0,346.58
1785074171.9203894,100.0,24877.0,205.96
1785074172.9605095,100.0,24877.0,282.18
1785074173.995783,41.0,1883.0,147.86
1785074175.0335207,100.0,7521.0,190.29
1785074176.0736544,100.0,7847.0,350.08
1785074177.1148686,100.0,7847.0,353.61
1785074178.1539981,100.0,7847.0,344.07
1785074179.193225,100.0,7847.0,349.72
1785074180.234341,100.0,7847.0,345.06
1785074181.2727554,69.0,5505.0,263.99
1785074182.3102279,100.0,24877.0,243.14
1785074183.3475173,2.0,24877.0,259.69
1785074184.3843617,54.0,1589.0,101.23
1785074185.4213994,100.0,6161.0,235.54
1785074186.4607317,83.0,6161.0,317.24
1785074187.4959888,63.0,493.0,148.6
1785074188.5365148,39.0,5513.0,94.8
1785074189.5732782,100.0,7847.0,327.16
1785074190.6138818,100.0,7847.0,350.23
1785074191.6553981,100.0,7847.0,343.67
1785074192.693701,100.0,7847.0,349.33
1785074193.7338011,100.0,7847.0,346.26
1785074194.7752986,100.0,7847.0,348.74
1785074195.8137112,100.0,24877.0,197.7
1785074196.8538437,100.0,24877.0,283.77
1785074197.8965147,82.0,1731.0,164.75
1785074198.9376416,100.0,6947.0,172.57
1785074199.9776473,100.0,7847.0,347.36
1785074201.0173712,100.0,7847.0,349.59
1785074202.076044,100.0,7847.0,352.47
1785074203.1131058,100.0,7847.0,347.07
1785074204.1689367,100.0,7847.0,350.52
1785074205.2081003,68.0,7847.0,297.92
1785074206.244572,100.0,24875.0,244.82
1785074207.2870424,100.0,24875.0,274.34
1785074208.3243,50.0,1183.0,109.37
1785074209.3631465,100.0,7521.0,234.03
1785074210.4197428,100.0,7847.0,349.42
1785074211.4576912,100.0,7847.0,345.66
1785074212.4995735,100.0,7847.0,348.75
1785074213.5373266,100.0,7847.0,342.51
1785074214.5773432,100.0,7847.0,350.04
1785074215.6158965,96.0,24877.0,228.3
1785074216.6555824,100.0,24877.0,286.3
1785074217.6920197,93.0,529.0,223.22
1785074218.728275,43.0,3455.0,100.49
1785074219.7653806,100.0,7521.0,289.81
1785074220.8067849,100.0,7847.0,348.67
1785074221.8454597,100.0,7847.0,346.97
1785074222.8850455,100.0,7847.0,355.06
1785074223.9268718,100.0,7847.0,343.01
1785074224.965486,100.0,7847.0,351.35
1785074226.007236,100.0,24877.0,212.18
1785074227.0462132,100.0,24877.0,286.24
1785074228.1031904,100.0,535.0,199.6
1785074229.1419249,99.0,6789.0,129.19
1785074230.1814175,100.0,7847.0,350.08
1785074231.2214313,100.0,7847.0,350.35
1785074232.261619,100.0,7847.0,347.02
1785074233.30144,100.0,7847.0,348.94
1785074234.3421948,100.0,7847.0,349.19
1785074235.3853168,84.0,7847.0,324.89
1785074236.4442859,100.0,24877.0,212.98
1785074237.4821777,100.0,24877.0,267.28
1785074238.5206025,22.0,1835.0,138.13
1785074239.5577679,100.0,6161.0,191.34
1785074240.5973892,100.0,6161.0,350.98
1785074241.6359503,100.0,7851.0,203.86
1785074242.6722834,42.0,4617.0,111.05
1785074243.7098525,100.0,7847.0,328.39
1785074244.7491298,100.0,7847.0,345.09
1785074245.785391,100.0,7847.0,356.25
1785074246.825056,100.0,7847.0,349.91
1785074247.865053,100.0,7847.0,347.52
1785074248.9068234,100.0,7847.0,348.44
1785074249.9488964,100.0,24877.0,210.72
1785074250.9935293,100.0,24877.0,292.57
1785074252.0321538,98.0,945.0,165.88
1785074253.068986,96.0,8031.0,119.55
1785074254.1084232,100.0,9481.0,344.62
1785074255.1458385,100.0,10127.0,347.53
1785074256.185715,100.0,10127.0,348.78
1785074257.2255344,100.0,10127.0,349.13
1785074258.2654092,100.0,10127.0,349.71
1785074259.3076913,100.0,10127.0,344.86
1785074260.3461378,100.0,10127.0,339.55
1785074261.3856518,100.0,10127.0,343.38
1785074262.4249966,100.0,10127.0,348.61
1785074263.4852602,100.0,10127.0,345.99
1785074264.5251794,100.0,10127.0,346.13
1785074265.5663707,100.0,10127.0,351.44
1785074266.6052566,100.0,40759.0,219.59
1785074267.6638675,100.0,40759.0,294.6
1785074268.7037334,100.0,33545.0,244.72
1785074269.7471006,100.0,33545.0,269.43
1785074270.784001,100.0,583.0,184.73
1785074271.8203318,41.0,5423.0,98.64
1785074272.8572118,100.0,7847.0,330.38
1785074273.8977487,100.0,7847.0,351.56
1785074274.9369655,100.0,7847.0,345.85
1785074275.9739552,100.0,7847.0,352.92
1785074277.0131874,100.0,7847.0,345.05
1785074278.05434,100.0,7847.0,350.47
1785074279.0946424,100.0,24877.0,201.84
1785074280.154138,100.0,24877.0,285.11
1785074281.1961777,78.0,1883.0,147.41
1785074282.2334588,100.0,7521.0,189.52
1785074283.2738054,100.0,7847.0,345.78
1785074284.31335,100.0,7847.0,347.25
1785074285.3532832,100.0,7847.0,350.3
1785074286.3974462,100.0,7847.0,348.47
1785074287.437264,100.0,7847.0,348.45
1785074288.476397,69.0,7175.0,276.97
1785074289.5164793,100.0,24877.0,276.07
1785074290.5517957,74.0,24877.0,256.25
1785074291.5920541,74.0,1389.0,101.96
1785074292.6484697,100.0,6161.0,239.61
1785074293.684943,100.0,6161.0,352.78
1785074294.7197096,84.0,653.0,160.9
1785074295.757606,100.0,6789.0,137.66
1785074296.7985313,100.0,7847.0,344.59
1785074297.837595,100.0,7847.0,353.53
1785074298.8777986,100.0,7847.0,351.35
1785074299.9180236,100.0,7847.0,346.68
1785074300.9575922,100.0,7847.0,353.08
1785074301.997168,71.0,7847.0,300.74
1785074303.0359614,100.0,24877.0,230.15
1785074304.0774078,100.0,24877.0,289.68
1785074305.1210353,34.0,1909.0,115.81
1785074306.1615794,100.0,8031.0,192.41
1785074307.201585,100.0,9481.0,344.37
1785074308.241645,100.0,10127.0,339.52
1785074309.282686,100.0,10127.0,346.04
1785074310.3213475,100.0,10127.0,346.13
1785074311.3611772,100.0,10127.0,349.2
1785074312.4009986,100.0,10127.0,343.36
1785074313.4418368,100.0,10127.0,343.29
1785074314.481388,100.0,10127.0,339.03
1785074315.5220788,100.0,10127.0,348.42
1785074316.5615344,100.0,10127.0,347.36
1785074317.6014955,100.0,10127.0,347.15
1785074318.6454773,73.0,10127.0,323.08
1785074319.684457,100.0,40759.0,215.44
1785074320.7398024,100.0,40759.0,284.74
1785074321.776536,100.0,33545.0,239.83
1785074322.817176,100.0,33545.0,270.83
1785074323.8518653,100.0,977.0,131.49
1785074324.8896055,100.0,6159.0,142.44
1785074325.9292855,100.0,6159.0,350.11
1785074326.9646823,86.0,7851.0,215.94
1785074328.0043466,42.0,2315.0,144.72
1785074329.0415835,100.0,7521.0,255.99
1785074330.0807626,100.0,7847.0,349.15
1785074331.1177843,100.0,7847.0,347.14
1785074332.1570723,100.0,7847.0,348.14
1785074333.19663,100.0,7847.0,348.59
1785074334.2334905,100.0,7847.0,354.45
1785074335.2719018,76.0,24877.0,227.14
1785074336.334015,100.0,24877.0,287.99
1785074337.3755116,100.0,395.0,204.7
1785074338.4163218,41.0,4939.0,98.89
1785074339.4746878,100.0,6161.0,309.47
1785074340.5121968,87.0,1281.0,248.51
1785074341.547817,35.0,951.0,151.54
1785074342.6042216,100.0,7521.0,212.81
1785074343.641385,100.0,7847.0,347.7
1785074344.6814268,100.0,7847.0,348.8
1785074345.7409105,100.0,7847.0,349.82
1785074346.777957,100.0,7847.0,354.45
1785074347.817646,100.0,7847.0,346.36
1785074348.8595939,96.0,24877.0,241.74
1785074349.9187756,100.0,24877.0,287.87
1785074350.955896,86.0,509.0,228.81
1785074351.9923108,43.0,3419.0,103.24
1785074353.0295255,100.0,9481.0,282.2
1785074354.0845342,100.0,10127.0,347.77
1785074355.1219127,100.0,10127.0,345.28
1785074356.1623023,100.0,10127.0,338.17
1785074357.2015698,100.0,10127.0,350.72
1785074358.241281,100.0,10127.0,342.23
1785074359.2820005,100.0,10127.0,348.9
1785074360.3408484,100.0,10127.0,352.69
1785074361.377566,100.0,10127.0,345.69
1785074362.4170947,100.0,10127.0,346.55
1785074363.4534762,100.0,10127.0,343.65
1785074364.4937932,100.0,10127.0,353.89
1785074365.5318468,96.0,475.0,231.4
1785074366.5684557,100.0,40759.0,273.11
1785074367.6466844,100.0,33545.0,260.51
1785074368.6893847,100.0,33545.0,256.83
1785074369.724185,4.0,475.0,232.57
1785074370.7641373,40.0,707.0,130.7
1785074371.8004322,100.0,8351.0,226.4
1785074372.8375845,100.0,9481.0,348.67
1785074373.878142,100.0,10127.0,347.5
1785074374.9377985,100.0,10127.0,348.77
1785074375.9779487,100.0,10127.0,355.6
1785074377.0175276,100.0,10127.0,347.69
1785074378.057047,100.0,10127.0,339.43
1785074379.0980916,100.0,10127.0,341.64
1785074380.1366758,100.0,10127.0,347.98
1785074381.193473,100.0,10127.0,345.91
1785074382.2297072,100.0,10127.0,353.09
1785074383.2890043,100.0,10127.0,350.98
1785074384.329188,70.0,10127.0,282.79
1785074385.3706565,100.0,40759.0,239.49
1785074386.4107602,100.0,40759.0,305.5
1785074387.4489114,100.0,33545.0,239.61
1785074388.502361,100.0,33545.0,277.23
1785074389.5400853,58.0,2027.0,119.03
1785074390.577187,100.0,6159.0,165.59
1785074391.6176355,100.0,6159.0,352.02
1785074392.6595335,100.0,7851.0,224.24
1785074393.7004004,41.0,4155.0,112.42
1785074394.7369046,100.0,7521.0,294.9
1785074395.7734585,100.0,7847.0,347.82
1785074396.8096192,100.0,7847.0,349.6
1785074397.8499281,100.0,7847.0,344.09
1785074398.8902693,100.0,7847.0,351.15
1785074399.9301326,100.0,7847.0,347.86
1785074400.9685402,100.0,24877.0,210.8
1785074402.0092044,100.0,24877.0,293.7
1785074403.0478876,100.0,617.0,188.57
1785074404.0863519,78.0,8031.0,118.66
1785074405.1268175,100.0,9481.0,346.76
1785074406.1653237,100.0,10127.0,354.39
1785074407.2245183,100.0,10127.0,346.85
1785074408.2621517,100.0,10127.0,335.18
1785074409.3018298,100.0,10127.0,344.04
1785074410.343864,100.0,10127.0,347.75
1785074411.3805246,100.0,10127.0,349.95
1785074412.4367332,100.0,10127.0,351.65
1785074413.4740522,100.0,10127.0,346.79
1785074414.5136547,100.0,10127.0,338.33
1785074415.5534139,100.0,10127.0,343.6
1785074416.592957,100.0,10127.0,350.68
1785074417.6317139,100.0,40759.0,216.1
1785074418.6697056,100.0,40759.0,295.27
1785074419.7122579,100.0,33545.0,252.28
1785074420.7526798,100.0,33545.0,270.43
1785074421.7880342,100.0,513.0,172.46
1785074422.8282523,43.0,3699.0,102.48
1785074423.8654854,100.0,6159.0,305.08
1785074424.9054503,73.0,6159.0,277.57
1785074425.9437993,44.0,1883.0,162.19
1785074426.9818237,100.0,7521.0,187.74
1785074428.0214996,100.0,7847.0,349.11
1785074429.0609996,100.0,7847.0,344.06
1785074430.1018474,100.0,7847.0,350.39
1785074431.1601505,100.0,7847.0,346.11
1785074432.2021663,100.0,7847.0,348.02
1785074433.2404747,70.0,4505.0,278.09
1785074434.2791483,100.0,24877.0,255.58
1785074435.316443,26.0,24777.0,254.53
1785074436.3522716,42.0,1729.0,116.51
1785074437.3898423,100.0,7521.0,235.96
1785074438.4292698,100.0,7847.0,349.28
1785074439.4699163,100.0,7847.0,349.63
1785074440.5111713,100.0,7847.0,346.87
1785074441.5495782,100.0,7847.0,349.45
1785074442.589363,100.0,7847.0,344.7
1785074443.6279519,76.0,24877.0,235.28
1785074444.6681464,100.0,24877.0,290.1
1785074445.703765,100.0,589.0,220.04
1785074446.7443223,42.0,4073.0,99.45
1785074447.7815468,100.0,6159.0,309.51
1785074448.820853,69.0,5753.0,279.72
1785074449.859825,35.0,2027.0,161.22
1785074450.9162078,100.0,6159.0,164.74
1785074451.953544,100.0,6159.0,348.11
1785074453.0166903,100.0,7851.0,212.46
1785074454.0523725,42.0,3155.0,111.77
1785074455.0890086,100.0,7521.0,278.24
1785074456.1502368,100.0,7847.0,342.09
1785074457.1896613,100.0,7847.0,352.79
1785074458.248509,100.0,7847.0,350.79
1785074459.2883546,100.0,7847.0,345.76
1785074460.3254259,100.0,7847.0,353.61
1785074461.3680072,100.0,24875.0,208.95
1785074462.4111717,100.0,24875.0,281.18
1785074463.448468,100.0,547.0,180.39
1785074464.5042274,41.0,6073.0,94.05
1785074465.5412436,100.0,6159.0,350.05
1785074466.5811496,74.0,7851.0,240.95
1785074467.6199262,35.0,467.0,148.28
1785074468.6572316,100.0,6159.0,212.61
1785074469.6933987,100.0,6159.0,351.29
1785074470.7320132,52.0,471.0,194.69
1785074471.7722929,41.0,4909.0,104.29
1785074472.8094573,100.0,7847.0,304.29
1785074473.849177,100.0,7847.0,348.13
1785074474.8887398,100.0,7847.0,348.11
1785074475.924923,100.0,7847.0,342.67
1785074476.9613776,100.0,7847.0,349.09
1785074478.0009568,100.0,7847.0,349.84
1785074479.0417242,100.0,24877.0,211.08
1785074480.0830922,100.0,24877.0,275.9
1785074481.1241932,100.0,1483.0,168.61
1785074482.1613142,100.0,6159.0,140.55
1785074483.2012882,100.0,6159.0,350.69
1785074484.2371166,100.0,7851.0,217.74
1785074485.2763174,41.0,1701.0,147.28
1785074486.313389,100.0,6159.0,234.04
1785074487.3529556,73.0,6159.0,317.49
1785074488.3918743,100.0,515.0,152.93
1785074489.4296162,70.0,6787.0,143.93
1785074490.4700706,100.0,7847.0,348.2
1785074491.509461,100.0,7847.0,342.57
1785074492.5457299,100.0,7847.0,353.02
1785074493.5853548,100.0,7847.0,347.57
1785074494.6246917,100.0,7847.0,345.74
1785074495.6611054,68.0,7847.0,325.66
1785074496.7038066,100.0,24875.0,203.09
1785074497.744374,100.0,24875.0,280.13
1785074498.7807925,29.0,1835.0,134.92
1785074499.8172793,100.0,6159.0,203.86
1785074500.857456,100.0,6159.0,349.49
1785074501.8962133,100.0,7851.0,207.47
1785074502.9329643,42.0,5659.0,95.17
1785074503.9879472,100.0,6721.0,331.72
1785074505.0253763,100.0,6721.0,348.32
1785074506.0614011,92.0,6721.0,332.97
1785074507.1062648,100.0,12843.0,203.77
1785074508.162964,61.0,443.0,152.96
1785074509.2016454,100.0,6159.0,213.39
1785074510.241014,100.0,6159.0,346.89
1785074511.2986894,49.0,491.0,179.44
1785074512.337569,71.0,6073.0,121.94
1785074513.3771353,100.0,6159.0,353.03
1785074514.415964,95.0,7851.0,231.95
1785074515.452192,64.0,947.0,161.5
1785074516.4893205,100.0,6159.0,220.66
1785074517.528909,91.0,6159.0,328.08
1785074518.5719357,87.0,491.0,160.27
1785074519.609489,42.0,5971.0,95.16
1785074520.6492536,100.0,6159.0,350.29
1785074521.6889532,73.0,7851.0,235.37
1785074522.7512732,42.0,1783.0,147.45
1785074523.789468,100.0,6721.0,236.67
1785074524.8295188,100.0,6721.0,351.79
1785074525.8696947,100.0,6721.0,348.39
1785074526.9084969,100.0,12843.0,216.99
1785074527.9441,100.0,593.0,221.5
1785074528.9811466,69.0,6161.0,117.08
1785074530.017412,100.0,6161.0,350.33
1785074531.0715506,90.0,7851.0,226.26
1785074532.1079965,75.0,1241.0,161.61
1785074533.1458652,100.0,6159.0,248.71
1785074534.189318,100.0,6159.0,351.8
1785074535.2287614,92.0,653.0,152.85
1785074536.2654736,100.0,6789.0,120.91
1785074537.305149,100.0,7847.0,348.62
1785074538.345661,100.0,7847.0,350.62
1785074539.3857808,100.0,7847.0,347.97
1785074540.4260917,100.0,7847.0,345.44
1785074541.4659138,100.0,7847.0,348.34
1785074542.505363,81.0,7847.0,317.42
1785074543.5632982,100.0,24877.0,228.15
1785074544.605264,100.0,24877.0,287.33
1785074545.6441956,66.0,903.0,114.33
1785074546.6816623,100.0,6721.0,214.83
1785074547.7211912,100.0,6721.0,347.47
1785074548.7613916,100.0,6721.0,350.17
1785074549.8010087,76.0,12843.0,229.52
1785074550.8397672,100.0,533.0,233.88
1785074551.8763359,43.0,5157.0,95.73
1785074552.913611,100.0,6159.0,332.2
1785074553.9521995,94.0,521.0,247.96
1785074554.9889288,35.0,1909.0,180.99
1785074556.029824,100.0,8031.0,200.47
1785074557.068722,100.0,9481.0,347.08
1785074558.112244,100.0,10127.0,348.81
1785074559.1691477,100.0,10127.0,352.62
1785074560.2096093,100.0,10127.0,349.95
1785074561.2488616,100.0,10127.0,341.56
1785074562.285512,100.0,10127.0,345.89
1785074563.3259838,100.0,10127.0,347.92
1785074564.3658712,100.0,10127.0,348.17
1785074565.4054317,100.0,10127.0,352.15
1785074566.44141,100.0,10127.0,345.32
1785074567.4818218,100.0,10127.0,337.99
1785074568.525015,71.0,10127.0,300.11
1785074569.56948,100.0,40759.0,198.95
1785074570.612975,100.0,40759.0,296.92
1785074571.6486135,100.0,33545.0,239.67
1785074572.688621,100.0,33545.0,275.52
1785074573.7241929,100.0,1123.0,123.35
1785074574.7612689,100.0,6555.0,147.56
1785074575.8011966,100.0,6721.0,348.63
1785074576.8413508,100.0,6721.0,351.72
1785074577.8813303,72.0,6721.0,286.46
1785074578.9222553,100.0,12843.0,232.36
1785074579.9646623,43.0,3015.0,125.02
1785074581.001872,100.0,7521.0,281.09
1785074582.0425801,100.0,7847.0,351.23
1785074583.081179,100.0,7847.0,344.09
1785074584.1213694,100.0,7847.0,349.93
1785074585.1571846,100.0,7847.0,346.88
1785074586.1971495,100.0,7847.0,344.02
1785074587.2388334,100.0,24877.0,203.81
1785074588.2768025,100.0,24877.0,293.25
1785074589.311989,100.0,515.0,195.77
1785074590.368128,58.0,6789.0,117.49
1785074591.405131,100.0,7847.0,349.71
1785074592.44531,100.0,7847.0,342.2
1785074593.4852092,100.0,7847.0,347.96
1785074594.5215921,100.0,7847.0,345.56
1785074595.5570753,100.0,7847.0,349.1
1785074596.6012697,75.0,7847.0,323.74
1785074597.6417267,100.0,24877.0,200.1
1785074598.6845248,100.0,24877.0,278.21
1785074599.7199435,45.0,2059.0,151.87
1785074600.757642,100.0,8031.0,163.82
1785074601.7970247,100.0,9481.0,352.64
1785074602.8384385,100.0,10127.0,350.78
1785074603.8973436,100.0,10127.0,350.0
1785074604.9379084,100.0,10127.0,343.4
1785074605.9971726,100.0,10127.0,348.19
1785074607.0376663,100.0,10127.0,346.23
1785074608.0788264,100.0,10127.0,348.44
1785074609.119419,100.0,10127.0,348.9
1785074610.157867,100.0,10127.0,344.79
1785074611.2162664,100.0,10127.0,343.8
1785074612.2535288,100.0,10127.0,347.42
1785074613.2937596,100.0,10127.0,349.38
1785074614.3328295,100.0,40759.0,194.87
1785074615.3704047,100.0,40759.0,293.48
1785074616.4195604,100.0,33545.0,236.8
1785074617.458518,100.0,33545.0,273.33
1785074618.518985,100.0,897.0,131.19
1785074619.5761502,100.0,6555.0,141.5
1785074620.6131947,100.0,6721.0,353.12
1785074621.6531646,100.0,6721.0,348.26
1785074622.6920345,72.0,6721.0,280.76
1785074623.728938,100.0,12843.0,226.82
1785074624.7684052,42.0,2215.0,137.54
1785074625.8057528,100.0,7521.0,259.18
1785074626.8452554,100.0,7847.0,355.24
1785074627.904754,100.0,7847.0,347.48
1785074628.9416025,100.0,7847.0,348.88
1785074629.9816031,100.0,7847.0,352.24
1785074631.0219557,100.0,7847.0,345.95
1785074632.0620527,100.0,24877.0,194.35
1785074633.1068716,100.0,24877.0,287.93
1785074634.1450615,100.0,653.0,208.3
1785074635.1861436,41.0,6789.0,118.24
1785074636.2255745,100.0,7847.0,352.72
1785074637.2654755,100.0,7847.0,344.98
1785074638.3048599,100.0,7847.0,349.27
1785074639.3415308,100.0,7847.0,346.06
1785074640.3817112,100.0,7847.0,349.45
1785074641.4207036,100.0,7847.0,346.77
1785074642.456879,100.0,24877.0,213.5
1785074643.4939084,100.0,24877.0,285.08
1785074644.5750012,48.0,1883.0,161.51
1785074645.6138713,100.0,7521.0,191.3
1785074646.6536403,100.0,7847.0,354.64
1785074647.695171,100.0,7847.0,343.06
1785074648.752,100.0,7847.0,351.57
1785074649.789584,100.0,7847.0,349.8
1785074650.8287976,100.0,7847.0,347.52
1785074651.8835866,67.0,3595.0,252.64
1785074652.923147,100.0,24877.0,266.83
1785074653.960005,17.0,21977.0,256.45
1785074654.9963994,43.0,2013.0,115.39
1785074656.0335522,100.0,9481.0,274.89
1785074657.069471,100.0,9481.0,347.3
1785074658.1056025,100.0,10127.0,349.42
1785074659.1468632,100.0,10127.0,351.68
1785074660.1855688,100.0,10127.0,345.74
1785074661.22574,100.0,10127.0,343.3
1785074662.2649727,100.0,10127.0,345.93
1785074663.305275,100.0,10127.0,344.06
1785074664.3470118,100.0,10127.0,347.74
1785074665.404685,100.0,10127.0,349.39
1785074666.445723,100.0,10127.0,352.32
1785074667.4857435,100.0,10127.0,346.42
1785074668.524519,73.0,7319.0,249.48
1785074669.56174,100.0,40759.0,250.65
1785074670.7749426,100.0,33545.0,274.66
1785074671.8181536,100.0,33545.0,268.17
1785074672.8521686,0.0,473.0,247.04
1785074673.888388,42.0,1643.0,103.71
1785074674.9250681,100.0,7521.0,234.37
1785074675.965515,100.0,7847.0,347.82
1785074677.005662,100.0,7847.0,352.9
1785074678.047455,100.0,7847.0,347.71
1785074679.085259,100.0,7847.0,352.82
1785074680.1211298,100.0,7847.0,344.98
1785074681.159625,76.0,24877.0,234.68
1785074682.1992927,100.0,24877.0,291.13
1785074683.2361097,100.0,613.0,217.11
1785074684.2723775,42.0,4061.0,102.05
1785074685.30978,100.0,9481.0,305.02
1785074686.3452172,100.0,10127.0,343.33
1785074687.3853161,100.0,10127.0,346.24
1785074688.4249997,100.0,10127.0,343.38
1785074689.4653533,100.0,10127.0,340.53
1785074690.5015163,100.0,10127.0,346.32
1785074691.5416992,100.0,10127.0,345.97
1785074692.5811243,100.0,10127.0,350.02
1785074693.62131,100.0,10127.0,347.79
1785074694.6652539,100.0,10127.0,349.07
1785074695.7236464,100.0,10127.0,342.07
1785074696.7615967,100.0,10127.0,342.12
1785074697.805744,97.0,32567.0,209.65
1785074698.8446531,100.0,40759.0,272.64
1785074699.9002414,100.0,33545.0,257.62
1785074700.9469619,100.0,33545.0,266.11
1785074702.0030172,67.0,547.0,220.31
1785074703.0442243,42.0,2215.0,104.51
1785074704.1002967,100.0,6721.0,261.77
1785074705.1377974,100.0,6721.0,350.07
1785074706.1776807,100.0,6721.0,350.59
1785074707.2555113,100.0,12843.0,215.93
1785074708.2920191,93.0,633.0,217.73
1785074709.3482459,100.0,6161.0,134.86
1785074710.3892474,100.0,6161.0,349.75
1785074711.424732,100.0,7851.0,213.27
1785074712.4644167,43.0,2535.0,130.46
1785074713.5013492,100.0,7521.0,258.82
1785074714.5421011,100.0,7847.0,352.74
1785074715.6008375,100.0,7847.0,349.58
1785074716.6374211,100.0,7847.0,349.66
1785074717.6775076,100.0,7847.0,348.65
1785074718.7167575,100.0,7847.0,346.14
1785074719.7537394,90.0,24877.0,201.56
1785074720.798479,100.0,24877.0,282.09
1785074721.878622,100.0,515.0,197.25
1785074722.9164085,41.0,5193.0,117.59
1785074723.9531045,100.0,9481.0,314.14
1785074724.9934723,100.0,10127.0,350.93
1785074726.0333755,100.0,10127.0,343.8
1785074727.073064,100.0,10127.0,350.67
1785074728.1126215,100.0,10127.0,347.16
1785074729.1501276,100.0,10127.0,345.59
1785074730.2092004,100.0,10127.0,347.97
1785074731.2495503,100.0,10127.0,350.15
1785074732.289435,100.0,10127.0,346.42
1785074733.3312624,100.0,10127.0,349.28
1785074734.3703022,100.0,10127.0,347.48
1785074735.4288619,100.0,10127.0,354.23
1785074736.4829977,100.0,40759.0,218.2
1785074737.5273774,100.0,40759.0,290.92
1785074738.5647159,100.0,33545.0,257.62
1785074739.6008973,100.0,33545.0,270.26
1785074740.6397803,100.0,609.0,213.34
1785074741.6764321,43.0,2393.0,102.4
1785074742.7133555,100.0,6159.0,259.28
1785074743.753419,79.0,6159.0,301.25
1785074744.7963724,50.0,713.0,161.74
1785074745.8370547,74.0,6787.0,121.02
1785074746.8924773,100.0,7847.0,349.27
1785074747.9294648,100.0,7847.0,342.46
1785074748.988646,100.0,7847.0,350.27
1785074750.0264113,100.0,7847.0,347.3
1785074751.0656788,100.0,7847.0,353.37
1785074752.1052778,71.0,7847.0,322.62
1785074753.1444025,100.0,24875.0,210.4
1785074754.1822083,100.0,24875.0,280.04
1785074755.219774,36.0,413.0,134.16
1785074756.2584257,100.0,7521.0,216.08
1785074757.2976317,100.0,7847.0,346.37
1785074758.337377,100.0,7847.0,348.22
1785074759.3776603,100.0,7847.0,345.38
1785074760.4182582,100.0,7847.0,350.2
1785074761.4577026,100.0,7847.0,347.2
1785074762.4958897,95.0,439.0,238.04
1785074763.5326872,100.0,24877.0,261.81
1785074764.5679574,67.0,489.0,241.62
1785074765.6043935,42.0,3595.0,101.0
1785074766.6455784,100.0,6721.0,306.34
1785074767.7060845,100.0,6721.0,349.69
1785074768.74549,100.0,6721.0,349.73
1785074769.7851717,100.0,12843.0,210.74
1785074770.8241746,34.0,1633.0,198.72
1785074771.8611379,100.0,6161.0,173.19
1785074772.9015815,100.0,6161.0,348.26
1785074773.9415176,100.0,7851.0,219.67
1785074775.0074925,42.0,4541.0,113.06
1785074776.04579,100.0,7847.0,325.83
1785074777.0857823,100.0,7847.0,343.85
1785074778.1268587,100.0,7847.0,350.79
1785074779.1657872,100.0,7847.0,339.98
1785074780.2056775,100.0,7847.0,344.91
1785074781.246192,100.0,7847.0,348.85
1785074782.2862976,100.0,24877.0,210.7
1785074783.3280902,100.0,24877.0,287.12
1785074784.3643851,96.0,945.0,166.93
1785074785.4008772,100.0,6555.0,144.36
1785074786.4374704,100.0,6721.0,350.49
1785074787.4782748,100.0,6721.0,349.42
1785074788.5167992,65.0,6721.0,303.5
1785074789.557101,100.0,12843.0,223.03
1785074790.5962732,59.0,1403.0,129.34
1785074791.6335974,100.0,6159.0,230.43
1785074792.6769743,88.0,6159.0,327.23
1785074793.7162883,77.0,511.0,159.41
1785074794.7537396,44.0,6165.0,96.11
1785074795.7933612,100.0,6721.0,331.0
1785074796.8333304,100.0,6721.0,351.3
1785074797.8694227,92.0,6721.0,331.15
1785074798.9115264,100.0,12843.0,200.14
1785074799.9476874,59.0,1301.0,150.9
1785074800.9854958,100.0,6161.0,211.95
1785074802.0443265,100.0,6161.0,345.9
1785074803.0799878,40.0,471.0,184.21
1785074804.139204,41.0,5157.0,93.84
1785074805.1777825,100.0,6159.0,330.16
1785074806.2161818,83.0,477.0,254.66
1785074807.2574506,33.0,1843.0,153.65
1785074808.2970157,100.0,6555.0,191.03
1785074809.3336601,100.0,6721.0,350.07
1785074810.3694422,100.0,6721.0,345.68
1785074811.4123535,86.0,623.0,255.23
1785074812.4479692,25.0,12203.0,239.42
1785074813.4842856,43.0,4585.0,95.0
1785074814.5217063,100.0,6721.0,303.27
1785074815.5614948,100.0,6721.0,349.06
1785074816.6009867,100.0,6721.0,349.43
1785074817.6405609,100.0,12843.0,199.24
1785074818.6995182,47.0,2059.0,193.18
1785074819.7418666,100.0,8031.0,182.72
1785074820.7837286,100.0,9481.0,346.58
1785074821.8212087,100.0,10127.0,350.86
1785074822.861261,100.0,10127.0,343.31
1785074823.9012506,100.0,10127.0,352.24
1785074824.9408028,100.0,10127.0,344.61
1785074825.9972515,100.0,10127.0,341.93
1785074827.0615034,100.0,10127.0,346.83
1785074828.101515,100.0,10127.0,343.6
1785074829.1417289,100.0,10127.0,352.65
1785074830.1993093,100.0,10127.0,354.05
1785074831.2373447,100.0,10127.0,345.52
1785074832.2731457,89.0,10127.0,320.55
1785074833.3276014,100.0,40759.0,205.29
1785074834.3672025,100.0,40759.0,294.34
1785074835.4115763,100.0,33545.0,236.82
1785074836.4501681,100.0,33545.0,288.08
1785074837.4877787,100.0,861.0,153.1
1785074838.525092,78.0,6159.0,142.39
1785074839.5612817,100.0,6159.0,353.6
1785074840.6022344,92.0,7851.0,228.96
1785074841.663359,40.0,1701.0,142.44
1785074842.7010655,100.0,6159.0,254.03
1785074843.740916,72.0,6159.0,318.7
1785074844.7799108,100.0,653.0,163.15
1785074845.817584,83.0,6789.0,119.96
1785074846.8587415,100.0,7847.0,350.09
1785074847.8978884,100.0,7847.0,348.89
1785074848.956327,100.0,7847.0,346.24
1785074849.994745,100.0,7847.0,347.46
1785074851.03354,100.0,7847.0,347.01
1785074852.073258,72.0,7847.0,315.48
1785074853.1163456,100.0,24877.0,202.83
1785074854.157154,100.0,24877.0,282.39
1785074855.193018,26.0,1835.0,137.33
1785074856.2324905,100.0,6161.0,208.84
1785074857.2696555,100.0,6161.0,347.1
1785074858.3081577,100.0,7319.0,203.48
1785074859.3673048,43.0,4695.0,96.4
1785074860.4054441,100.0,6161.0,307.94
1785074861.444053,86.0,2067.0,256.05
1785074862.4843576,32.0,1673.0,151.83
1785074863.5212367,100.0,7521.0,213.22
1785074864.556912,100.0,7847.0,350.82
1785074865.5936794,100.0,7847.0,346.57
1785074866.6335006,100.0,7847.0,348.31
1785074867.673825,100.0,7847.0,351.1
1785074868.713478,100.0,7847.0,346.29
1785074869.751886,95.0,459.0,238.95
1785074870.7886102,100.0,24877.0,261.35
1785074871.8237123,69.0,415.0,244.94
1785074872.8641815,43.0,2575.0,100.72
1785074873.9199798,100.0,6161.0,283.79
1785074874.9572625,72.0,6161.0,301.52
1785074876.0000978,43.0,1353.0,162.57
1785074877.0370939,100.0,6161.0,142.1
1785074878.076969,100.0,6161.0,351.54
1785074879.1140785,91.0,7851.0,218.48
1785074880.15226,41.0,1763.0,131.04
1785074881.188886,100.0,6161.0,235.07
1785074882.2295766,73.0,6161.0,318.84
1785074883.2680876,97.0,653.0,149.44
1785074884.3058834,95.0,6789.0,120.57
1785074885.3455853,100.0,7847.0,348.73
1785074886.4042168,100.0,7847.0,352.89
1785074887.4411561,100.0,7847.0,348.35
1785074888.4794173,100.0,7847.0,351.49
1785074889.518021,100.0,7847.0,349.8
1785074890.5618293,72.0,7847.0,302.62
1785074891.6077638,100.0,24877.0,243.17
1785074892.6492715,100.0,24877.0,268.96
1785074893.6884193,24.0,1709.0,120.68
1785074894.729298,100.0,6161.0,214.2
1785074895.7925737,100.0,6161.0,348.55
1785074896.82806,63.0,471.0,169.7
1785074897.8644059,42.0,5125.0,96.06
1785074898.9012492,100.0,6161.0,308.61
1785074899.9398875,83.0,467.0,246.99
1785074900.9769902,29.0,1835.0,161.71
1785074902.0132942,100.0,6161.0,206.46
1785074903.0535998,100.0,6161.0,350.24
1785074904.0923824,100.0,7851.0,206.21
1785074905.1283922,41.0,5163.0,94.43
1785074906.165071,100.0,7847.0,327.81
1785074907.205322,100.0,7847.0,343.73
1785074908.247259,100.0,7847.0,353.35
1785074909.285537,100.0,7847.0,349.88
1785074910.3259404,100.0,7847.0,348.57
1785074911.3652413,100.0,7847.0,348.2
1785074912.404789,100.0,24877.0,204.11
1785074913.440944,100.0,24877.0,283.82
1785074914.4843996,86.0,1717.0,161.35
1785074915.5218282,100.0,7521.0,168.31
1785074916.5615208,100.0,7847.0,347.58
1785074917.6008031,100.0,7847.0,348.67
1785074918.6373203,100.0,7847.0,343.08
1785074919.6776161,100.0,7847.0,346.33
1785074920.7185283,100.0,7847.0,347.84
1785074921.7572048,69.0,7847.0,276.17
1785074922.7954118,100.0,24877.0,241.04
1785074923.8317826,77.0,24877.0,254.02
1785074924.8950493,41.0,2341.0,105.19
1785074925.9334843,100.0,7521.0,257.92
1785074926.969052,100.0,7847.0,351.32
1785074928.0060549,100.0,7847.0,341.95
1785074929.0452852,100.0,7847.0,345.95
1785074930.1053662,100.0,7847.0,346.59
1785074931.1642988,100.0,7847.0,348.33
1785074932.2020712,100.0,24877.0,210.1
1785074933.2401507,100.0,24877.0,285.1
1785074934.2947142,100.0,515.0,194.87
1785074935.3512747,41.0,5329.0,100.91
1785074936.389228,100.0,7847.0,326.97
1785074937.429218,100.0,7847.0,343.21
1785074938.4704595,100.0,7847.0,347.13
1785074939.5094035,100.0,7847.0,347.5
1785074940.54559,100.0,7847.0,355.05
1785074941.5864885,100.0,7847.0,347.91
1785074942.6269681,100.0,24877.0,190.35
1785074943.6683252,100.0,24877.0,282.76
1785074944.7043395,75.0,1205.0,166.27
1785074945.744313,100.0,6555.0,165.35
1785074946.781571,100.0,6721.0,350.55
1785074947.8213773,100.0,6721.0,351.51
1785074948.879807,73.0,6609.0,282.15
1785074949.9190123,100.0,12843.0,246.2
1785074950.9604192,43.0,2981.0,121.4
1785074952.0015266,100.0,7521.0,285.35
1785074953.0423148,100.0,7847.0,347.36
1785074954.08554,100.0,7847.0,345.59
1785074955.1254735,100.0,7847.0,354.42
1785074956.1655176,100.0,7847.0,347.72
1785074957.224782,100.0,7847.0,351.51
1785074958.2609575,100.0,24877.0,211.3
1785074959.306002,100.0,24877.0,289.36
1785074960.344366,100.0,535.0,198.6
1785074961.3813808,41.0,6787.0,99.69
1785074962.421812,100.0,7847.0,349.94
1785074963.4615798,100.0,7847.0,343.71
1785074964.5019426,100.0,7847.0,351.62
1785074965.541034,100.0,7847.0,346.39
1785074966.581729,100.0,7847.0,351.71
1785074967.6206899,100.0,7847.0,345.49
1785074968.6565092,100.0,24875.0,208.02
1785074969.6974413,100.0,24875.0,280.48
1785074970.7363966,43.0,1883.0,154.01
1785074971.7727237,100.0,7521.0,190.54
1785074972.8092818,100.0,7847.0,347.21
1785074973.8454564,100.0,7847.0,352.81
1785074974.885614,100.0,7847.0,351.34
1785074975.9250844,100.0,7847.0,350.15
1785074976.9649293,100.0,7847.0,349.82
1785074978.0005002,54.0,6505.0,255.16
1785074979.0377424,100.0,24877.0,251.85
1785074980.072064,94.0,24877.0,273.27
1785074981.1082232,52.0,1343.0,102.62
1785074982.145397,100.0,7521.0,234.72
1785074983.1854084,100.0,7847.0,350.55
1785074984.2262697,100.0,7847.0,347.84
1785074985.2651541,100.0,7847.0,348.74
1785074986.3051817,100.0,7847.0,346.62
1785074987.3416257,100.0,7847.0,355.23
1785074988.379961,97.0,24877.0,227.37
1785074989.4197266,100.0,24877.0,295.13
1785074990.459854,100.0,569.0,227.15
1785074991.4961782,42.0,3815.0,99.67
1785074992.5336869,100.0,7521.0,282.82
1785074993.574086,100.0,7847.0,348.25
1785074994.6137083,100.0,7847.0,350.03
1785074995.653027,100.0,7847.0,346.55
1785074996.694128,100.0,7847.0,349.22
1785074997.7526188,100.0,7847.0,346.92
1785074998.7927408,100.0,24875.0,217.66
1785074999.8323467,100.0,24875.0,290.1
1785075000.8677857,100.0,597.0,185.84
1785075001.9054976,100.0,6789.0,142.24
1785075002.947055,100.0,7847.0,352.29
1785075003.985706,100.0,7847.0,344.42
1785075005.0450754,100.0,7847.0,353.89
1785075006.0876846,100.0,7847.0,345.26
1785075007.1251683,100.0,7847.0,349.98
1785075008.1841145,71.0,7847.0,303.89
1785075009.223397,100.0,24877.0,222.06
1785075010.2652414,100.0,24877.0,280.19
1785075011.304066,52.0,813.0,117.96
1785075012.3464422,100.0,7521.0,211.57
1785075013.3854291,100.0,7847.0,347.04
1785075014.425603,100.0,7847.0,346.89
1785075015.465692,100.0,7847.0,352.77
1785075016.5052562,100.0,7847.0,344.83
1785075017.5645545,100.0,7847.0,347.41
1785075018.6003952,94.0,709.0,234.15
1785075019.6423364,100.0,24877.0,279.66
1785075020.6799307,100.0,489.0,225.41
1785075021.7164469,43.0,4041.0,101.16
1785075022.7721095,100.0,7521.0,305.44
1785075023.8105168,100.0,7847.0,348.41
1785075024.849011,100.0,7847.0,349.62
1785075025.8892844,100.0,7847.0,348.77
1785075026.9293892,100.0,7847.0,347.83
1785075027.9697387,100.0,7847.0,349.17
1785075029.0090475,100.0,24877.0,217.37
1785075030.0532544,100.0,24877.0,281.82
1785075031.0920494,100.0,679.0,170.02
1785075032.1296325,100.0,6789.0,147.03
1785075033.1713748,100.0,7847.0,351.31
1785075034.2095175,100.0,7847.0,347.3
1785075035.2496288,100.0,7847.0,352.32
1785075036.2904365,100.0,7847.0,345.75
1785075037.329404,100.0,7847.0,344.87
1785075038.368963,71.0,7847.0,298.04
1785075039.4159214,100.0,24877.0,225.74
1785075040.4563067,100.0,24877.0,283.89
1785075041.496186,76.0,623.0,118.35
1785075042.5373685,100.0,6721.0,216.89
1785075043.5814402,100.0,6721.0,347.97
1785075044.6216428,100.0,6721.0,349.01
1785075045.6637433,86.0,12843.0,227.05
1785075046.703691,78.0,491.0,244.97
1785075047.7442193,43.0,4675.0,100.57
1785075048.781768,100.0,6161.0,326.98
1785075049.839052,55.0,2509.0,253.68
1785075050.8769512,44.0,1883.0,165.17
1785075051.9146626,100.0,7521.0,206.88
1785075052.9527166,100.0,7847.0,347.55
1785075053.990064,100.0,7847.0,344.77
1785075055.029323,100.0,7847.0,350.4
1785075056.069573,100.0,7847.0,346.33
1785075057.1089368,100.0,7847.0,347.94
1785075058.1477363,84.0,455.0,253.36
1785075059.1846993,100.0,24877.0,282.33
1785075060.2429101,37.0,489.0,243.91
1785075061.2802737,43.0,3995.0,107.12
1785075062.3356667,100.0,7521.0,298.18
1785075063.3735456,100.0,7847.0,348.29
1785075064.413361,100.0,7847.0,350.87
1785075065.4534564,100.0,7847.0,345.11
1785075066.4934332,100.0,7847.0,353.13
1785075067.552896,100.0,7847.0,348.76
1785075068.5884914,100.0,24877.0,212.12
1785075069.62922,100.0,24877.0,292.6
1785075070.6678066,100.0,649.0,175.93
1785075071.705342,96.0,6161.0,126.03
1785075072.745193,100.0,6161.0,350.68
1785075073.78607,100.0,7851.0,240.63
1785075074.8242831,42.0,2189.0,142.83
1785075075.8612254,100.0,6161.0,263.61
1785075076.9204698,69.0,6161.0,317.35
1785075077.9561641,33.0,781.0,152.84
1785075078.9932823,100.0,6789.0,123.21
1785075080.0340793,100.0,7847.0,349.13
1785075081.0732691,100.0,7847.0,351.24
1785075082.113546,100.0,7847.0,345.79
1785075083.1535664,100.0,7847.0,350.72
1785075084.1933427,100.0,7847.0,352.17
1785075085.2334368,84.0,7847.0,322.99
1785075086.27464,100.0,24877.0,224.48
1785075087.315496,100.0,24877.0,276.69
1785075088.352082,70.0,501.0,118.11
1785075089.3935423,100.0,7521.0,212.05
1785075090.433695,100.0,7847.0,347.75
1785075091.470068,100.0,7847.0,350.89
1785075092.5095272,100.0,7847.0,349.43
1785075093.54924,100.0,7847.0,354.7
1785075094.5896156,100.0,7847.0,346.63
1785075095.6336231,96.0,24877.0,241.08
1785075096.6754591,100.0,24877.0,286.29
1785075097.7120473,89.0,509.0,228.55
1785075098.7673864,43.0,3575.0,100.48
1785075099.8053002,100.0,6161.0,282.19
1785075100.8454711,71.0,6161.0,277.34
1785075101.8846962,42.0,2027.0,153.27
1785075102.9210432,100.0,6161.0,157.33
1785075103.9623919,100.0,6161.0,348.04
1785075105.0034828,100.0,7851.0,219.55
1785075106.040346,43.0,3701.0,133.33
1785075107.0961576,100.0,6161.0,291.9
1785075108.1336432,69.0,6161.0,282.29
1785075109.17185,46.0,1835.0,158.71
1785075110.2097907,100.0,6161.0,174.92
1785075111.2685795,100.0,6161.0,351.33
1785075112.3041449,100.0,7851.0,208.39
1785075113.3444517,41.0,4765.0,98.62
1785075114.3813481,100.0,6721.0,323.07
1785075115.4177094,100.0,6721.0,350.08
1785075116.4581466,100.0,6721.0,345.04
1785075117.496907,100.0,12843.0,203.09
1785075118.5513005,30.0,1843.0,172.02
1785075119.5894933,100.0,6555.0,188.96
1785075120.6298811,100.0,6721.0,351.69
1785075121.6694887,100.0,6721.0,346.33
1785075122.7084894,58.0,2479.0,255.68
1785075123.7439437,74.0,12843.0,251.29
1785075124.7804272,43.0,4181.0,107.6
1785075125.8169982,100.0,7521.0,297.71
1785075126.8581738,100.0,7847.0,348.49
1785075127.8974164,100.0,7847.0,350.38
1785075128.933092,100.0,7847.0,345.11
1785075129.9742494,100.0,7847.0,352.04
1785075131.0132744,100.0,7847.0,350.99
1785075132.0492625,100.0,24877.0,208.21
1785075133.0933366,100.0,24877.0,294.98
1785075134.1362615,100.0,861.0,154.21
1785075135.1736927,100.0,6159.0,140.21
1785075136.2132561,100.0,6159.0,349.94
1785075137.2543442,100.0,7851.0,224.33
1785075138.2966685,42.0,2215.0,143.77
1785075139.3333278,100.0,6721.0,234.94
1785075140.3733668,100.0,6721.0,353.47
1785075141.4138067,100.0,6721.0,349.32
1785075142.4530609,100.0,12843.0,224.71
1785075143.4920447,100.0,633.0,217.37
1785075144.5292761,96.0,6555.0,141.91
1785075145.5680053,100.0,6721.0,351.61
1785075146.6054964,100.0,6721.0,349.71
1785075147.6451547,71.0,6721.0,293.01
1785075148.6891208,100.0,12843.0,220.18
1785075149.7284076,55.0,1949.0,127.18
1785075150.7694123,100.0,6159.0,255.19
1785075151.8133352,84.0,6159.0,322.66
1785075152.852757,64.0,813.0,161.21
1785075153.8895605,100.0,6159.0,127.47
1785075154.9293714,100.0,6159.0,351.78
1785075155.9701395,100.0,7851.0,225.3
1785075157.0081804,44.0,1977.0,144.45
1785075158.045358,100.0,6159.0,257.42
1785075159.0852544,77.0,6159.0,323.38
1785075160.1237795,100.0,513.0,159.85
1785075161.160874,83.0,6159.0,117.54
1785075162.1971135,100.0,6159.0,351.75
1785075163.2365816,95.0,7851.0,225.63
1785075164.276271,74.0,813.0,151.08
1785075165.3138192,100.0,8351.0,214.88
1785075166.3726,100.0,9481.0,342.98
1785075167.4283319,100.0,10127.0,340.02
1785075168.4665105,100.0,10127.0,347.24
1785075169.5055656,100.0,10127.0,345.89
1785075170.545329,100.0,10127.0,348.17
1785075171.6047013,100.0,10127.0,345.07
1785075172.6413734,100.0,10127.0,346.99
1785075173.6825223,100.0,10127.0,341.13
1785075174.722304,100.0,10127.0,348.67
1785075175.7617836,100.0,10127.0,347.15
1785075176.8010366,100.0,10127.0,349.65
1785075177.841253,67.0,10127.0,271.33
1785075178.8868675,100.0,40759.0,228.98
1785075179.9250128,100.0,39479.0,286.02
1785075180.9685829,100.0,33545.0,246.41
1785075182.0037844,100.0,33545.0,266.49
1785075183.0400226,40.0,2057.0,104.48
1785075184.0775483,100.0,7515.0,167.01
1785075185.1174324,100.0,7847.0,348.63
1785075186.1575391,100.0,7847.0,347.95
1785075187.1974816,100.0,7847.0,352.49
1785075188.2370818,100.0,7847.0,347.73
1785075189.2732842,100.0,7847.0,356.46
1785075190.3130302,68.0,7847.0,302.24
1785075191.3513882,100.0,24875.0,231.74
1785075192.4069486,100.0,24875.0,274.36
1785075193.4673197,42.0,2109.0,101.27
1785075194.5055795,100.0,6721.0,235.32
1785075195.5457265,100.0,6721.0,352.68
1785075196.5867605,100.0,6721.0,349.18
1785075197.626352,100.0,12843.0,224.82
1785075198.667791,100.0,631.0,217.96
1785075199.7051845,40.0,5971.0,95.18
1785075200.745108,100.0,6159.0,353.57
1785075201.7853832,75.0,7851.0,235.98
1785075202.8242233,70.0,503.0,150.58
1785075203.86159,100.0,6159.0,209.52
1785075204.901583,100.0,6159.0,349.55
1785075205.9399638,47.0,471.0,177.77
1785075206.976398,40.0,5507.0,95.07
1785075208.0134501,100.0,6159.0,347.52
1785075209.056903,91.0,7851.0,232.5
1785075210.0959814,35.0,753.0,159.88
1785075211.1382434,100.0,7521.0,222.29
1785075212.1774952,100.0,7847.0,348.52
1785075213.2171855,100.0,7847.0,350.41
1785075214.258991,100.0,7847.0,350.11
1785075215.2974377,100.0,7847.0,353.34
1785075216.3607306,100.0,7847.0,344.88
1785075217.4002252,94.0,751.0,240.08
1785075218.440384,100.0,24877.0,273.66
1785075219.4760115,62.0,489.0,232.96
1785075220.5122674,42.0,3093.0,98.43
1785075221.5685883,100.0,6159.0,283.06
1785075222.60544,71.0,6159.0,276.88
1785075223.6485376,42.0,1907.0,157.44
1785075224.685016,100.0,6159.0,142.22
1785075225.7249944,100.0,6159.0,347.96
1785075226.7700953,100.0,7851.0,218.29
1785075227.8123016,42.0,3455.0,116.92
1785075228.8494527,100.0,7521.0,281.18
1785075229.8902612,100.0,7847.0,348.31
1785075230.9295819,100.0,7847.0,346.09
1785075231.9695024,100.0,7847.0,350.58
1785075233.0103376,100.0,7847.0,348.22
1785075234.0495043,100.0,7847.0,346.21
1785075235.0925455,100.0,24877.0,219.07
1785075236.1326935,100.0,24877.0,285.95
1785075237.167884,100.0,567.0,182.49
1785075238.2051947,71.0,5973.0,95.46
1785075239.2496777,100.0,6161.0,352.79
1785075240.309941,91.0,7851.0,223.98
1785075241.3482895,43.0,1703.0,157.92
1785075242.385097,100.0,7521.0,237.71
1785075243.4253533,100.0,7847.0,350.18
1785075244.4849977,100.0,7847.0,344.85
1785075245.5256724,100.0,7847.0,351.17
1785075246.5654855,100.0,7847.0,350.43
1785075247.6051369,100.0,7847.0,350.08
1785075248.6639357,100.0,24877.0,220.15
1785075249.707741,100.0,24877.0,277.32
1785075250.762948,100.0,513.0,206.36
1785075251.8004053,39.0,5447.0,96.33
1785075252.8374507,100.0,6159.0,331.44
1785075253.881046,90.0,1143.0,245.69
1785075254.9240205,74.0,541.0,157.95
1785075255.9612482,100.0,6159.0,212.56
1785075257.0012739,100.0,6159.0,349.11
1785075258.0399086,54.0,471.0,172.53
1785075259.0764024,43.0,5137.0,95.14
1785075260.1136765,100.0,6159.0,330.52
1785075261.1520329,87.0,437.0,257.0
1785075262.1883235,32.0,1591.0,154.91
1785075263.2255445,100.0,7521.0,213.12
1785075264.2659562,100.0,7847.0,353.24
1785075265.3061342,100.0,7847.0,343.24
1785075266.3461199,100.0,7847.0,354.31
1785075267.385196,100.0,7847.0,350.73
1785075268.4257882,100.0,7847.0,348.29
1785075269.4638836,77.0,441.0,247.14
1785075270.500692,100.0,24875.0,280.12
1785075271.5362382,43.0,491.0,235.56
1785075272.5765393,43.0,3655.0,104.44
1785075273.6135066,100.0,7521.0,299.33
1785075274.6548402,100.0,7847.0,344.95
1785075275.693754,100.0,7847.0,350.23
1785075276.7339525,100.0,7847.0,346.28
1785075277.7742188,100.0,7847.0,345.93
1785075278.8134701,100.0,7847.0,350.65
1785075279.860796,100.0,24877.0,214.84
1785075280.897194,100.0,24877.0,287.57
1785075281.9318314,100.0,649.0,180.89
1785075282.9693372,65.0,6159.0,119.87
1785075284.0093415,100.0,6159.0,352.24
1785075285.0482686,86.0,7851.0,227.79
1785075286.088278,65.0,1667.0,147.46
1785075287.1258729,100.0,6159.0,243.86
1785075288.1654897,91.0,6159.0,329.1
1785075289.2043629,58.0,631.0,159.96
1785075290.2413557,100.0,6555.0,135.53
1785075291.2823107,100.0,6721.0,352.88
1785075292.3214593,100.0,6721.0,349.91
1785075293.3651683,68.0,6721.0,306.54
1785075294.4065764,100.0,12843.0,227.29
1785075295.4442723,44.0,1809.0,136.56
1785075296.4813182,100.0,7521.0,237.96
1785075297.5211654,100.0,7847.0,349.88
1785075298.5765982,100.0,7847.0,343.96
1785075299.6145651,100.0,7847.0,352.79
1785075300.6534631,100.0,7847.0,348.03
1785075301.712755,100.0,7847.0,349.33
1785075302.7477007,98.0,24877.0,222.5
1785075303.7901335,100.0,24877.0,297.81
1785075304.828391,100.0,633.0,208.54
1785075305.8833299,42.0,4763.0,98.29
1785075306.9216852,100.0,6159.0,324.2
1785075307.9600847,71.0,1909.0,260.66
1785075308.996291,72.0,443.0,159.02
1785075310.0346541,100.0,7521.0,213.49
1785075311.0736735,100.0,7847.0,352.06
1785075312.1135309,100.0,7847.0,345.07
1785075313.1535096,100.0,7847.0,355.12
1785075314.193687,100.0,7847.0,346.65
1785075315.233482,100.0,7847.0,347.51
1785075316.2721653,92.0,683.0,252.81
1785075317.3140717,100.0,24877.0,283.02
1785075318.3518589,52.0,493.0,237.93
1785075319.3883,43.0,3401.0,100.89
1785075320.4258034,100.0,6161.0,281.93
1785075321.4651084,72.0,6161.0,300.63
1785075322.5079608,41.0,1883.0,156.43
1785075323.545598,100.0,7521.0,188.5
1785075324.5815566,100.0,7847.0,345.87
1785075325.6234648,100.0,7847.0,348.63
1785075326.6611688,100.0,7847.0,350.89
1785075327.7017944,100.0,7847.0,346.08
1785075328.7386587,100.0,7847.0,348.63
1785075329.7766554,70.0,5425.0,255.05
1785075330.8131495,100.0,24877.0,267.13
1785075331.8515754,56.0,24877.0,254.48
1785075332.8882437,43.0,2007.0,102.79
1785075333.9254973,100.0,6159.0,256.99
1785075334.9653988,86.0,6159.0,323.64
1785075336.0042677,68.0,861.0,165.9
1785075337.0412776,93.0,6159.0,117.91
1785075338.081717,100.0,6159.0,351.58
1785075339.121181,100.0,7851.0,232.83
1785075340.1643064,42.0,2435.0,143.96
1785075341.2025065,100.0,7521.0,256.83
1785075342.2429383,100.0,7847.0,354.55
1785075343.2817159,100.0,7847.0,350.22
1785075344.3215926,100.0,7847.0,348.87
1785075345.3804123,100.0,7847.0,349.07
1785075346.4210775,100.0,7847.0,345.53
1785075347.4620345,100.0,24877.0,212.6
1785075348.500797,100.0,24877.0,284.76
1785075349.5399196,100.0,513.0,203.75
1785075350.5763507,41.0,5125.0,96.36
1785075351.6132529,100.0,6161.0,328.38
1785075352.671256,83.0,601.0,234.49
1785075353.7081723,71.0,623.0,161.8
1785075354.7452881,100.0,6721.0,215.52
1785075355.7854805,100.0,6721.0,347.94
1785075356.825105,100.0,6721.0,348.32
1785075357.8636513,80.0,12843.0,222.03
1785075358.8998375,89.0,491.0,242.65
1785075359.936378,43.0,5099.0,96.94
1785075360.9926894,100.0,6161.0,334.34
1785075362.0279748,82.0,571.0,255.11
1785075363.068177,54.0,1779.0,151.74
1785075364.105067,100.0,6161.0,209.08
1785075365.1486151,100.0,6161.0,348.48
1785075366.1841056,39.0,407.0,184.04
1785075367.2443793,40.0,5973.0,95.42
1785075368.2815187,100.0,6161.0,351.7
1785075369.3208802,74.0,7851.0,221.48
1785075370.360136,58.0,1029.0,153.0
1785075371.401467,100.0,6161.0,235.33
1785075372.4598289,100.0,6161.0,326.37
1785075373.495778,100.0,511.0,160.95
1785075374.5334234,41.0,6075.0,93.08
1785075375.5738344,100.0,6161.0,352.46
1785075376.633115,74.0,7851.0,233.7
1785075377.6952372,64.0,963.0,142.01
1785075378.7532716,100.0,7521.0,211.05
1785075379.793656,100.0,7847.0,346.54
1785075380.8333037,100.0,7847.0,349.89
1785075381.879544,100.0,7847.0,346.93
1785075382.917468,100.0,7847.0,351.68
1785075383.9575574,100.0,7847.0,346.24
1785075384.9958918,76.0,24877.0,232.06
1785075386.035803,100.0,24877.0,285.04
1785075387.072432,100.0,569.0,204.36
1785075388.1083784,44.0,4765.0,99.31
1785075389.1457727,100.0,6721.0,308.54
1785075390.1856596,100.0,6721.0,347.44
1785075391.2259552,100.0,6721.0,348.12
1785075392.264792,100.0,12843.0,200.74
1785075393.3042483,38.0,1827.0,173.02
1785075394.3415287,100.0,6159.0,166.15
1785075395.381321,100.0,6159.0,351.26
1785075396.4190464,100.0,7851.0,215.43
1785075397.4562948,43.0,3899.0,105.93
1785075398.493041,100.0,6159.0,306.47
1785075399.5515149,73.0,5241.0,254.74
1785075400.5885196,50.0,1885.0,162.52
1785075401.62545,100.0,7521.0,184.26
1785075402.665202,100.0,7847.0,344.51
1785075403.7060552,100.0,7847.0,354.94
1785075404.745735,100.0,7847.0,346.65
1785075405.7895956,100.0,7847.0,349.28
1785075406.830286,100.0,7847.0,350.28
1785075407.8874824,60.0,5185.0,246.5
1785075408.9251943,100.0,24877.0,258.46
1785075409.964006,0.0,24877.0,243.47
1785075411.0004847,43.0,2039.0,101.61
1785075412.0562232,100.0,7521.0,257.25
1785075413.0938115,100.0,7847.0,350.48
1785075414.133854,100.0,7847.0,351.09
1785075415.173411,100.0,7847.0,347.11
1785075416.2139368,100.0,7847.0,350.68
1785075417.253144,100.0,7847.0,345.77
1785075418.2939723,100.0,24877.0,215.52
1785075419.3402534,100.0,24877.0,280.1
1785075420.3763046,100.0,513.0,197.12
1785075421.412389,41.0,5507.0,98.33
1785075422.4494853,100.0,6159.0,347.33
1785075423.488466,90.0,7851.0,233.82
1785075424.5282676,44.0,641.0,159.83
1785075425.5842402,100.0,6159.0,231.38
1785075426.6208725,100.0,6159.0,349.52
1785075427.655895,100.0,491.0,161.23
1785075428.7361906,41.0,6159.0,93.43
1785075429.773922,100.0,6159.0,352.45
1785075430.8139782,75.0,7851.0,244.52
1785075431.8564346,43.0,1949.0,144.19
1785075432.8935583,100.0,6161.0,253.1
1785075433.9294772,85.0,6161.0,325.67
1785075434.968104,49.0,597.0,160.08
1785075436.0057218,76.0,6787.0,117.79
1785075437.045655,100.0,7847.0,354.54
1785075438.1039832,100.0,7847.0,346.9
1785075439.1413772,100.0,7847.0,350.41
1785075440.1853895,100.0,7847.0,353.05
1785075441.240936,100.0,7847.0,346.45
1785075442.2775471,71.0,7847.0,319.83
1785075443.3394535,100.0,24875.0,222.75
1785075444.3771667,100.0,24875.0,284.61
1785075445.4122956,29.0,1835.0,134.41
1785075446.449116,100.0,6161.0,189.1
1785075447.4854655,100.0,6161.0,348.21
1785075448.5240555,100.0,7851.0,212.6
1785075449.5834916,41.0,5189.0,102.53
1785075450.6214502,100.0,7847.0,321.98
1785075451.6621861,100.0,7847.0,345.34
1785075452.7015617,100.0,7847.0,346.26
1785075453.7414477,100.0,7847.0,345.66
1785075454.781743,100.0,7847.0,350.67
1785075455.8232756,100.0,7847.0,347.68
1785075456.860393,100.0,24877.0,201.2
1785075457.8978846,100.0,24877.0,282.87
1785075458.9361968,92.0,1825.0,144.66
1785075459.977051,100.0,6159.0,153.12
1785075461.0211563,100.0,6159.0,348.52
1785075462.0616875,100.0,7851.0,220.66
1785075463.1001356,43.0,3735.0,129.37
1785075464.1373665,100.0,6161.0,309.88
1785075465.17731,70.0,6161.0,267.81
1785075466.215823,41.0,2027.0,163.29
1785075467.2531586,100.0,6159.0,165.7
1785075468.3124588,100.0,6159.0,353.68
1785075469.351197,100.0,7851.0,213.76
1785075470.3882747,42.0,3773.0,118.91
1785075471.426054,100.0,6159.0,281.75
1785075472.464865,46.0,6159.0,269.04
1785075473.5267823,44.0,1833.0,156.53
1785075474.569798,100.0,6161.0,186.97
1785075475.6096838,100.0,6161.0,351.96
1785075476.6477947,94.0,7851.0,202.84
1785075477.707183,42.0,4193.0,108.18
1785075478.7640557,100.0,6159.0,309.86
1785075479.8005388,70.0,3841.0,278.76
1785075480.8548841,33.0,1835.0,155.34
1785075481.8937247,100.0,6159.0,177.2
1785075482.9338357,100.0,6159.0,349.71
1785075483.9771333,100.0,7851.0,204.04
1785075485.0161977,43.0,4639.0,111.52
1785075486.0535977,100.0,6161.0,323.01
1785075487.0918834,75.0,1989.0,254.73
1785075488.1277468,22.0,1835.0,156.75
1785075489.1656518,100.0,6159.0,186.62
1785075490.205073,100.0,6159.0,350.46
1785075491.2438185,100.0,7851.0,205.74
1785075492.2805927,43.0,3933.0,108.74
1785075493.3172426,100.0,6159.0,281.37
1785075494.3715582,70.0,5241.0,279.71
1785075495.4080856,42.0,2027.0,156.51
1785075496.4457138,100.0,6159.0,174.57
1785075497.4851289,100.0,6159.0,347.77
1785075498.5273144,100.0,7851.0,217.68
1785075499.5643888,42.0,3513.0,111.4
1785075500.6012096,100.0,6159.0,285.0
1785075501.641223,57.0,6159.0,275.32
1785075502.680831,42.0,1907.0,158.35
1785075503.7168107,100.0,6159.0,139.01
1785075504.7533221,100.0,6159.0,349.95
1785075505.7935505,100.0,7851.0,219.5
1785075506.8322954,43.0,2675.0,111.44
1785075507.8698041,100.0,7521.0,257.2
1785075508.9289825,100.0,7847.0,349.28
1785075509.9657135,100.0,7847.0,350.84
1785075511.0049033,100.0,7847.0,345.39
1785075512.0461462,100.0,7847.0,347.51
1785075513.1054251,100.0,7847.0,344.43
1785075514.1495829,100.0,24875.0,220.4
1785075515.1900532,100.0,24875.0,277.32
1785075516.2473836,100.0,547.0,185.15
1785075517.304084,40.0,6075.0,95.9
1785075518.341343,100.0,6161.0,353.93
1785075519.3774784,73.0,7851.0,233.31
1785075520.4163148,36.0,563.0,145.59
1785075521.4534452,100.0,6159.0,213.06
1785075522.489544,100.0,6159.0,352.52
1785075523.5281286,63.0,471.0,157.34
1785075524.5643177,42.0,5043.0,94.79
1785075525.605191,100.0,6159.0,308.71
1785075526.64489,95.0,521.0,241.4
1785075527.6845925,71.0,903.0,158.13
1785075528.7218778,100.0,6721.0,235.9
1785075529.7612066,100.0,6721.0,347.85
1785075530.8203828,100.0,6721.0,349.91
1785075531.8570476,90.0,12843.0,227.54
1785075532.8918467,87.0,531.0,245.75
1785075533.928393,41.0,5137.0,94.98
1785075534.9655926,100.0,6159.0,330.24
1785075536.0276465,81.0,813.0,231.78
1785075537.0872097,30.0,1387.0,160.71
1785075538.1251907,100.0,6159.0,214.15
1785075539.1842544,100.0,6159.0,351.0
1785075540.220217,40.0,401.0,183.01
1785075541.2604463,42.0,4549.0,97.8
1785075542.2978356,100.0,9481.0,302.18
1785075543.3375325,100.0,10127.0,346.05
1785075544.378181,100.0,10127.0,347.08
1785075545.4174619,100.0,10127.0,342.15
1785075546.458435,100.0,10127.0,348.17
1785075547.498935,100.0,10127.0,347.34
1785075548.5378897,100.0,10127.0,348.57
1785075549.5770252,100.0,10127.0,352.35
1785075550.6174376,100.0,10127.0,345.12
1785075551.65844,100.0,10127.0,336.57
1785075552.6984897,100.0,10127.0,347.71
1785075553.7376137,100.0,10127.0,345.73
1785075554.776065,80.0,40759.0,211.52
1785075555.8147457,100.0,40759.0,291.19
1785075556.852787,100.0,33545.0,249.84
1785075557.8888762,100.0,33545.0,262.56
1785075558.9236467,97.0,547.0,207.25
1785075559.9641905,42.0,2375.0,107.65
1785075561.001519,100.0,7521.0,245.88
1785075562.0425303,100.0,7847.0,348.91
1785075563.0813942,100.0,7847.0,354.02
1785075564.1216528,100.0,7847.0,345.63
1785075565.1609523,100.0,7847.0,355.03
1785075566.1975398,100.0,7847.0,350.61
1785075567.2360344,100.0,24877.0,221.1
1785075568.2778597,100.0,24877.0,288.86
1785075569.3161128,100.0,633.0,205.69
1785075570.3521304,42.0,4765.0,99.11
1785075571.3898277,100.0,6161.0,328.42
1785075572.4280312,85.0,1963.0,253.8
1785075573.4638464,28.0,1835.0,151.89
1785075574.501138,100.0,6161.0,191.06
1785075575.5601768,100.0,6161.0,349.18
1785075576.5998352,100.0,7851.0,206.0
1785075577.6364982,42.0,4939.0,97.36
1785075578.6732929,100.0,6721.0,305.77
1785075579.7321954,100.0,6721.0,354.07
1785075580.7700293,100.0,6721.0,346.52
1785075581.811505,100.0,12843.0,202.23
1785075582.8671467,29.0,1835.0,167.61
1785075583.924491,100.0,6161.0,189.82
1785075584.9615104,100.0,6161.0,345.33
1785075585.9957826,100.0,7851.0,201.04
1785075587.0325713,42.0,4075.0,110.25
1785075588.0694196,100.0,7521.0,289.09
1785075589.1094804,100.0,7847.0,347.46
1785075590.1639855,100.0,7847.0,351.61
1785075591.2018921,100.0,7847.0,344.15
1785075592.2411702,100.0,7847.0,348.61
1785075593.2815754,100.0,7847.0,344.88
1785075594.321081,100.0,24877.0,211.84
1785075595.3658576,100.0,24877.0,285.03
1785075596.4037974,100.0,629.0,180.22
1785075597.4601753,70.0,6159.0,120.14
1785075598.4977808,100.0,6159.0,350.81
1785075599.5404446,90.0,7851.0,228.97
1785075600.5764775,57.0,1701.0,162.49
1785075601.6175103,100.0,6159.0,255.77
1785075602.6763208,86.0,6159.0,327.05
1785075603.7119539,54.0,515.0,158.99
1785075604.7509532,62.0,8031.0,114.57
1785075605.7897098,100.0,9481.0,353.53
1785075606.8292944,100.0,10127.0,344.93
1785075607.8694365,100.0,10127.0,350.35
1785075608.9283183,100.0,10127.0,342.29
1785075609.9656684,100.0,10127.0,338.29
1785075611.0061471,100.0,10127.0,346.18
1785075612.0451438,100.0,10127.0,343.15
1785075613.0816574,100.0,10127.0,349.37
1785075614.1217642,100.0,10127.0,346.91
1785075615.1612546,100.0,10127.0,347.21
1785075616.2209828,100.0,10127.0,336.19
1785075617.2618408,100.0,10127.0,349.81
1785075618.3000076,100.0,40759.0,189.81
1785075619.3367891,100.0,40759.0,292.61
1785075620.3760655,100.0,33545.0,258.44
1785075621.4362977,100.0,33545.0,266.71
1785075622.4732592,100.0,569.0,176.32
1785075623.5124137,42.0,5023.0,105.12
1785075624.550332,100.0,7847.0,322.74
1785075625.589688,100.0,7847.0,344.2
1785075626.6301298,100.0,7847.0,347.35
1785075627.6888855,100.0,7847.0,345.35
1785075628.7258644,100.0,7847.0,353.38
1785075629.7654893,100.0,7847.0,347.83
1785075630.8046138,100.0,24877.0,207.16
1785075631.844121,100.0,24877.0,283.64
1785075632.8802161,95.0,1743.0,146.6
1785075633.936176,100.0,6161.0,156.1
1785075634.9731603,100.0,6161.0,351.34
1785075636.0136197,100.0,7851.0,220.57
1785075637.0523286,43.0,2775.0,129.15
1785075638.0892413,100.0,6161.0,281.91
1785075639.1297295,69.0,6161.0,302.25
1785075640.1953013,43.0,1389.0,159.62
1785075641.233846,100.0,8031.0,139.34
1785075642.274326,100.0,9481.0,352.16
1785075643.312528,100.0,10127.0,347.97
1785075644.3725848,100.0,10127.0,351.53
1785075645.4100633,100.0,10127.0,342.64
1785075646.4498448,100.0,10127.0,338.03
1785075647.490453,100.0,10127.0,343.41
1785075648.5289347,100.0,10127.0,346.25
1785075649.5695336,100.0,10127.0,351.38
1785075650.6101737,100.0,10127.0,352.24
1785075651.6498008,100.0,10127.0,346.12
1785075652.6905718,100.0,10127.0,342.85
1785075653.7322092,100.0,10127.0,348.43
1785075654.769491,100.0,40759.0,195.56
1785075655.833768,100.0,40759.0,302.49
1785075656.879915,100.0,33545.0,247.52
1785075657.9168756,100.0,33545.0,267.69
1785075658.9520278,100.0,631.0,171.08
1785075659.9882686,42.0,4803.0,106.93
1785075661.0247538,100.0,7847.0,318.96
1785075662.0616188,100.0,7847.0,349.83
1785075663.1019168,100.0,7847.0,349.07
1785075664.1415722,100.0,7847.0,343.89
1785075665.1819987,100.0,7847.0,350.53
1785075666.2225897,100.0,7847.0,349.61
1785075667.2610161,100.0,24875.0,218.74
1785075668.3009546,100.0,24875.0,281.43
1785075669.344466,100.0,1389.0,171.1
1785075670.3817263,100.0,8031.0,170.01
1785075671.4217277,100.0,9481.0,347.76
1785075672.4619749,100.0,10127.0,345.3
1785075673.5208895,100.0,10127.0,350.54
1785075674.5615795,100.0,10127.0,354.31
1785075675.6204987,100.0,10127.0,346.24
1785075676.6581142,100.0,10127.0,340.61
1785075677.6982613,100.0,10127.0,348.78
1785075678.7376368,100.0,10127.0,351.54
1785075679.7774944,100.0,10127.0,341.76
1785075680.8175497,100.0,10127.0,355.89
1785075681.860988,100.0,10127.0,347.42
1785075682.9013937,100.0,10127.0,347.36
1785075683.940413,100.0,40759.0,206.97
1785075684.976577,100.0,40759.0,294.01
1785075686.015738,100.0,33545.0,240.05
1785075687.053123,100.0,33545.0,265.63
1785075688.0920181,100.0,665.0,175.35
1785075689.1300282,40.0,6789.0,99.18
1785075690.1694968,100.0,7847.0,349.84
1785075691.2094977,100.0,7847.0,348.94
1785075692.249391,100.0,7847.0,345.1
1785075693.2897534,100.0,7847.0,348.28
1785075694.3290489,100.0,7847.0,345.05
1785075695.369514,92.0,7847.0,337.2
1785075696.4086423,100.0,24877.0,201.45
1785075697.4493358,100.0,24877.0,272.39
1785075698.4879422,40.0,2027.0,151.43
1785075699.5253427,100.0,6161.0,165.64
1785075700.565396,100.0,6161.0,350.74
1785075701.6080763,100.0,7851.0,212.83
1785075702.663319,42.0,3101.0,114.03
1785075703.7016137,100.0,9481.0,280.62
1785075704.7415469,100.0,9481.0,353.48
1785075705.7813442,100.0,10127.0,342.07
1785075706.8205462,100.0,10127.0,341.77
1785075707.8583033,100.0,10127.0,348.08
1785075708.8978183,100.0,10127.0,349.7
1785075709.9379249,100.0,10127.0,339.17
1785075710.9774625,100.0,10127.0,356.54
1785075712.017925,100.0,10127.0,346.19
1785075713.0569015,100.0,10127.0,345.62
1785075714.0938566,100.0,10127.0,345.32
1785075715.1521127,100.0,10127.0,344.2
1785075716.1882951,92.0,537.0,232.32
1785075717.2293324,100.0,40759.0,255.96
1785075718.3667746,100.0,33545.0,254.65
1785075719.4102554,100.0,33545.0,266.01
1785075720.4484224,0.0,473.0,234.28
1785075721.4841213,75.0,687.0,106.67
1785075722.5218284,100.0,8351.0,215.47
1785075723.561497,100.0,9481.0,339.12
1785075724.600695,100.0,10127.0,337.56
1785075725.637809,100.0,10127.0,348.81
1785075726.6775925,100.0,10127.0,344.06
1785075727.7174892,100.0,10127.0,344.29
1785075728.7577262,100.0,10127.0,351.46
1785075729.798082,100.0,10127.0,345.16
1785075730.8366008,100.0,10127.0,346.35
1785075731.8732543,100.0,10127.0,344.67
1785075732.9133537,100.0,10127.0,350.26
1785075733.9537518,100.0,10127.0,343.63
1785075734.9973478,71.0,10127.0,302.93
1785075736.057948,100.0,40759.0,235.29
1785075737.0996912,100.0,40759.0,282.91
1785075738.1432972,100.0,33545.0,247.42
1785075739.1864316,100.0,33545.0,264.18
1785075740.2434437,85.0,2027.0,118.46
1785075741.3003027,100.0,6159.0,164.64
1785075742.3371115,100.0,6159.0,350.49
1785075743.3948085,100.0,7851.0,216.0
1785075744.432231,43.0,3213.0,130.78
1785075745.46955,100.0,6159.0,283.21
1785075746.5097682,72.0,6159.0,299.17
1785075747.552229,42.0,1825.0,152.18
1785075748.5893695,100.0,6159.0,150.91
1785075749.629381,100.0,6159.0,351.5
1785075750.6876178,100.0,7851.0,204.84
1785075751.7243142,42.0,2299.0,131.85
1785075752.761511,100.0,9481.0,259.65
1785075753.8015368,100.0,9481.0,339.81
1785075754.8419232,100.0,10127.0,350.03
1785075755.884307,100.0,10127.0,348.55
1785075756.9230735,100.0,10127.0,345.41
1785075757.9614651,100.0,10127.0,351.97
1785075759.0007925,100.0,10127.0,346.32
1785075760.0565474,100.0,10127.0,341.94
1785075761.0937994,100.0,10127.0,343.84
1785075762.1334927,100.0,10127.0,346.81
1785075763.173881,100.0,10127.0,350.26
1785075764.2330945,100.0,10127.0,354.41
1785075765.2724996,87.0,5497.0,254.16
1785075766.3145971,100.0,40759.0,251.23
1785075767.483155,100.0,33545.0,251.61
1785075768.525388,100.0,33545.0,272.94
1785075769.5644763,33.0,549.0,225.21
1785075770.6001503,70.0,781.0,104.09
1785075771.637414,100.0,6159.0,235.22
1785075772.679238,100.0,6159.0,348.85
1785075773.7348294,40.0,471.0,181.83
1785075774.7734632,73.0,6165.0,123.24
1785075775.813373,100.0,6721.0,350.25
1785075776.8536446,100.0,6721.0,350.54
1785075777.8934457,76.0,6721.0,324.35
1785075778.9359925,100.0,12843.0,209.41
1785075779.9717631,53.0,401.0,148.29
1785075781.0093625,100.0,6159.0,209.31
1785075782.0684395,100.0,6159.0,346.03
1785075783.1038997,40.0,471.0,183.18
1785075784.1403153,41.0,5197.0,94.38
1785075785.1774004,100.0,6159.0,328.64
1785075786.215897,65.0,459.0,256.61
1785075787.2952414,74.0,863.0,161.52
1785075788.35239,100.0,6161.0,234.65
1785075789.393331,100.0,6161.0,347.48
1785075790.4359124,100.0,491.0,162.32
1785075791.4740884,83.0,8031.0,117.67
1785075792.5132456,100.0,9481.0,350.17
1785075793.5489984,100.0,10127.0,351.64
1785075794.5850782,100.0,10127.0,342.35
1785075795.644856,100.0,10127.0,348.85
1785075796.681627,100.0,10127.0,349.84
1785075797.7219732,100.0,10127.0,352.27
1785075798.7613058,100.0,10127.0,342.6
1785075799.802008,100.0,10127.0,344.69
1785075800.840557,100.0,10127.0,341.53
1785075801.896195,100.0,10127.0,352.85
1785075802.9340446,100.0,10127.0,345.58
1785075803.9734848,100.0,10127.0,347.98
1785075805.013834,100.0,40761.0,202.35
1785075806.0566118,100.0,40761.0,298.76
1785075807.095826,100.0,33545.0,247.72
1785075808.1369336,100.0,33545.0,264.13
1785075809.175739,100.0,547.0,186.2
1785075810.2162793,43.0,4359.0,98.79
1785075811.2531257,100.0,6159.0,305.09
1785075812.2926955,69.0,3961.0,279.02
1785075813.3280106,30.0,1835.0,163.38
1785075814.3655744,100.0,6159.0,183.66
1785075815.405056,100.0,6159.0,350.25
1785075816.4489126,100.0,7851.0,209.15
1785075817.4923804,43.0,4683.0,113.44
1785075818.52979,100.0,9481.0,324.77
1785075819.6083844,100.0,10127.0,353.32
1785075820.6645417,100.0,10127.0,348.66
1785075821.701564,100.0,10127.0,343.81
1785075822.7665908,100.0,10127.0,339.4
1785075823.8252606,100.0,10127.0,347.81
1785075824.8843546,100.0,10127.0,349.21
1785075825.9398391,100.0,10127.0,350.46
1785075826.977285,100.0,10127.0,343.68
1785075828.0175924,100.0,10127.0,339.2
1785075829.054699,100.0,10127.0,347.02
1785075830.0931072,100.0,10127.0,344.15
1785075831.131895,100.0,40761.0,214.55
1785075832.1685512,100.0,40761.0,293.73
1785075833.2076738,100.0,33545.0,253.36
1785075834.245288,100.0,33545.0,263.07
1785075835.28004,100.0,393.0,189.05
1785075836.320319,43.0,3075.0,101.53
1785075837.3615372,100.0,7521.0,281.85
1785075838.4013803,100.0,7847.0,347.77
1785075839.4417555,100.0,7847.0,352.08
1785075840.477888,100.0,7847.0,350.68
1785075841.5363173,100.0,7847.0,346.09
1785075842.5735722,100.0,7847.0,353.72
1785075843.6515396,100.0,24875.0,216.08
1785075844.6892784,100.0,24875.0,290.43
1785075845.7475393,100.0,549.0,186.91
1785075846.7854247,91.0,8031.0,122.71
1785075847.828206,100.0,9481.0,349.06
1785075848.8851619,100.0,10127.0,348.0
1785075849.9255981,100.0,10127.0,350.17
1785075850.9660587,100.0,10127.0,344.35
1785075852.0057902,100.0,10127.0,350.76
1785075853.0480285,100.0,10127.0,346.48
1785075854.086439,100.0,10127.0,343.51
1785075855.1248589,100.0,10127.0,347.95
1785075856.1614227,100.0,10127.0,346.68
1785075857.201519,100.0,10127.0,346.93
1785075858.2428596,100.0,10127.0,348.99
1785075859.2827036,100.0,10127.0,351.68
1785075860.3215916,100.0,40759.0,208.29
1785075861.362339,100.0,40759.0,294.05
1785075862.4038668,100.0,33545.0,254.49
1785075863.4457104,100.0,33545.0,264.27
1785075864.4878209,100.0,569.0,185.45
1785075865.524731,40.0,5237.0,98.37
1785075866.5611477,100.0,6721.0,329.66
1785075867.601076,100.0,6721.0,349.73
1785075868.6412618,100.0,6721.0,346.12
1785075869.683841,100.0,12843.0,204.9
1785075870.7210944,39.0,1889.0,162.69
1785075871.7611837,100.0,8031.0,188.04
1785075872.8013859,100.0,9481.0,341.2
1785075873.8613305,100.0,10127.0,347.15
1785075874.9020674,100.0,10127.0,346.26
1785075875.9417233,100.0,10127.0,356.53
1785075876.981287,100.0,10127.0,349.66
1785075878.0216649,100.0,10127.0,343.31
1785075879.0621934,100.0,10127.0,342.82
1785075880.1064014,100.0,10127.0,351.01
1785075881.1454833,100.0,10127.0,349.17
1785075882.1853428,100.0,10127.0,352.31
1785075883.2257416,100.0,10127.0,346.29
1785075884.2652462,72.0,10127.0,298.17
1785075885.3061442,100.0,40761.0,217.88
1785075886.3515403,100.0,40761.0,302.15
1785075887.3887002,100.0,33545.0,234.55
1785075888.4291039,100.0,33545.0,279.43
1785075889.4721887,100.0,1415.0,131.08
1785075890.5090392,100.0,6159.0,162.41
1785075891.549459,100.0,6159.0,347.23
1785075892.5887341,100.0,7851.0,217.48
1785075893.628287,43.0,3519.0,131.73
1785075894.6647153,100.0,9481.0,284.63
1785075895.7018318,100.0,10127.0,353.55
1785075896.7415805,100.0,10127.0,342.26
1785075897.7825615,100.0,10127.0,342.26
1785075898.822316,100.0,10127.0,350.2
1785075899.8614798,100.0,10127.0,350.14
1785075900.8976717,100.0,10127.0,351.53
1785075901.933766,100.0,10127.0,344.93
1785075902.9739797,100.0,10127.0,337.53
1785075904.01463,100.0,10127.0,346.89
1785075905.0539503,100.0,10127.0,342.57
1785075906.0937142,100.0,10127.0,347.96
1785075907.1319163,97.0,475.0,233.66
1785075908.1691954,100.0,40761.0,268.32
1785075909.2589216,100.0,33545.0,250.45
1785075910.3018298,100.0,33545.0,261.72
1785075911.3361855,13.0,475.0,215.38
1785075912.372301,60.0,1673.0,106.39
1785075913.42831,100.0,9481.0,256.2
1785075914.4659712,100.0,9481.0,346.87
1785075915.5056825,100.0,10127.0,350.36
1785075916.5454037,100.0,10127.0,346.51
1785075917.5812812,100.0,10127.0,345.85
1785075918.6214879,100.0,10127.0,343.77
1785075919.6621716,100.0,10127.0,346.25
1785075920.7014518,100.0,10127.0,345.67
1785075921.7420263,100.0,10127.0,344.1
1785075922.780669,100.0,10127.0,350.01
1785075923.8167853,100.0,10127.0,345.72
1785075924.8538249,100.0,10127.0,341.5
1785075925.8932955,62.0,10127.0,277.94
1785075926.9382741,100.0,40761.0,240.52
1785075927.9769104,100.0,39481.0,295.96
1785075929.0130713,100.0,33545.0,241.96
1785075930.0515735,100.0,33545.0,276.75
1785075931.0904875,70.0,2057.0,104.04
1785075932.129373,100.0,7515.0,167.4
1785075933.16938,100.0,7847.0,350.88
1785075934.2100105,100.0,7847.0,348.26
1785075935.2493677,100.0,7847.0,348.45
1785075936.2895415,100.0,7847.0,346.71
1785075937.328789,100.0,7847.0,348.87
1785075938.3650944,72.0,7847.0,304.04
1785075939.404909,100.0,24875.0,241.59
1785075940.4502432,100.0,24875.0,266.68
1785075941.4883468,68.0,1183.0,105.9
1785075942.5256174,100.0,6721.0,234.47
1785075943.5654538,100.0,6721.0,350.02
1785075944.6012962,100.0,6721.0,350.46
1785075945.6417987,75.0,12843.0,227.31
1785075946.6838024,36.0,491.0,238.09
1785075947.7220507,40.0,7391.0,97.71
1785075948.76303,100.0,9481.0,329.23
1785075949.8237405,100.0,10127.0,352.31
1785075950.8612528,100.0,10127.0,343.69
1785075951.9013748,100.0,10127.0,347.71
1785075952.9423895,100.0,10127.0,349.87
1785075953.9828553,100.0,10127.0,347.89
1785075955.021732,100.0,10127.0,352.55
1785075956.0621173,100.0,10127.0,346.43
1785075957.1013045,100.0,10127.0,334.85
1785075958.1412907,100.0,10127.0,345.09
1785075959.1827214,100.0,10127.0,346.61
1785075960.2211924,100.0,10127.0,349.99
1785075961.2598474,100.0,40759.0,223.34
1785075962.2965558,100.0,40759.0,290.1
1785075963.3381464,100.0,33545.0,261.48
1785075964.3809795,100.0,33545.0,266.99
1785075965.4206579,100.0,663.0,196.9
1785075966.456331,43.0,3905.0,101.71
1785075967.4934936,100.0,9481.0,303.21
1785075968.5297222,100.0,10127.0,352.01
1785075969.5694034,100.0,10127.0,341.99
1785075970.6096644,100.0,10127.0,337.74
1785075971.6524625,100.0,10127.0,348.76
1785075972.6899095,100.0,10127.0,343.8
1785075973.7486467,100.0,10127.0,348.8
1785075974.786115,100.0,10127.0,347.54
1785075975.8256593,100.0,10127.0,345.57
1785075976.8651457,100.0,10127.0,347.11
1785075977.9055707,100.0,10127.0,349.57
1785075978.9459715,100.0,10127.0,345.05
1785075979.9871764,80.0,40761.0,225.41
1785075981.043307,100.0,40761.0,287.19
1785075982.080437,100.0,33545.0,248.37
1785075983.1400795,100.0,33545.0,262.62
1785075984.1758938,99.0,549.0,201.89
1785075985.216129,57.0,1341.0,104.01
1785075986.2718756,100.0,6159.0,255.02
1785075987.3088949,84.0,6159.0,322.53
1785075988.3519812,100.0,663.0,160.77
1785075989.3936484,100.0,8031.0,141.87
1785075990.4344401,100.0,9481.0,351.27
1785075991.4734433,100.0,10127.0,347.77
1785075992.5138376,100.0,10127.0,350.86
1785075993.5533037,100.0,10127.0,345.02
1785075994.589698,100.0,10127.0,338.61
1785075995.6314194,100.0,10127.0,347.65
1785075996.671786,100.0,10127.0,347.74
1785075997.7098854,100.0,10127.0,355.39
1785075998.7496052,100.0,10127.0,347.27
1785075999.785522,100.0,10127.0,344.26
1785076000.8233268,100.0,10127.0,343.64
1785076001.862023,100.0,10127.0,349.95
1785076002.8997102,100.0,40761.0,192.15
1785076003.9409082,100.0,40761.0,297.95
1785076004.980327,100.0,33545.0,247.46
1785076006.0210643,100.0,33545.0,272.21
1785076007.0603774,100.0,549.0,176.12
1785076008.1236134,41.0,5287.0,110.6
1785076009.1618786,100.0,9481.0,318.43
1785076010.2014053,100.0,10127.0,346.12
1785076011.2410562,100.0,10127.0,347.77
1785076012.2812402,100.0,10127.0,341.32
1785076013.3182397,100.0,10127.0,342.85
1785076014.357718,100.0,10127.0,340.74
1785076015.3971906,100.0,10127.0,347.31
1785076016.4374847,100.0,10127.0,347.48
1785076017.477602,100.0,10127.0,350.57
1785076018.518448,100.0,10127.0,349.27
1785076019.5588558,100.0,10127.0,350.15
1785076020.5978832,100.0,10127.0,347.97
1785076021.636125,88.0,40761.0,193.25
1785076022.679387,100.0,40761.0,291.43
1785076023.716735,100.0,33545.0,270.36
1785076024.7534544,100.0,33545.0,278.47
1785076025.7919378,100.0,609.0,219.01
1785076026.8282695,42.0,3175.0,103.48
1785076027.8652356,100.0,6721.0,289.4
1785076028.9059577,100.0,6721.0,347.39
1785076029.94516,100.0,6721.0,347.67
1785076030.987343,100.0,12843.0,216.13
1785076032.0281398,63.0,925.0,208.7
1785076033.065121,100.0,8031.0,160.66
1785076034.107369,100.0,9481.0,351.18
1785076035.1454914,100.0,10127.0,351.09
1785076036.18606,100.0,10127.0,349.37
1785076037.2254882,100.0,10127.0,342.89
1785076038.2659168,100.0,10127.0,346.59
1785076039.3079777,100.0,10127.0,343.98
1785076040.346526,100.0,10127.0,347.04
1785076041.3860455,100.0,10127.0,354.91
1785076042.4256694,100.0,10127.0,349.45
1785076043.4660277,100.0,10127.0,344.19
1785076044.5249197,100.0,10127.0,340.07
1785076045.5655565,100.0,10127.0,348.61
1785076046.6061954,100.0,40761.0,194.3
1785076047.644674,100.0,40761.0,294.52
1785076048.6834664,100.0,33545.0,246.68
1785076049.72545,100.0,33545.0,277.58
1785076050.7639604,100.0,699.0,151.6
1785076051.8014503,57.0,8031.0,125.91
1785076052.84268,100.0,9481.0,346.27
1785076053.8816302,100.0,10127.0,343.07
1785076054.9177823,100.0,10127.0,353.62
1785076055.9575136,100.0,10127.0,349.02
1785076056.993601,100.0,10127.0,345.28
1785076058.0328197,100.0,10127.0,347.73
1785076059.06985,100.0,10127.0,347.79
1785076060.1091082,100.0,10127.0,346.71
1785076061.145687,100.0,10127.0,348.53
1785076062.1895618,100.0,10127.0,348.16
1785076063.231131,100.0,10127.0,347.23
1785076064.2697318,100.0,10127.0,340.94
1785076065.3078585,100.0,40761.0,198.95
1785076066.3442645,100.0,40761.0,295.04
1785076067.3841052,100.0,33545.0,275.8
1785076068.4209619,100.0,33545.0,277.7
1785076069.459583,100.0,395.0,199.88
1785076070.4963586,43.0,3405.0,106.54
1785076071.5334883,100.0,9481.0,282.54
1785076072.5736187,100.0,9481.0,339.65
1785076073.6136434,100.0,10127.0,350.51
1785076074.6542027,100.0,10127.0,347.98
1785076075.6940632,100.0,10127.0,350.0
1785076076.7338157,100.0,10127.0,343.09
1785076077.7739773,100.0,10127.0,343.93
1785076078.813233,100.0,10127.0,348.02
1785076079.8533723,100.0,10127.0,346.46
1785076080.891309,100.0,10127.0,347.39
1785076081.9294486,100.0,10127.0,355.83
1785076082.9654005,100.0,10127.0,349.14
1785076084.003871,85.0,503.0,246.87
1785076085.040384,100.0,40759.0,261.0
1785076086.1628563,100.0,33545.0,256.99
1785076087.2054727,100.0,33545.0,268.27
1785076088.2448711,0.0,473.0,227.11
1785076089.2885034,67.0,1067.0,107.82
1785076090.325511,100.0,8351.0,212.86
1785076091.3844538,100.0,9481.0,345.94
1785076092.4235814,100.0,10127.0,344.39
1785076093.4669027,100.0,10127.0,351.35
1785076094.5053694,100.0,10127.0,343.77
1785076095.5647504,100.0,10127.0,354.46
1785076096.6018362,100.0,10127.0,347.71
1785076097.6604798,100.0,10127.0,348.06
1785076098.6974876,100.0,10127.0,341.0
1785076099.737501,100.0,10127.0,345.96
1785076100.7781074,100.0,10127.0,351.72
1785076101.8172169,100.0,10127.0,345.53
1785076102.85286,55.0,10127.0,278.56
1785076103.8885098,100.0,40759.0,234.33
1785076104.924887,100.0,40759.0,303.41
1785076105.9657884,100.0,33545.0,239.52
1785076107.006786,100.0,33545.0,274.78
1785076108.0444567,48.0,1889.0,122.5
1785076109.081765,100.0,8031.0,188.89
1785076110.1213944,100.0,9481.0,348.83
1785076111.1621568,100.0,10127.0,351.67
1785076112.2015762,100.0,10127.0,344.89
1785076113.2426221,100.0,10127.0,351.58
1785076114.2817254,100.0,10127.0,347.49
1785076115.322376,100.0,10127.0,343.62
1785076116.3620334,100.0,10127.0,344.02
1785076117.4017842,100.0,10127.0,350.61
1785076118.4417589,100.0,10127.0,351.68
1785076119.4821513,100.0,10127.0,358.09
1785076120.5210276,100.0,10127.0,350.07
1785076121.5612538,93.0,10127.0,330.84
1785076122.6005223,100.0,40761.0,201.47
1785076123.6368577,100.0,40761.0,300.14
1785076124.6767378,100.0,33545.0,243.01
1785076125.7321823,100.0,33545.0,284.97
1785076126.7722344,100.0,863.0,153.05
1785076127.8095155,41.0,6163.0,98.45
1785076128.8457332,100.0,6721.0,353.7
1785076129.885799,100.0,6721.0,345.62
1785076130.9250474,100.0,6721.0,347.15
1785076131.9663594,100.0,12843.0,210.18
1785076133.0044968,71.0,1169.0,155.17
1785076134.0414793,100.0,6721.0,237.89
1785076135.0813835,100.0,6721.0,348.99
1785076136.1216419,100.0,6721.0,350.09
1785076137.1636868,100.0,12843.0,223.38
1785076138.2188365,97.0,573.0,234.85
1785076139.2566156,82.0,8031.0,120.82
1785076140.294777,100.0,9481.0,347.63
1785076141.3340614,100.0,10127.0,350.05
1785076142.3937516,100.0,10127.0,346.7
1785076143.4526663,100.0,10127.0,348.3
1785076144.4890277,100.0,10127.0,349.43
1785076145.5271678,100.0,10127.0,346.49
1785076146.5661273,100.0,10127.0,347.91
1785076147.605744,100.0,10127.0,340.48
1785076148.6449187,100.0,10127.0,342.13
1785076149.685521,100.0,10127.0,347.96
1785076150.7256794,100.0,10127.0,346.91
1785076151.765832,100.0,10127.0,348.78
1785076152.8038585,100.0,40761.0,212.29
1785076153.8408666,100.0,40761.0,295.61
1785076154.8798802,100.0,33545.0,247.16
1785076155.9216897,100.0,33545.0,267.08
1785076156.959972,100.0,515.0,169.3
1785076158.0003147,43.0,4707.0,102.9
1785076159.0382726,100.0,9481.0,325.78
1785076160.0773182,100.0,10127.0,348.11
1785076161.117358,100.0,10127.0,345.14
1785076162.157457,100.0,10127.0,347.43
1785076163.1994565,100.0,10127.0,345.32
1785076164.2396438,100.0,10127.0,350.04
1785076165.2780159,100.0,10127.0,343.79
1785076166.3180642,100.0,10127.0,356.02
1785076167.35716,100.0,10127.0,349.16
1785076168.3980672,100.0,10127.0,341.89
1785076169.4367661,100.0,10127.0,348.11
1785076170.473553,100.0,10127.0,351.04
1785076171.511759,81.0,40761.0,220.13
1785076172.5540922,100.0,40761.0,291.71
1785076173.6117852,100.0,33545.0,249.76
1785076174.6541467,100.0,33545.0,267.66
1785076175.6917465,99.0,569.0,207.22
1785076176.7513103,43.0,3279.0,105.54
1785076177.7896235,100.0,9481.0,281.64
1785076178.8295817,100.0,9481.0,340.68
1785076179.8692112,100.0,10127.0,345.12
1785076180.9099636,100.0,10127.0,343.24
1785076181.9503434,100.0,10127.0,342.25
1785076182.9899385,100.0,10127.0,348.55
1785076184.0297256,100.0,10127.0,342.53
1785076185.0883138,100.0,10127.0,346.94
1785076186.1261604,100.0,10127.0,346.53
1785076187.166976,100.0,10127.0,346.82
1785076188.2089446,100.0,10127.0,344.32
1785076189.2496498,100.0,10127.0,342.12
1785076190.2878985,89.0,475.0,232.34
1785076191.3245742,100.0,40761.0,273.29
1785076192.426573,100.0,33545.0,260.77
1785076193.468995,100.0,33545.0,268.75
1785076194.5083048,0.0,549.0,225.97
1785076195.548405,62.0,1167.0,106.83
1785076196.5851645,100.0,6159.0,232.54
1785076197.624971,88.0,6159.0,328.85
1785076198.6639674,100.0,611.0,163.64
1785076199.701458,40.0,6159.0,95.02
1785076200.7413826,100.0,6159.0,352.74
1785076201.7813373,74.0,7851.0,245.04
1785076202.8162942,43.0,1787.0,139.16
1785076203.853598,100.0,9481.0,246.46
1785076204.893846,100.0,9481.0,349.8
1785076205.9527197,100.0,10127.0,345.11
1785076207.0094824,100.0,10127.0,345.47
1785076208.0508108,100.0,10127.0,349.06
1785076209.089693,100.0,10127.0,338.16
1785076210.1296062,100.0,10127.0,341.8
1785076211.1695282,100.0,10127.0,344.47
1785076212.209639,100.0,10127.0,343.57
1785076213.2513244,100.0,10127.0,345.32
1785076214.2895098,100.0,10127.0,352.54
1785076215.3363652,100.0,10127.0,345.64
1785076216.3724823,64.0,8579.0,246.68
1785076217.4085834,100.0,40761.0,253.62
1785076218.647059,100.0,33545.0,250.69
1785076219.68941,100.0,33545.0,258.64
1785076220.7242115,28.0,475.0,223.23
1785076221.7642395,62.0,721.0,104.42
1785076222.801163,100.0,6159.0,237.89
1785076223.8413882,100.0,6159.0,347.54
1785076224.879938,40.0,471.0,186.16
1785076225.918748,78.0,8031.0,118.31
1785076226.9573534,100.0,9481.0,344.18
1785076227.997774,100.0,10127.0,352.15
1785076229.0374906,100.0,10127.0,343.54
1785076230.0774632,100.0,10127.0,346.33
1785076231.1172285,100.0,10127.0,346.21
1785076232.1568525,100.0,10127.0,349.44
1785076233.192645,100.0,10127.0,353.73
1785076234.2493186,100.0,10127.0,341.54
1785076235.289654,100.0,10127.0,334.29
1785076236.329362,100.0,10127.0,345.54
1785076237.3672426,100.0,10127.0,346.18
1785076238.4089365,100.0,10127.0,348.13
1785076239.4438112,100.0,40761.0,214.4
1785076240.487106,100.0,40761.0,292.44
1785076241.5276449,100.0,33545.0,248.64
1785076242.5693433,100.0,33545.0,258.24
1785076243.6079583,100.0,513.0,176.61
1785076244.644185,43.0,3593.0,100.0
1785076245.7003,100.0,6159.0,311.12
1785076246.7373397,71.0,6159.0,276.28
1785076247.7775142,40.0,2057.0,163.81
1785076248.8366675,100.0,7521.0,166.29
1785076249.873138,100.0,7847.0,352.35
1785076250.9151416,100.0,7847.0,347.58
1785076251.953794,100.0,7847.0,346.46
1785076252.9937363,100.0,7847.0,349.95
1785076254.0332122,100.0,7847.0,346.71
1785076255.0731878,71.0,7847.0,301.53
1785076256.116889,100.0,24875.0,244.23
1785076257.1522443,100.0,24875.0,277.27
1785076258.1882863,46.0,783.0,104.31
1785076259.225237,100.0,6161.0,234.96
1785076260.2651744,100.0,6161.0,349.75
1785076261.299997,92.0,473.0,184.18
1785076262.3372986,55.0,8031.0,122.39
1785076263.378391,100.0,9481.0,349.52
1785076264.418081,100.0,10127.0,344.62
1785076265.457749,100.0,10127.0,354.27
1785076266.496913,100.0,10127.0,345.7
1785076267.5528617,100.0,10127.0,341.79
1785076268.6081848,100.0,10127.0,348.73
1785076269.6450593,100.0,10127.0,344.17
1785076270.6854038,100.0,10127.0,349.64
1785076271.725365,100.0,10127.0,347.65
1785076272.7652788,100.0,10127.0,346.19
1785076273.8054302,100.0,10127.0,342.77
1785076274.8465893,100.0,10127.0,351.48
1785076275.8838086,100.0,40759.0,190.23
1785076276.9275365,100.0,40759.0,298.41
1785076277.9678228,100.0,33545.0,264.23
1785076279.0092955,100.0,33545.0,267.3
1785076280.0440094,100.0,515.0,189.82
1785076281.0842974,42.0,4515.0,99.7
1785076282.1216738,100.0,6721.0,307.88
1785076283.1614337,100.0,6721.0,347.0
1785076284.2016866,100.0,6721.0,348.02
1785076285.2415695,100.0,12843.0,217.96
1785076286.2760098,40.0,2027.0,191.18
1785076287.3132036,100.0,6159.0,165.58
1785076288.3532245,100.0,6159.0,347.03
1785076289.3965774,100.0,7851.0,215.86
1785076290.4363499,43.0,2979.0,124.34
1785076291.496096,100.0,6159.0,286.54
1785076292.5333695,71.0,6159.0,299.41
1785076293.5730155,37.0,1831.0,156.51
1785076294.6134553,100.0,6159.0,166.15
1785076295.6532874,100.0,6159.0,350.14
1785076296.6964376,100.0,7851.0,214.3
1785076297.7553399,43.0,3313.0,119.36
1785076298.8122287,100.0,6159.0,281.13
1785076299.8490963,71.0,6159.0,295.84
1785076300.8877742,45.0,1889.0,170.2
1785076301.9256952,100.0,8031.0,193.45
1785076302.9662251,100.0,9481.0,347.68
1785076304.0069742,100.0,10127.0,346.42
1785076305.045342,100.0,10127.0,356.49
1785076306.0862415,100.0,10127.0,343.0
1785076307.144883,100.0,10127.0,340.32
1785076308.1814244,100.0,10127.0,344.73
1785076309.2217026,100.0,10127.0,345.54
1785076310.2618291,100.0,10127.0,346.86
1785076311.3012128,100.0,10127.0,343.94
1785076312.341663,100.0,10127.0,340.89
1785076313.3816562,100.0,10127.0,345.12
1785076314.4215317,77.0,10127.0,321.67
1785076315.4606674,100.0,40761.0,197.2
1785076316.5014331,100.0,40761.0,285.57
1785076317.5424151,100.0,33545.0,240.32
1785076318.586296,100.0,33545.0,273.95
1785076319.6440175,100.0,977.0,131.35
1785076320.6820583,100.0,6159.0,141.21
1785076321.7219284,100.0,6159.0,350.74
1785076322.7626293,93.0,7851.0,213.65
1785076323.804294,42.0,1781.0,139.31
1785076324.8409789,100.0,6159.0,237.01
1785076325.8773742,67.0,6159.0,324.3
1785076326.916352,95.0,631.0,150.11
1785076327.9528558,45.0,6159.0,95.13
1785076328.9895635,100.0,6159.0,351.74
1785076330.030827,76.0,7851.0,230.16
1785076331.0680506,55.0,1001.0,144.13
1785076332.1051192,100.0,6159.0,236.24
1785076333.1411588,100.0,6159.0,349.94
1785076334.1797104,100.0,491.0,161.75
1785076335.2174428,40.0,5889.0,94.07
1785076336.2575758,100.0,6159.0,329.82
1785076337.299874,81.0,7851.0,235.12
1785076338.3591049,26.0,1011.0,156.58
1785076339.4014995,100.0,6721.0,216.32
1785076340.445613,100.0,6721.0,348.57
1785076341.4849331,100.0,6721.0,349.15
1785076342.5196595,86.0,12843.0,235.78
1785076343.5554974,46.0,417.0,245.07
1785076344.596217,42.0,4075.0,101.48
1785076345.6330295,100.0,6159.0,293.58
1785076346.6727488,67.0,5711.0,259.18
1785076347.7269318,40.0,2027.0,160.96
1785076348.765534,100.0,6159.0,179.74
1785076349.805438,100.0,6159.0,351.95
1785076350.849173,100.0,7851.0,215.01
1785076351.8883457,42.0,3293.0,109.18
1785076352.9254558,100.0,6159.0,280.69
1785076353.961157,69.0,6159.0,280.83
1785076355.000212,41.0,1745.0,160.35
1785076356.0376534,100.0,8031.0,163.85
1785076357.0778568,100.0,9481.0,349.37
1785076358.1370041,100.0,10127.0,350.7
1785076359.1734598,100.0,10127.0,345.05
1785076360.2141767,100.0,10127.0,340.13
1785076361.2533462,100.0,10127.0,344.14
1785076362.2898512,100.0,10127.0,346.27
1785076363.33138,100.0,10127.0,348.56
1785076364.3697531,100.0,10127.0,340.14
1785076365.4094133,100.0,10127.0,343.85
1785076366.4489958,100.0,10127.0,346.03
1785076367.4892812,100.0,10127.0,346.8
1785076368.5289671,100.0,10127.0,343.46
1785076369.5686193,100.0,40761.0,201.17
1785076370.6062608,100.0,40761.0,288.33
1785076371.650939,100.0,33545.0,240.31
1785076372.6907387,100.0,33545.0,281.79
1785076373.7277448,100.0,895.0,151.65
1785076374.7694132,92.0,6159.0,120.64
1785076375.8089511,100.0,6159.0,354.66
1785076376.8508606,80.0,7851.0,232.15
1785076377.8882682,73.0,667.0,157.09
1785076378.9247758,100.0,6159.0,213.11
1785076379.96158,100.0,6159.0,347.98
1785076380.9997973,60.0,471.0,154.25
1785076382.040295,43.0,5263.0,95.86
1785076383.1046336,100.0,6159.0,333.46
1785076384.1402094,89.0,7851.0,255.62
1785076385.177155,39.0,1909.0,154.43
1785076386.213766,100.0,8031.0,183.64
1785076387.2537916,100.0,9481.0,342.92
1785076388.2941015,100.0,10127.0,345.43
1785076389.3345902,100.0,10127.0,345.16
1785076390.3734636,100.0,10127.0,347.91
1785076391.4130197,100.0,10127.0,347.73
1785076392.4534395,100.0,10127.0,345.44
1785076393.4898138,100.0,10127.0,342.11
1785076394.531664,100.0,10127.0,350.81
1785076395.5694764,100.0,10127.0,343.04
1785076396.610011,100.0,10127.0,353.4
1785076397.649591,100.0,10127.0,349.67
1785076398.689292,68.0,10127.0,299.44
1785076399.730108,100.0,40759.0,200.61
1785076400.7685437,100.0,40759.0,297.04
1785076401.8045702,100.0,33545.0,232.13
1785076402.8455646,100.0,33545.0,280.32
1785076403.8847458,100.0,1039.0,129.61
1785076404.9213474,89.0,6159.0,119.4
1785076405.9570992,100.0,6159.0,351.48
1785076406.9972615,100.0,7851.0,241.17
1785076408.0403929,64.0,1561.0,141.26
1785076409.077454,100.0,6159.0,237.2
1785076410.1404085,95.0,6159.0,341.72
1785076411.1798637,75.0,631.0,158.73
1785076412.217231,50.0,6159.0,109.81
1785076413.2576358,100.0,6159.0,350.24
1785076414.2992535,75.0,7851.0,226.02
1785076415.340445,49.0,887.0,142.38
1785076416.400317,100.0,6159.0,232.95
1785076417.440838,100.0,6159.0,323.0
1785076418.4758406,100.0,511.0,161.57
1785076419.535969,41.0,5971.0,93.43
1785076420.5733607,100.0,6159.0,350.84
1785076421.6122468,87.0,7851.0,235.29
1785076422.6524093,49.0,1313.0,160.25
1785076423.6896892,100.0,9479.0,230.09
1785076424.7296507,100.0,9481.0,341.71
1785076425.7701588,100.0,10127.0,343.85
1785076426.828041,100.0,10127.0,347.01
1785076427.8652673,100.0,10127.0,343.95
1785076428.9048297,100.0,10127.0,347.24
1785076429.9420137,100.0,10127.0,348.81
1785076430.9817348,100.0,10127.0,341.34
1785076432.0206432,100.0,10127.0,348.71
1785076433.0570185,100.0,10127.0,349.16
1785076434.0977654,100.0,10127.0,346.05
1785076435.1372912,100.0,10127.0,351.05
1785076436.1763701,54.0,10127.0,272.45
1785076437.2146409,100.0,40761.0,233.24
1785076438.2525616,100.0,38969.0,281.64
1785076439.293931,100.0,33545.0,246.4
1785076440.3361413,100.0,33545.0,250.92
1785076441.3726418,32.0,1841.0,103.18
1785076442.4092517,100.0,6555.0,187.73
1785076443.4454093,100.0,6721.0,347.35
1785076444.4816992,100.0,6721.0,347.43
1785076445.5200355,81.0,417.0,258.06
1785076446.560195,45.0,12843.0,245.7
1785076447.5961037,43.0,3495.0,101.85
1785076448.633326,100.0,6159.0,305.19
1785076449.6771886,72.0,6159.0,281.19
1785076450.7350926,44.0,2059.0,162.39
1785076451.7735484,100.0,8031.0,168.13
1785076452.8139856,100.0,9481.0,346.58
1785076453.8719635,100.0,10127.0,348.2
1785076454.9096498,100.0,10127.0,343.16
1785076455.9498615,100.0,10127.0,341.33
1785076456.9899294,100.0,10127.0,345.38
1785076458.029602,100.0,10127.0,345.98
1785076459.0700648,100.0,10127.0,349.76
1785076460.1099453,100.0,10127.0,355.41
1785076461.1490376,100.0,10127.0,342.67
1785076462.1900282,100.0,10127.0,335.44
1785076463.229146,100.0,10127.0,347.99
1785076464.2694662,100.0,10127.0,349.79
1785076465.3091526,100.0,40759.0,187.59
1785076466.3550222,100.0,40759.0,298.26
1785076467.4148626,100.0,33545.0,246.09
1785076468.4540117,100.0,33545.0,275.73
1785076469.4918327,100.0,779.0,153.9
1785076470.529226,57.0,5971.0,121.35
1785076471.5695288,100.0,6159.0,350.04
1785076472.6087012,92.0,7851.0,235.7
1785076473.6437945,68.0,393.0,160.31
1785076474.6812742,100.0,6159.0,211.11
1785076475.7213774,100.0,6159.0,352.9
1785076476.7598813,40.0,471.0,185.33
1785076477.7962108,43.0,4983.0,96.79
1785076478.8335464,100.0,6159.0,328.01
1785076479.8720858,81.0,1649.0,254.41
1785076480.9078238,30.0,1835.0,159.65
1785076481.9450018,100.0,6159.0,199.07
1785076482.9858844,100.0,6159.0,353.47
1785076484.023607,57.0,7851.0,202.37
1785076485.0833242,43.0,4483.0,100.17
1785076486.1210573,100.0,6159.0,324.05
1785076487.1605973,56.0,4181.0,255.49
1785076488.1958566,41.0,1835.0,158.88
1785076489.2331963,100.0,6159.0,187.73
1785076490.273002,100.0,6159.0,351.2
1785076491.310982,100.0,7851.0,213.09
1785076492.3522773,43.0,3573.0,112.03
1785076493.3892558,100.0,6159.0,285.43
1785076494.4294229,70.0,6159.0,277.22
1785076495.4681587,42.0,2027.0,151.84
1785076496.5056722,100.0,6159.0,150.52
1785076497.5452251,100.0,6159.0,350.21
1785076498.5870667,100.0,7851.0,218.56
1785076499.6431966,43.0,3259.0,108.38
1785076500.6812935,100.0,6159.0,280.39
1785076501.7209623,71.0,6159.0,283.02
1785076502.7609353,40.0,1907.0,161.51
1785076503.8013318,100.0,6159.0,139.65
1785076504.8412175,100.0,6159.0,350.04
1785076505.8811202,100.0,7851.0,220.15
1785076506.9241471,43.0,3513.0,110.37
1785076507.9613786,100.0,6159.0,281.0
1785076509.0014408,71.0,6159.0,299.07
1785076510.0405467,42.0,1927.0,148.82
1785076511.0985541,100.0,6159.0,162.38
1785076512.1373725,100.0,6159.0,352.48
1785076513.18109,100.0,7851.0,211.8
1785076514.2202854,43.0,3953.0,112.47
1785076515.2573438,100.0,6159.0,303.47
1785076516.3004856,73.0,5907.0,276.36
1785076517.3400753,41.0,1835.0,158.52
1785076518.376969,100.0,6159.0,171.53
1785076519.4171932,100.0,6159.0,349.91
1785076520.460912,100.0,7851.0,224.07
1785076521.5043774,42.0,4453.0,110.4
1785076522.5456169,100.0,6159.0,306.92
1785076523.58466,68.0,5001.0,278.74
1785076524.6393383,35.0,1835.0,153.21
1785076525.6772587,100.0,6159.0,188.78
1785076526.717201,100.0,6159.0,345.58
1785076527.7565224,91.0,7851.0,200.5
1785076528.7962842,43.0,4877.0,105.06
1785076529.8333054,100.0,6159.0,328.51
1785076530.8722053,70.0,1597.0,254.56
1785076531.908902,46.0,1835.0,159.04
1785076532.9457462,100.0,6159.0,208.07
1785076534.028369,100.0,6159.0,347.23
1785076535.0640042,41.0,471.0,183.05
1785076536.1043525,43.0,5043.0,93.01
1785076537.1413631,100.0,6159.0,328.65
1785076538.1799486,81.0,413.0,250.4
1785076539.2349687,54.0,643.0,157.57
1785076540.2776525,100.0,6159.0,212.27
1785076541.3172212,100.0,6159.0,349.65
1785076542.355852,41.0,471.0,184.59
1785076543.39245,42.0,5507.0,95.05
1785076544.4295037,100.0,6159.0,336.84
1785076545.4719,95.0,7851.0,238.4
1785076546.5122254,65.0,761.0,160.67
1785076547.5494325,100.0,6159.0,224.38
1785076548.588705,100.0,6159.0,347.79
1785076549.6240675,85.0,471.0,159.99
1785076550.6799684,40.0,6073.0,95.31
1785076551.7171876,100.0,6159.0,350.95
1785076552.756645,74.0,7851.0,242.19
1785076553.7921739,74.0,1281.0,154.79
1785076554.8290505,100.0,6159.0,248.05
1785076555.8880622,100.0,6159.0,348.97
1785076556.9430633,89.0,533.0,152.84
1785076557.9811814,85.0,6159.0,116.98
1785076559.0215938,100.0,6159.0,353.45
1785076560.060969,100.0,7851.0,226.67
1785076561.0965054,48.0,2167.0,132.51
1785076562.1334996,100.0,6159.0,258.35
1785076563.1730835,75.0,6159.0,324.21
1785076564.2162185,45.0,1169.0,148.02
1785076565.257644,100.0,6159.0,138.56
1785076566.3009758,100.0,6159.0,351.13
1785076567.3380015,100.0,7851.0,217.38
1785076568.3763354,43.0,2933.0,137.71
1785076569.4135575,100.0,6159.0,278.69
1785076570.4532237,71.0,6159.0,293.97
1785076571.5158577,42.0,1827.0,152.01
1785076572.5529127,100.0,6159.0,162.96
1785076573.5897703,100.0,6159.0,350.79
1785076574.6288059,100.0,7851.0,213.51
1785076575.6689708,43.0,3373.0,127.27
1785076576.7093856,100.0,6159.0,281.64
1785076577.7497582,71.0,6159.0,290.1
1785076578.7924054,43.0,2027.0,159.54
1785076579.8291776,100.0,6159.0,166.02
1785076580.869452,100.0,6159.0,345.88
1785076581.911739,100.0,7851.0,222.4
1785076582.9483626,43.0,4013.0,112.04
1785076583.9853954,100.0,6159.0,284.43
1785076585.0244281,70.0,5201.0,279.18
1785076586.0599132,43.0,2027.0,158.11
1785076587.0971222,100.0,6159.0,181.39
1785076588.133423,100.0,6159.0,353.11
1785076589.1756523,100.0,7851.0,200.54
1785076590.2124264,43.0,2813.0,115.62
1785076591.2489843,100.0,6159.0,280.05
1785076592.2893324,71.0,6159.0,294.3
1785076593.3281288,33.0,1107.0,147.33
1785076594.3651495,100.0,6159.0,115.6
1785076595.4054399,100.0,6159.0,350.49
1785076596.4479125,100.0,7851.0,228.17
1785076597.4882064,58.0,1901.0,127.54
1785076598.5254493,100.0,6159.0,254.13
1785076599.56514,85.0,6159.0,319.74
1785076600.6038013,50.0,513.0,159.57
1785076601.641148,75.0,6159.0,119.85
1785076602.6812096,100.0,6159.0,349.19
1785076603.7171004,97.0,7851.0,226.44
1785076604.756271,69.0,1201.0,148.76
1785076605.7931042,100.0,6159.0,235.85
1785076606.8370693,97.0,6159.0,347.22
1785076607.8760965,70.0,551.0,170.89
1785076608.913313,46.0,5971.0,99.42
1785076609.9539523,100.0,6159.0,337.1
1785076610.9924817,75.0,7851.0,225.9
1785076612.027835,50.0,413.0,159.83
1785076613.0653527,100.0,6159.0,209.57
1785076614.104967,100.0,6159.0,351.17
1785076615.1628535,39.0,471.0,182.06
1785076616.2043447,41.0,5417.0,93.12
1785076617.2412221,100.0,6159.0,326.88
1785076618.2988734,73.0,7851.0,234.65
1785076619.3367226,36.0,1885.0,145.59
1785076620.374644,100.0,7521.0,187.53
1785076621.4127007,100.0,7847.0,346.19
1785076622.4494312,100.0,7847.0,347.91
1785076623.4896848,100.0,7847.0,348.61
1785076624.5292723,100.0,7847.0,353.21
1785076625.568899,100.0,7847.0,342.9
1785076626.608025,96.0,443.0,240.12
1785076627.644798,100.0,24875.0,273.5
1785076628.6988711,97.0,491.0,231.25
1785076629.7403736,42.0,4015.0,101.24
1785076630.7776651,100.0,7521.0,305.42
1785076631.817497,100.0,7847.0,346.67
1785076632.857171,100.0,7847.0,346.08
1785076633.8975072,100.0,7847.0,346.55
1785076634.938153,100.0,7847.0,345.84
1785076635.9778504,100.0,7847.0,347.41
1785076637.0194612,100.0,24877.0,220.06
1785076638.0613856,100.0,24877.0,287.88
1785076639.1151173,100.0,713.0,177.83
1785076640.1727476,100.0,6949.0,164.42
1785076641.2100325,100.0,7847.0,347.82
1785076642.2497418,100.0,7847.0,345.4
1785076643.289641,100.0,7847.0,348.36
1785076644.3298867,100.0,7847.0,346.92
1785076645.3700674,100.0,7847.0,348.36
1785076646.4094694,71.0,7847.0,302.85
1785076647.4543738,100.0,24877.0,221.23
1785076648.4944003,100.0,24877.0,273.06
1785076649.5324204,64.0,1309.0,120.42
1785076650.570479,100.0,7521.0,244.23
1785076651.6094632,100.0,7847.0,348.76
1785076652.6683266,100.0,7847.0,355.03
1785076653.7074342,100.0,7847.0,344.55
1785076654.7453942,100.0,7847.0,352.42
1785076655.7851386,100.0,7847.0,349.69
1785076656.8242352,76.0,24877.0,225.69
1785076657.863596,100.0,24877.0,294.96
1785076658.8998556,100.0,633.0,215.44
1785076659.9404125,42.0,5299.0,98.86
1785076660.9777677,100.0,6161.0,333.2
1785076662.020324,94.0,709.0,239.72
1785076663.060284,69.0,1089.0,166.1
1785076664.0975103,100.0,6161.0,237.49
1785076665.13728,100.0,6161.0,352.77
1785076666.1759112,100.0,511.0,163.05
1785076667.2133317,82.0,6789.0,126.85
1785076668.253779,100.0,7847.0,353.2
1785076669.2936091,100.0,7847.0,350.78
1785076670.3339002,100.0,7847.0,347.72
1785076671.3745382,100.0,7847.0,347.45
1785076672.4138436,100.0,7847.0,345.51
1785076673.4534602,91.0,7847.0,335.99
1785076674.4934757,100.0,24877.0,207.41
1785076675.5523567,100.0,24877.0,266.55
1785076676.5888703,25.0,1835.0,134.85
1785076677.6249816,100.0,6161.0,190.54
1785076678.6841886,100.0,6161.0,346.84
1785076679.7198792,74.0,6713.0,196.69
1785076680.7564304,42.0,4417.0,98.45
1785076681.7939048,100.0,9481.0,311.26
1785076682.8338084,100.0,10127.0,348.11
1785076683.873469,100.0,10127.0,343.32
1785076684.9141853,100.0,10127.0,343.21
1785076685.953561,100.0,10127.0,348.88
1785076686.9931116,100.0,10127.0,352.5
1785076688.0530689,100.0,10127.0,347.69
1785076689.0932248,100.0,10127.0,344.85
1785076690.1525013,100.0,10127.0,346.12
1785076691.1900496,100.0,10127.0,346.34
1785076692.2293327,100.0,10127.0,346.59
1785076693.2699466,100.0,10127.0,347.82
1785076694.3080325,80.0,40759.0,230.13
1785076695.354137,100.0,40759.0,284.7
1785076696.4118576,100.0,33545.0,256.34
1785076697.456087,100.0,33545.0,265.56
1785076698.4918625,100.0,547.0,211.53
1785076699.5282683,46.0,1947.0,101.9
1785076700.565629,100.0,6159.0,259.74
1785076701.6094563,75.0,6159.0,326.89
1785076702.6481416,100.0,861.0,153.21
1785076703.6851158,100.0,6161.0,158.87
1785076704.7252052,100.0,6161.0,349.28
1785076705.768573,100.0,7851.0,223.09
1785076706.8082883,43.0,3855.0,132.42
1785076707.8453789,100.0,6161.0,281.06
1785076708.885539,70.0,6161.0,278.54
1785076709.9240546,42.0,2027.0,154.65
1785076710.96164,100.0,6159.0,180.31
1785076712.0014582,100.0,6159.0,349.35
1785076713.061789,100.0,7851.0,206.86
1785076714.100302,42.0,4611.0,108.18
1785076715.1379879,100.0,6161.0,307.39
1785076716.176657,74.0,4023.0,251.87
1785076717.2130873,26.0,1833.0,158.54
1785076718.2528803,100.0,6161.0,211.33
1785076719.2938728,100.0,6161.0,347.16
1785076720.332458,100.0,7851.0,203.72
1785076721.3683643,40.0,4903.0,97.03
1785076722.4055047,100.0,6159.0,321.19
1785076723.4441323,73.0,1149.0,249.25
1785076724.4809885,25.0,1885.0,160.25
1785076725.521375,100.0,7521.0,199.75
1785076726.5807104,100.0,7847.0,350.67
1785076727.6183975,100.0,7847.0,346.03
1785076728.6576295,100.0,7847.0,353.55
1785076729.6974044,100.0,7847.0,350.94
1785076730.7378917,100.0,7847.0,345.64
1785076731.7758274,94.0,489.0,246.68
1785076732.8126538,100.0,24875.0,258.39
1785076733.847839,59.0,417.0,235.14
1785076734.8841927,43.0,2341.0,103.48
1785076735.9217181,100.0,7521.0,257.77
1785076736.9609387,100.0,7847.0,346.71
1785076737.9971802,100.0,7847.0,347.46
1785076739.0375376,100.0,7847.0,348.93
1785076740.077361,100.0,7847.0,347.25
1785076741.1173568,100.0,7847.0,350.21
1785076742.1558366,100.0,24877.0,220.58
1785076743.1981273,100.0,24877.0,287.32
1785076744.236246,100.0,629.0,213.34
1785076745.2723053,42.0,4903.0,97.3
1785076746.3093712,100.0,6159.0,312.75
1785076747.3481288,94.0,1025.0,239.04
1785076748.3850217,26.0,1835.0,164.49
1785076749.4252472,100.0,6159.0,185.55
1785076750.4652038,100.0,6159.0,346.41
1785076751.5037625,100.0,7851.0,207.38
1785076752.542849,42.0,4015.0,95.21
1785076753.6002269,100.0,7521.0,305.16
1785076754.638446,100.0,7847.0,344.05
1785076755.6773498,100.0,7847.0,352.93
1785076756.7173352,100.0,7847.0,350.07
1785076757.75383,100.0,7847.0,346.67
1785076758.793535,100.0,7847.0,352.3
1785076759.833385,100.0,24877.0,214.09
1785076760.876866,100.0,24877.0,288.52
1785076761.9117575,100.0,615.0,186.65
1785076762.9491177,89.0,6159.0,118.65
1785076763.9894078,100.0,6159.0,351.11
1785076765.0288692,76.0,7851.0,234.23
1785076766.064381,73.0,683.0,151.46
1785076767.102046,100.0,7521.0,211.81
1785076768.1409974,100.0,7847.0,351.32
1785076769.1990926,100.0,7847.0,351.49
1785076770.2384589,100.0,7847.0,344.43
1785076771.277338,100.0,7847.0,349.01
1785076772.3172433,100.0,7847.0,344.84
1785076773.3558905,76.0,24875.0,226.2
1785076774.3958375,100.0,24875.0,281.11
1785076775.432112,70.0,531.0,225.53
1785076776.4683206,43.0,3401.0,100.13
1785076777.5052512,100.0,7521.0,282.02
1785076778.548031,100.0,7847.0,344.99
1785076779.5858047,100.0,7847.0,352.43
1785076780.6294963,100.0,7847.0,351.62
1785076781.670787,100.0,7847.0,346.17
1785076782.709928,100.0,7847.0,351.44
1785076783.748501,100.0,24877.0,216.43
1785076784.7895987,100.0,24877.0,281.81
1785076785.8284302,100.0,513.0,189.84
1785076786.865463,78.0,6161.0,128.83
1785076787.9056575,100.0,6161.0,352.71
1785076788.9474597,100.0,7851.0,228.82
1785076789.9882753,70.0,1029.0,140.49
1785076791.0249639,100.0,7521.0,211.03
1785076792.0614672,100.0,7847.0,348.42
1785076793.1016223,100.0,7847.0,346.81
1785076794.141222,100.0,7847.0,348.38
1785076795.1813881,100.0,7847.0,348.4
1785076796.2219326,100.0,7847.0,347.13
1785076797.2600095,75.0,24875.0,218.72
1785076798.299623,100.0,24875.0,281.89
1785076799.3358712,100.0,511.0,217.9
1785076800.3766205,41.0,4361.0,100.21
1785076801.4361808,100.0,6161.0,317.04
1785076802.4765193,69.0,3563.0,249.05
1785076803.5121062,36.0,1835.0,161.18
1785076804.5491264,100.0,6159.0,199.61
1785076805.5895872,100.0,6159.0,349.24
1785076806.6239026,100.0,7851.0,203.63
1785076807.660439,42.0,3701.0,108.27
1785076808.697594,100.0,6159.0,283.61
1785076809.7412424,67.0,6159.0,267.92
1785076810.7843254,41.0,2027.0,149.41
1785076811.8209112,100.0,6159.0,140.73
1785076812.8572316,100.0,6159.0,350.58
1785076813.8970134,100.0,7851.0,228.21
1785076814.9402702,42.0,2761.0,109.92
1785076815.9773524,100.0,6159.0,263.51
1785076817.0213072,67.0,6159.0,297.36
1785076818.0644107,34.0,1305.0,158.46
1785076819.1011326,100.0,6159.0,124.67
1785076820.1412535,100.0,6159.0,354.56
1785076821.2040253,100.0,7851.0,211.1
1785076822.2443116,42.0,2841.0,123.67
1785076823.2810786,100.0,6161.0,260.67
1785076824.3252559,68.0,6161.0,293.79
1785076825.364286,33.0,1305.0,155.54
1785076826.4010985,100.0,6159.0,119.47
1785076827.4458327,100.0,6159.0,351.05
1785076828.4865997,100.0,7851.0,222.26
1785076829.5282967,42.0,2701.0,126.45
1785076830.569305,100.0,6161.0,260.79
1785076831.6089966,68.0,6161.0,318.92
1785076832.6482527,43.0,1551.0,155.49
1785076833.7244473,100.0,6161.0,183.21
1785076834.7619488,100.0,6161.0,349.18
1785076835.8032153,100.0,7851.0,209.94
1785076836.8403254,42.0,4055.0,112.14
1785076837.8773854,100.0,6159.0,297.42
1785076838.9165523,61.0,6033.0,256.47
1785076839.9517395,41.0,2027.0,159.93
1785076840.9897075,100.0,6159.0,164.98
1785076842.0294018,100.0,6159.0,348.3
1785076843.0725353,100.0,7851.0,213.57
1785076844.1123495,42.0,3341.0,109.4
1785076845.149349,100.0,6159.0,281.18
1785076846.1895154,69.0,6159.0,298.7
1785076847.2296846,41.0,1831.0,146.87
1785076848.269505,100.0,6159.0,140.38
1785076849.3091457,100.0,6159.0,348.11
1785076850.3555508,100.0,7851.0,229.4
1785076851.396304,42.0,2575.0,130.05
1785076852.4336946,100.0,6159.0,265.07
1785076853.4731498,69.0,6159.0,305.86
1785076854.5165617,42.0,1157.0,157.0
1785076855.5533006,100.0,8031.0,135.39
1785076856.5936456,100.0,9481.0,350.11
1785076857.6330864,100.0,10127.0,345.95
1785076858.6732628,100.0,10127.0,346.39
1785076859.71381,100.0,10127.0,348.9
1785076860.7542956,100.0,10127.0,343.78
1785076861.7952178,100.0,10127.0,347.39
1785076862.8330064,100.0,10127.0,349.0
1785076863.8733504,100.0,10127.0,346.73
1785076864.913467,100.0,10127.0,351.34
1785076865.9537294,100.0,10127.0,343.31
1785076866.9899256,100.0,10127.0,339.57
1785076868.030379,100.0,10127.0,348.48
1785076869.0686026,100.0,40759.0,193.36
1785076870.1064475,100.0,40759.0,299.92
1785076871.1478138,100.0,33545.0,265.2
1785076872.1904123,100.0,33545.0,261.56
1785076873.2321036,100.0,535.0,174.65
1785076874.2723825,42.0,4395.0,99.11
1785076875.3101168,100.0,9481.0,310.69
1785076876.367893,100.0,10127.0,346.13
1785076877.405918,100.0,10127.0,349.19
1785076878.4456904,100.0,10127.0,348.57
1785076879.4871438,100.0,10127.0,351.71
1785076880.5453002,100.0,10127.0,343.47
1785076881.5858798,100.0,10127.0,341.1
1785076882.6250763,100.0,10127.0,346.98
1785076883.6659238,100.0,10127.0,345.45
1785076884.7063663,100.0,10127.0,347.77
1785076885.7450168,100.0,10127.0,349.61
1785076886.7893934,100.0,10127.0,349.08
1785076887.8238838,88.0,40759.0,191.91
1785076888.866033,100.0,40759.0,292.34
1785076889.90476,100.0,33545.0,262.68
1785076890.9460204,100.0,33545.0,279.83
1785076891.984185,73.0,549.0,232.72
1785076893.0243506,43.0,2139.0,109.45
1785076894.0650964,100.0,9481.0,257.57
1785076895.1057923,100.0,9481.0,347.7
1785076896.1455538,100.0,10127.0,353.64
1785076897.1855512,100.0,10127.0,350.95
1785076898.226819,100.0,10127.0,347.23
1785076899.2659564,100.0,10127.0,343.03
1785076900.3058524,100.0,10127.0,341.94
1785076901.345612,100.0,10127.0,346.82
1785076902.386907,100.0,10127.0,346.64
1785076903.4269125,100.0,10127.0,346.01
1785076904.465737,100.0,10127.0,356.01
1785076905.5053785,100.0,10127.0,354.74
1785076906.544506,67.0,8079.0,262.3
1785076907.583726,100.0,40759.0,240.79
1785076908.8111048,100.0,33545.0,245.94
1785076909.8535073,100.0,33545.0,281.98
1785076910.907218,54.0,547.0,226.13
1785076911.944396,43.0,1847.0,106.28
1785076912.9811141,100.0,9481.0,233.27
1785076914.021474,100.0,9481.0,349.33
1785076915.0572858,100.0,10127.0,343.16
1785076916.1010218,100.0,10127.0,345.04
1785076917.141452,100.0,10127.0,348.47
1785076918.1812418,100.0,10127.0,344.35
1785076919.2213504,100.0,10127.0,353.01
1785076920.2617393,100.0,10127.0,346.4
1785076921.3018944,100.0,10127.0,342.88
1785076922.3407605,100.0,10127.0,345.21
1785076923.3765035,100.0,10127.0,350.49
1785076924.4134958,100.0,10127.0,340.7
1785076925.472084,69.0,7579.0,277.28
1785076926.5122046,100.0,40761.0,253.66
1785076927.7266881,100.0,33545.0,255.32
1785076928.769233,100.0,33545.0,260.05
1785076929.8084939,31.0,475.0,227.36
1785076930.848224,73.0,1067.0,107.67
1785076931.8891597,100.0,9479.0,240.0
1785076932.9297001,100.0,9481.0,347.56
1785076933.9889545,100.0,10127.0,343.13
1785076935.0300648,100.0,10127.0,350.22
1785076936.0737886,100.0,10127.0,343.16
1785076937.1129208,100.0,10127.0,346.29
1785076938.1570342,100.0,10127.0,352.27
1785076939.2009652,100.0,10127.0,345.95
1785076940.2392848,100.0,10127.0,345.81
1785076941.277034,100.0,10127.0,344.58
1785076942.3135593,100.0,10127.0,351.49
1785076943.3534791,100.0,10127.0,346.07
1785076944.3933673,70.0,10127.0,276.44
1785076945.4340477,100.0,40759.0,234.46
1785076946.4737515,100.0,40759.0,281.7
1785076947.5281556,100.0,33545.0,247.84
1785076948.5829575,60.0,33545.0,249.94
1785076949.62479,38.0,1889.0,106.3
1785076950.6610684,100.0,8031.0,199.98
1785076951.6974194,100.0,9481.0,341.83
1785076952.7575276,100.0,10127.0,347.1
1785076953.7965138,100.0,10127.0,353.38
1785076954.833195,100.0,10127.0,347.62
1785076955.87311,100.0,10127.0,339.5
1785076956.9097679,100.0,10127.0,346.43
1785076957.9507096,100.0,10127.0,349.47
1785076958.9902017,100.0,10127.0,346.18
1785076960.0289643,100.0,10127.0,351.65
1785076961.0888097,100.0,10127.0,350.39
1785076962.125047,100.0,10127.0,344.29
1785076963.1688774,84.0,10127.0,325.03
1785076964.205684,100.0,40761.0,203.47
1785076965.2508433,100.0,40761.0,301.92
1785076966.294681,100.0,33545.0,234.33
1785076967.3567317,100.0,33545.0,287.25
1785076968.4114091,100.0,1059.0,131.53
1785076969.4490616,100.0,6159.0,135.63
1785076970.4932806,100.0,6159.0,348.64
1785076971.53668,100.0,7851.0,218.45
1785076972.5724707,61.0,1847.0,143.52
1785076973.6098359,100.0,9481.0,252.37
1785076974.649341,100.0,9481.0,349.95
1785076975.6897795,100.0,10127.0,346.71
1785076976.729508,100.0,10127.0,348.41
1785076977.7700822,100.0,10127.0,350.52
1785076978.8098452,100.0,10127.0,341.35
1785076979.849681,100.0,10127.0,334.84
1785076980.8899798,100.0,10127.0,347.02
1785076981.9299529,100.0,10127.0,349.51
1785076982.968906,100.0,10127.0,347.29
1785076984.005972,100.0,10127.0,354.75
1785076985.0452936,100.0,10127.0,351.72
1785076986.0886157,67.0,9497.0,258.83
1785076987.1251128,100.0,40759.0,240.72
1785076988.1662457,100.0,33551.0,280.54
1785076989.2104306,100.0,33545.0,242.18
1785076990.248256,100.0,33545.0,278.52
1785076991.287713,52.0,1909.0,105.01
1785076992.3258839,100.0,8031.0,163.92
1785076993.3664982,100.0,9481.0,343.39
1785076994.4067132,100.0,10127.0,347.18
1785076995.4457188,100.0,10127.0,344.78
1785076996.4854586,100.0,10127.0,346.83
1785076997.525579,100.0,10127.0,353.53
1785076998.565812,100.0,10127.0,348.64
1785076999.60146,100.0,10127.0,344.56
1785077000.659971,100.0,10127.0,344.44
1785077001.6978977,100.0,10127.0,351.76
1785077002.7376006,100.0,10127.0,350.99
1785077003.7730627,100.0,10127.0,352.43
1785077004.8170764,100.0,10127.0,344.55
1785077005.8633227,100.0,40759.0,198.39
1785077006.9014833,100.0,40759.0,292.1
1785077007.9430594,100.0,33545.0,243.56
1785077008.980991,100.0,33545.0,279.81
1785077010.0199032,100.0,827.0,150.88
1785077011.0574782,41.0,5971.0,120.9
1785077012.0972989,100.0,6159.0,350.66
1785077013.1367595,87.0,7851.0,236.5
1785077014.1722836,60.0,921.0,165.43
1785077015.2092712,100.0,6159.0,228.64
1785077016.2490416,100.0,6159.0,347.67
1785077017.2880573,98.0,491.0,166.62
1785077018.3252678,57.0,6161.0,115.9
1785077019.3652122,100.0,6161.0,351.18
1785077020.4054184,77.0,7851.0,226.41
1785077021.4443562,41.0,2189.0,162.72
1785077022.4855082,100.0,7521.0,262.62
1785077023.5291886,100.0,7847.0,351.64
1785077024.5734649,100.0,7847.0,343.78
1785077025.6135044,100.0,7847.0,350.37
1785077026.652577,100.0,7847.0,348.44
1785077027.689372,100.0,7847.0,346.83
1785077028.7490845,89.0,24877.0,219.22
1785077029.7949588,100.0,24877.0,281.71
1785077030.8320038,100.0,633.0,208.71
1785077031.8722637,42.0,5219.0,99.04
1785077032.9133475,100.0,6161.0,328.95
1785077033.9521658,82.0,641.0,235.83
1785077035.0112872,33.0,1835.0,156.62
1785077036.0493693,100.0,6161.0,203.17
1785077037.0943272,100.0,6161.0,348.58
1785077038.131992,54.0,397.0,202.88
1785077039.169615,60.0,8031.0,117.74
1785077040.2070003,100.0,9481.0,350.44
1785077041.2456355,100.0,10127.0,345.44
1785077042.2857125,100.0,10127.0,351.36
1785077043.3258884,100.0,10127.0,341.86
1785077044.366603,100.0,10127.0,337.78
1785077045.4059112,100.0,10127.0,348.59
1785077046.4460251,100.0,10127.0,341.67
1785077047.4892507,100.0,10127.0,347.07
1785077048.5298262,100.0,10127.0,348.48
1785077049.5695596,100.0,10127.0,344.8
1785077050.613631,100.0,10127.0,341.01
1785077051.6545956,100.0,10127.0,349.07
1785077052.691639,100.0,40759.0,200.26
1785077053.7284257,100.0,40759.0,293.46
1785077054.767536,100.0,33545.0,260.27
1785077055.8048236,100.0,33545.0,271.46
1785077056.8401835,100.0,663.0,184.59
1785077057.8763797,43.0,4099.0,115.0
1785077058.9135792,100.0,9481.0,299.03
1785077059.9538953,100.0,10127.0,347.13
1785077060.9932094,100.0,10127.0,348.99
1785077062.0292783,100.0,10127.0,345.3
1785077063.0662525,100.0,10127.0,347.6
1785077064.105517,100.0,10127.0,344.95
1785077065.1458552,100.0,10127.0,342.23
1785077066.1859171,100.0,10127.0,349.34
1785077067.225215,100.0,10127.0,345.29
1785077068.266927,100.0,10127.0,345.99
1785077069.3060458,100.0,10127.0,351.14
1785077070.3455467,100.0,10127.0,346.77
1785077071.384947,91.0,40761.0,213.39
1785077072.4202929,100.0,40761.0,274.06
1785077073.4584048,100.0,33545.0,266.67
1785077074.5029986,100.0,33545.0,275.01
1785077075.5592167,76.0,549.0,231.63
1785077076.6005077,42.0,2093.0,104.64
1785077077.638619,100.0,9481.0,261.35
1785077078.6963873,100.0,9481.0,345.95
1785077079.7335896,100.0,10127.0,343.31
1785077080.7743292,100.0,10127.0,345.85
1785077081.8154535,100.0,10127.0,345.24
1785077082.8533933,100.0,10127.0,355.45
1785077083.8930163,100.0,10127.0,351.17
1785077084.9293842,100.0,10127.0,346.07
1785077085.9705667,100.0,10127.0,337.72
1785077087.0091705,100.0,10127.0,347.55
1785077088.0493426,100.0,10127.0,345.27
1785077089.0893643,100.0,10127.0,343.96
1785077090.1285462,67.0,7479.0,277.13
1785077091.167429,100.0,40761.0,256.06
1785077092.3788974,100.0,33545.0,255.73
1785077093.4213123,100.0,33545.0,273.08
1785077094.4561028,30.0,475.0,226.96
1785077095.517132,56.0,1847.0,105.5
1785077096.5572414,100.0,9481.0,258.06
1785077097.5973008,100.0,9481.0,350.17
1785077098.634022,100.0,10127.0,347.48
1785077099.6927316,100.0,10127.0,347.16
1785077100.750915,100.0,10127.0,342.26
1785077101.8083968,100.0,10127.0,344.41
1785077102.8452652,100.0,10127.0,345.13
1785077103.8854373,100.0,10127.0,346.16
1785077104.9261224,100.0,10127.0,346.22
1785077105.966058,100.0,10127.0,350.67
1785077107.0056725,100.0,10127.0,346.46
1785077108.0490131,100.0,10127.0,345.03
1785077109.0885923,61.0,7319.0,255.6
1785077110.1257584,100.0,40761.0,241.13
1785077111.3385825,100.0,33545.0,256.82
1785077112.3811326,100.0,33545.0,267.15
1785077113.4202971,0.0,475.0,232.22
1785077114.4602442,40.0,1673.0,106.72
1785077115.497639,100.0,9481.0,235.32
1785077116.533559,100.0,9481.0,346.65
1785077117.573144,100.0,10127.0,342.96
1785077118.6128376,100.0,10127.0,346.21
1785077119.6500273,100.0,10127.0,346.82
1785077120.6899645,100.0,10127.0,343.58
1785077121.7486432,100.0,10127.0,357.7
1785077122.7863617,100.0,10127.0,348.17
1785077123.8271155,100.0,10127.0,345.34
1785077124.870982,100.0,10127.0,342.26
1785077125.9097657,100.0,10127.0,343.47
1785077126.9492967,100.0,10127.0,346.6
1785077127.9888673,67.0,9735.0,277.02
1785077129.0245242,100.0,40761.0,251.2
1785077130.0612292,100.0,37679.0,280.97
1785077131.1072567,100.0,33545.0,242.7
1785077132.144084,74.0,33545.0,257.17
1785077133.1808014,44.0,1889.0,116.01
1785077134.2176106,100.0,8031.0,194.22
1785077135.2580547,100.0,9481.0,348.01
1785077136.2978323,100.0,10127.0,348.13
1785077137.3392344,100.0,10127.0,347.32
1785077138.3775833,100.0,10127.0,351.23
1785077139.4179292,100.0,10127.0,342.69
1785077140.4579585,100.0,10127.0,339.52
1785077141.4973478,100.0,10127.0,345.13
1785077142.537402,100.0,10127.0,346.3
1785077143.5775144,100.0,10127.0,349.05
1785077144.6178892,100.0,10127.0,350.95
1785077145.6576717,100.0,10127.0,349.27
1785077146.6975958,91.0,10127.0,327.33
1785077147.7422214,100.0,40761.0,206.16
1785077148.7870858,100.0,40761.0,308.8
1785077149.8309112,100.0,33545.0,237.26
1785077150.8737605,100.0,33545.0,284.05
1785077151.9119217,100.0,925.0,147.63
1785077152.9537232,100.0,8031.0,145.32
1785077153.9937174,100.0,9481.0,346.41
1785077155.0333645,100.0,10127.0,344.75
1785077156.073505,100.0,10127.0,349.5
1785077157.1137278,100.0,10127.0,341.71
1785077158.149593,100.0,10127.0,353.05
1785077159.1911452,100.0,10127.0,345.12
1785077160.2303624,100.0,10127.0,351.15
1785077161.2692535,100.0,10127.0,344.21
1785077162.309235,100.0,10127.0,342.11
1785077163.3500955,100.0,10127.0,350.34
1785077164.4083102,100.0,10127.0,349.6
1785077165.4469812,100.0,10127.0,347.39
1785077166.485853,100.0,40761.0,194.98
1785077167.5314865,100.0,40761.0,299.08
1785077168.5716937,100.0,33545.0,248.46
1785077169.609056,100.0,33545.0,271.83
1785077170.647842,100.0,631.0,172.39
1785077171.6881518,41.0,8031.0,98.85
1785077172.725401,100.0,9481.0,346.82
1785077173.7650301,100.0,10127.0,352.52
1785077174.8054266,100.0,10127.0,346.65
1785077175.8453617,100.0,10127.0,343.17
1785077176.886996,100.0,10127.0,344.69
1785077177.9260232,100.0,10127.0,348.66
1785077178.9659104,100.0,10127.0,350.02
1785077180.005778,100.0,10127.0,351.67
1785077181.0459013,100.0,10127.0,348.45
1785077182.08553,100.0,10127.0,340.02
1785077183.1266649,100.0,10127.0,347.18
1785077184.164538,100.0,10127.0,346.39
1785077185.1996527,100.0,40761.0,222.35
1785077186.2366383,100.0,40761.0,301.02
1785077187.2794392,100.0,33545.0,256.04
1785077188.3173816,100.0,33545.0,265.13
1785077189.3565128,100.0,629.0,186.23
1785077190.3924055,43.0,2873.0,102.75
1785077191.429301,100.0,6159.0,282.4
1785077192.4655912,72.0,6159.0,304.99
1785077193.5041983,46.0,1437.0,165.09
1785077194.5603955,100.0,8031.0,166.2
1785077195.5982249,100.0,9481.0,344.33
1785077196.6392088,100.0,10127.0,347.46
1785077197.6770747,100.0,10127.0,347.74
1785077198.7176483,100.0,10127.0,345.68
1785077199.776788,100.0,10127.0,347.48
1785077200.813675,100.0,10127.0,344.79
1785077201.855207,100.0,10127.0,346.78
1785077202.8934913,100.0,10127.0,346.88
1785077203.9334,100.0,10127.0,342.17
1785077204.9739347,100.0,10127.0,346.83
1785077206.0134733,100.0,10127.0,345.52
1785077207.053259,100.0,10127.0,343.9
1785077208.1116264,100.0,40761.0,204.34
1785077209.1500828,100.0,40761.0,292.12
1785077210.1949992,100.0,33545.0,241.91
1785077211.2352624,100.0,33545.0,281.64
1785077212.2909884,100.0,863.0,151.88
1785077213.3298104,100.0,8031.0,144.03
1785077214.3758898,100.0,9481.0,349.87
1785077215.4173841,100.0,10127.0,348.61
1785077216.4613864,100.0,10127.0,341.35
1785077217.5054018,100.0,10127.0,340.16
1785077218.5418727,100.0,10127.0,347.43
1785077219.586564,100.0,10127.0,347.05
1785077220.626259,100.0,10127.0,346.3
1785077221.6697369,100.0,10127.0,353.73
1785077222.7098439,100.0,10127.0,347.53
1785077223.7500565,100.0,10127.0,339.56
1785077224.7915535,100.0,10127.0,344.51
1785077225.8291245,100.0,10127.0,349.35
1785077226.8688202,100.0,40761.0,192.95
1785077227.9061446,100.0,40761.0,293.19
1785077228.948045,100.0,33545.0,246.31
1785077229.9908292,100.0,33545.0,268.9
1785077231.0279565,100.0,595.0,165.93
1785077232.0683694,43.0,4589.0,103.21
1785077233.105316,100.0,6159.0,329.22
1785077234.144096,75.0,2611.0,255.19
1785077235.1838818,37.0,1835.0,160.75
1785077236.2214549,100.0,6159.0,189.53
1785077237.261482,100.0,6159.0,351.37
1785077238.2997646,82.0,7851.0,198.67
1785077239.340211,43.0,4637.0,104.58
1785077240.3776524,100.0,6159.0,329.39
1785077241.4125488,58.0,4541.0,254.13
1785077242.4485857,40.0,1831.0,162.24
1785077243.485338,100.0,6159.0,165.05
1785077244.5254269,100.0,6159.0,348.9
1785077245.5618365,100.0,7851.0,211.17
1785077246.6044934,43.0,4391.0,113.31
1785077247.6416883,100.0,7847.0,309.02
1785077248.6811836,100.0,7847.0,346.56
1785077249.721408,100.0,7847.0,352.32
1785077250.757101,100.0,7847.0,350.58
1785077251.793688,100.0,7847.0,346.01
1785077252.8345287,100.0,7847.0,350.54
1785077253.8729126,100.0,24877.0,215.4
1785077254.9173572,100.0,24877.0,280.11
1785077255.9569063,100.0,923.0,179.16
1785077256.9937,100.0,6161.0,141.59
1785077258.0335083,100.0,6161.0,353.09
1785077259.0742424,95.0,7851.0,227.78
1785077260.1122391,43.0,2341.0,138.05
1785077261.1492772,100.0,6161.0,258.43
1785077262.193311,72.0,6161.0,296.45
1785077263.2322772,44.0,977.0,163.56
1785077264.2694702,100.0,6161.0,122.57
1785077265.3095198,100.0,6161.0,350.92
1785077266.3462725,100.0,7851.0,228.8
1785077267.384337,43.0,1963.0,130.14
1785077268.4211097,100.0,6161.0,256.3
1785077269.4653468,84.0,6161.0,323.22
1785077270.5041702,63.0,863.0,159.42
1785077271.5414007,100.0,8031.0,144.09
1785077272.5833757,100.0,9481.0,343.45
1785077273.621828,100.0,10127.0,344.76
1785077274.6612625,100.0,10127.0,348.06
1785077275.70157,100.0,10127.0,345.08
1785077276.7418795,100.0,10127.0,342.1
1785077277.783266,100.0,10127.0,344.16
1785077278.8222206,100.0,10127.0,344.55
1785077279.8614962,100.0,10127.0,348.37
1785077280.9204488,100.0,10127.0,350.05
1785077281.9578588,100.0,10127.0,350.65
1785077282.9976094,100.0,10127.0,344.18
1785077284.038445,100.0,10127.0,339.99
1785077285.0779457,100.0,40759.0,185.97
1785077286.122873,100.0,40759.0,298.17
1785077287.16389,100.0,33545.0,248.94
1785077288.206745,100.0,33545.0,281.11
1785077289.244068,100.0,759.0,170.11
1785077290.2815096,43.0,5889.0,94.38
1785077291.3214717,100.0,6159.0,334.88
1785077292.3647969,93.0,7851.0,246.23
1785077293.4005404,44.0,1703.0,162.93
1785077294.4374804,100.0,6721.0,221.12
1785077295.4771874,100.0,6721.0,349.53
1785077296.5168412,100.0,6721.0,350.96
1785077297.5559707,95.0,12843.0,236.24
1785077298.591878,27.0,429.0,247.02
1785077299.6283913,43.0,3915.0,97.67
1785077300.6843967,100.0,6159.0,305.41
1785077301.7204733,70.0,5599.0,275.46
1785077302.7558515,42.0,2027.0,148.24
1785077303.793372,100.0,6159.0,164.96
1785077304.83336,100.0,6159.0,351.01
1785077305.8754516,100.0,7851.0,217.55
1785077306.9123383,43.0,3259.0,115.09
1785077307.9493053,100.0,6159.0,275.98
1785077308.989554,72.0,6159.0,281.19
1785077310.029138,44.0,1831.0,160.0
1785077311.0692956,100.0,6159.0,163.08
1785077312.109218,100.0,6159.0,346.42
1785077313.1487887,100.0,7851.0,209.94
1785077314.18434,43.0,2979.0,126.81
1785077315.2219434,100.0,6159.0,277.0
1785077316.26171,72.0,6159.0,305.81
1785077317.3232696,44.0,1763.0,161.19
1785077318.3614032,100.0,6159.0,140.12
1785077319.4014118,100.0,6159.0,350.26
1785077320.4438183,100.0,7851.0,218.2
1785077321.4843805,43.0,3579.0,120.14
1785077322.5602932,100.0,9481.0,286.42
1785077323.597266,100.0,10127.0,347.21
1785077324.6380506,100.0,10127.0,340.03
1785077325.6774049,100.0,10127.0,343.08
1785077326.716574,100.0,10127.0,352.7
1785077327.7531438,100.0,10127.0,353.73
1785077328.7935526,100.0,10127.0,340.96
1785077329.834184,100.0,10127.0,335.9
1785077330.873652,100.0,10127.0,344.08
1785077331.9163163,100.0,10127.0,350.23
1785077332.9533582,100.0,10127.0,351.43
1785077333.9939444,100.0,10127.0,348.79
1785077335.032702,99.0,40761.0,216.92
1785077336.0688894,100.0,40761.0,292.8
1785077337.1060903,100.0,33545.0,248.44
1785077338.1517084,100.0,33545.0,281.88
1785077339.188392,51.0,549.0,226.56
1785077340.2432213,75.0,1201.0,105.07
1785077341.2815607,100.0,6159.0,236.86
1785077342.3213148,100.0,6159.0,348.22
1785077343.3601243,97.0,571.0,150.63
1785077344.3975792,42.0,5971.0,94.92
1785077345.4373477,100.0,6159.0,330.19
1785077346.4764528,75.0,7851.0,241.98
1785077347.535241,46.0,621.0,160.93
1785077348.5732403,100.0,6159.0,235.28
1785077349.6138082,100.0,6159.0,346.44
1785077350.670806,100.0,491.0,161.28
1785077351.7091162,42.0,5889.0,94.32
1785077352.7494607,100.0,6159.0,328.59
1785077353.787862,75.0,7851.0,234.97
1785077354.8238294,35.0,1233.0,150.23
1785077355.8610916,100.0,6159.0,213.74
1785077356.905488,100.0,6159.0,348.58
1785077357.9669955,87.0,471.0,177.69
1785077359.0050414,41.0,5297.0,99.21
1785077360.0451996,100.0,6159.0,325.98
1785077361.1070704,93.0,7851.0,231.72
1785077362.1445622,22.0,1639.0,158.71
1785077363.1811914,100.0,6159.0,212.02
1785077364.2441328,100.0,6159.0,351.85
1785077365.2840111,56.0,471.0,173.37
1785077366.3394156,43.0,5337.0,94.58
1785077367.3774228,100.0,6159.0,333.97
1785077368.420238,92.0,729.0,252.03
1785077369.4752288,74.0,621.0,154.74
1785077370.5133548,100.0,6159.0,208.91
1785077371.553244,100.0,6159.0,348.49
1785077372.591931,70.0,471.0,172.21
1785077373.628376,42.0,5417.0,93.84
1785077374.665348,100.0,6159.0,337.17
1785077375.7041242,94.0,749.0,236.4
1785077376.7401214,35.0,469.0,155.78
1785077377.776936,100.0,6159.0,212.08
1785077378.817691,100.0,6159.0,350.18
1785077379.874888,90.0,471.0,168.73
1785077380.9165337,41.0,5427.0,119.77
1785077381.9546897,100.0,9481.0,339.93
1785077382.9942386,100.0,10127.0,346.81
1785077384.0327106,100.0,10127.0,350.33
1785077385.0688562,100.0,10127.0,341.32
1785077386.1067827,100.0,10127.0,341.7
1785077387.145651,100.0,10127.0,345.09
1785077388.1858134,100.0,10127.0,349.48
1785077389.2255547,100.0,10127.0,342.1
1785077390.2652383,100.0,10127.0,349.74
1785077391.3016665,100.0,10127.0,342.79
1785077392.3427022,100.0,10127.0,340.06
1785077393.3819916,100.0,10127.0,345.83
1785077394.4198956,100.0,40759.0,202.6
1785077395.4579656,100.0,40759.0,289.63
1785077396.4967139,100.0,33545.0,254.37
1785077397.5555563,100.0,33545.0,265.67
1785077398.5925303,100.0,629.0,199.38
1785077399.6283581,43.0,2699.0,106.59
1785077400.6653674,100.0,6159.0,277.63
1785077401.7055542,72.0,6159.0,306.26
1785077402.7443223,44.0,1253.0,159.79
1785077403.7811134,100.0,6787.0,140.14
1785077404.818713,100.0,7847.0,348.41
1785077405.8573601,100.0,7847.0,345.66
1785077406.8977518,100.0,7847.0,351.76
1785077407.938931,100.0,7847.0,345.84
1785077408.9969237,100.0,7847.0,353.72
1785077410.0372005,72.0,7847.0,302.3
1785077411.0934007,100.0,24875.0,213.55
1785077412.137044,100.0,24875.0,274.11
1785077413.1802223,62.0,1289.0,120.03
1785077414.2178237,100.0,9479.0,231.34
1785077415.2765393,100.0,9481.0,345.84
1785077416.3133044,100.0,10127.0,347.35
1785077417.3554366,100.0,10127.0,345.65
1785077418.3935192,100.0,10127.0,343.98
1785077419.433879,100.0,10127.0,342.01
1785077420.4737074,100.0,10127.0,344.62
1785077421.5136373,100.0,10127.0,348.25
1785077422.5557866,100.0,10127.0,344.27
1785077423.6122808,100.0,10127.0,347.67
1785077424.6498477,100.0,10127.0,346.21
1785077425.6893039,100.0,10127.0,347.13
1785077426.7285235,73.0,8779.0,267.29
1785077427.764606,100.0,40759.0,236.37
1785077429.0064912,100.0,33545.0,258.67
1785077430.0495398,100.0,33545.0,261.22
1785077431.0885975,4.0,473.0,232.16
1785077432.1241684,39.0,641.0,130.48
1785077433.1618054,100.0,8351.0,223.45
1785077434.201433,100.0,9481.0,350.05
1785077435.2410927,100.0,10127.0,348.9
1785077436.2838268,100.0,10127.0,346.27
1785077437.3214462,100.0,10127.0,352.53
1785077438.3615303,100.0,10127.0,348.34
1785077439.4015434,100.0,10127.0,346.24
1785077440.4414692,100.0,10127.0,344.42
1785077441.500684,100.0,10127.0,351.29
1785077442.5373979,100.0,10127.0,343.04
1785077443.5779462,100.0,10127.0,354.62
1785077444.617617,100.0,10127.0,348.39
1785077445.6575255,71.0,10127.0,289.83
1785077446.7115757,100.0,40759.0,219.63
1785077447.7501378,100.0,40759.0,296.42
1785077448.7940896,100.0,33545.0,240.22
1785077449.8358865,100.0,33545.0,281.44
1785077450.8723571,66.0,1927.0,118.07
1785077451.9094634,100.0,6159.0,148.93
1785077452.9449084,100.0,6159.0,350.76
1785077453.985696,100.0,7851.0,234.06
1785077455.028319,43.0,2773.0,117.03
1785077456.0843556,100.0,6159.0,292.86
1785077457.121567,72.0,6159.0,281.31
1785077458.160127,36.0,1271.0,158.14
1785077459.1972363,100.0,6159.0,143.58
1785077460.23738,100.0,6159.0,347.87
1785077461.2785275,100.0,7851.0,224.85
1785077462.316392,43.0,3179.0,145.39
1785077463.372648,100.0,9481.0,277.42
1785077464.4102144,100.0,9481.0,349.45
1785077465.4498446,100.0,10127.0,342.61
1785077466.4896245,100.0,10127.0,342.21
1785077467.5261416,100.0,10127.0,351.2
1785077468.566165,100.0,10127.0,348.73
1785077469.6058028,100.0,10127.0,351.13
1785077470.645223,100.0,10127.0,343.82
1785077471.6858895,100.0,10127.0,336.58
1785077472.7308419,100.0,10127.0,349.02
1785077473.7685792,100.0,10127.0,342.7
1785077474.805964,100.0,10127.0,346.9
1785077475.843865,99.0,535.0,233.99
1785077476.8807306,100.0,40761.0,273.27
1785077477.946427,100.0,33545.0,252.84
1785077478.9893684,100.0,33545.0,278.42
1785077480.0242586,44.0,475.0,225.65
1785077481.060389,67.0,949.0,104.89
1785077482.0982559,100.0,7521.0,210.34
1785077483.137274,100.0,7847.0,351.81
1785077484.1769652,100.0,7847.0,348.97
1785077485.2138286,100.0,7847.0,345.98
1785077486.2527359,100.0,7847.0,350.3
1785077487.2896097,100.0,7847.0,349.6
1785077488.3466952,75.0,24875.0,217.68
1785077489.3879344,100.0,24875.0,280.55
1785077490.4238675,100.0,531.0,220.24
1785077491.4643424,42.0,4461.0,102.56
1785077492.501871,100.0,9481.0,304.06
1785077493.5423295,100.0,10127.0,343.3
1785077494.5821488,100.0,10127.0,354.71
1785077495.621733,100.0,10127.0,347.75
1785077496.6804805,100.0,10127.0,345.65
1785077497.7198653,100.0,10127.0,346.02
1785077498.7575934,100.0,10127.0,349.58
1785077499.7977526,100.0,10127.0,350.47
1785077500.8374016,100.0,10127.0,348.24
1785077501.8778503,100.0,10127.0,346.71
1785077502.9191155,100.0,10127.0,345.33
1785077503.9578648,100.0,10127.0,348.01
1785077504.996029,83.0,40759.0,212.13
1785077506.0385602,100.0,40759.0,295.38
1785077507.0768456,100.0,33545.0,259.75
1785077508.112979,100.0,33545.0,268.2
1785077509.1519551,90.0,547.0,223.7
1785077510.192585,42.0,2459.0,104.53
1785077511.2294347,100.0,9481.0,257.63
1785077512.269903,100.0,9481.0,339.17
1785077513.3098233,100.0,10127.0,345.7
1785077514.369676,100.0,10127.0,345.07
1785077515.4107614,100.0,10127.0,347.59
1785077516.4496279,100.0,10127.0,350.66
1785077517.4894063,100.0,10127.0,343.73
1785077518.5297494,100.0,10127.0,338.32
1785077519.5696814,100.0,10127.0,344.68
1785077520.6109746,100.0,10127.0,347.92
1785077521.6498191,100.0,10127.0,350.54
1785077522.694029,100.0,10127.0,353.07
1785077523.7327597,91.0,3285.0,254.31
1785077524.7701678,100.0,40761.0,259.7
1785077525.9227939,100.0,33545.0,251.57
1785077526.965033,100.0,33545.0,269.95
1785077528.004413,52.0,475.0,226.42
1785077529.040322,74.0,701.0,104.66
1785077530.0812306,100.0,6159.0,212.85
1785077531.1250818,100.0,6159.0,349.88
1785077532.1682081,62.0,491.0,154.84
1785077533.2043514,41.0,5477.0,95.05
1785077534.2414227,100.0,6159.0,331.39
1785077535.2803743,90.0,813.0,254.41
1785077536.316892,34.0,1835.0,152.16
1785077537.3574066,100.0,6159.0,190.58
1785077538.3971279,100.0,6159.0,351.67
1785077539.436089,57.0,7287.0,192.32
1785077540.4762385,42.0,5287.0,96.32
1785077541.5139103,100.0,9481.0,323.71
1785077542.572902,100.0,10127.0,341.89
1785077543.612886,100.0,10127.0,342.52
1785077544.6538398,100.0,10127.0,349.0
1785077545.6940603,100.0,10127.0,343.36
1785077546.753898,100.0,10127.0,347.1
1785077547.7934802,100.0,10127.0,345.51
1785077548.8335273,100.0,10127.0,348.68
1785077549.8732212,100.0,10127.0,343.54
1785077550.9137142,100.0,10127.0,349.36
1785077551.9546418,100.0,10127.0,349.32
1785077552.993612,100.0,10127.0,341.45
1785077554.0510764,100.0,40761.0,196.63
1785077555.088622,100.0,40761.0,290.51
1785077556.1277916,100.0,33545.0,267.89
1785077557.1652853,100.0,33545.0,269.91
1785077558.2229207,100.0,395.0,196.46
1785077559.2603865,43.0,3233.0,100.48
1785077560.2970767,100.0,6159.0,284.74
1785077561.337347,68.0,6159.0,293.39
1785077562.3726068,43.0,1927.0,158.03
1785077563.4094133,100.0,6159.0,165.3
1785077564.448884,100.0,6159.0,348.45
1785077565.4931307,100.0,7851.0,214.97
1785077566.5552218,42.0,3793.0,120.85
1785077567.5932293,100.0,6159.0,305.35
1785077568.633257,71.0,6159.0,277.28
1785077569.6757102,42.0,1835.0,157.83
1785077570.7130022,100.0,6159.0,187.12
1785077571.7720554,100.0,6159.0,352.25
1785077572.811177,100.0,7851.0,205.0
1785077573.8483953,42.0,4359.0,112.59
1785077574.885282,100.0,6159.0,315.79
1785077575.9245825,72.0,4321.0,259.63
1785077576.9604697,43.0,1835.0,158.29
1785077577.9975152,100.0,6159.0,187.87
1785077579.0375736,100.0,6159.0,349.1
1785077580.0799189,100.0,7851.0,220.5
1785077581.120336,43.0,4039.0,95.46
1785077582.1763487,100.0,6159.0,288.34
1785077583.212538,71.0,5041.0,261.5
1785077584.2534575,29.0,1833.0,159.77
1785077585.294022,100.0,6161.0,211.16
1785077586.333662,100.0,6161.0,346.27
1785077587.372276,100.0,7447.0,204.24
1785077588.4083843,42.0,5017.0,96.6
1785077589.4451993,100.0,6159.0,324.36
1785077590.4841452,58.0,1489.0,223.03
1785077591.520146,64.0,473.0,159.44
1785077592.5574236,100.0,6161.0,210.58
1785077593.5975358,100.0,6161.0,348.65
1785077594.636238,40.0,471.0,163.29
1785077595.6729782,41.0,6075.0,95.54
1785077596.7136095,100.0,6161.0,352.0
1785077597.752681,83.0,7851.0,231.99
1785077598.7882977,45.0,1283.0,161.2
1785077599.82525,100.0,6161.0,235.97
1785077600.864946,100.0,6161.0,351.11
1785077601.9002903,100.0,631.0,151.87
1785077602.956431,40.0,6073.0,93.21
1785077603.9935977,100.0,6159.0,353.31
1785077605.0330842,74.0,7851.0,240.5
1785077606.072102,35.0,541.0,149.9
1785077607.1094682,100.0,6159.0,213.49
1785077608.1492672,100.0,6159.0,352.29
1785077609.1839056,91.0,471.0,168.64
1785077610.2206674,67.0,6161.0,117.59
1785077611.257568,100.0,6161.0,350.91
1785077612.2943366,88.0,7851.0,227.13
1785077613.3363566,45.0,1823.0,150.43
1785077614.3733644,100.0,6161.0,263.62
1785077615.409552,74.0,6161.0,315.05
1785077616.447835,100.0,513.0,151.63
1785077617.485605,100.0,6161.0,140.41
1785077618.5248635,100.0,6161.0,351.96
1785077619.5622146,100.0,7851.0,239.41
1785077620.6002786,42.0,2875.0,127.67
1785077621.6371503,100.0,6161.0,260.25
1785077622.6781423,71.0,6161.0,286.74
1785077623.7169716,40.0,1469.0,158.54
1785077624.753259,100.0,6161.0,159.17
1785077625.793236,100.0,6161.0,350.13
1785077626.8349051,100.0,7851.0,214.22
1785077627.872322,43.0,4121.0,108.95
1785077628.909401,100.0,6161.0,306.63
1785077629.9446645,71.0,5283.0,266.13
1785077630.980825,27.0,1833.0,158.26
1785077632.0181656,100.0,6161.0,200.43
1785077633.0617414,100.0,6161.0,351.9
1785077634.1042204,61.0,7571.0,201.76
1785077635.1443057,42.0,5379.0,94.65
1785077636.181231,100.0,6161.0,335.27
1785077637.2249098,95.0,1143.0,235.88
1785077638.2612047,24.0,1835.0,156.19
1785077639.3017192,100.0,6159.0,210.72
1785077640.341777,100.0,6159.0,345.68
1785077641.380676,40.0,3487.0,182.08
1785077642.4171827,42.0,5811.0,93.69
1785077643.461743,100.0,6161.0,329.76
1785077644.4998286,77.0,7851.0,233.92
1785077645.5362651,73.0,1103.0,148.98
1785077646.573626,100.0,6161.0,234.67
1785077647.6128392,99.0,6161.0,347.83
1785077648.6480918,81.0,571.0,177.98
1785077649.6854475,87.0,6159.0,125.39
1785077650.7254093,100.0,6159.0,353.15
1785077651.7653465,83.0,7851.0,226.25
1785077652.8083317,43.0,2039.0,150.33
1785077653.8453584,100.0,6161.0,236.26
1785077654.8853743,72.0,6161.0,302.17
1785077655.947268,79.0,1223.0,158.78
1785077656.9853964,100.0,6161.0,161.35
1785077658.0443735,100.0,6161.0,351.28
1785077659.0844128,100.0,7851.0,198.91
1785077660.1204233,42.0,3955.0,120.46
1785077661.1575623,100.0,7521.0,298.83
1785077662.1977885,100.0,7847.0,347.85
1785077663.2557983,100.0,7847.0,346.99
1785077664.2933228,100.0,7847.0,349.59
1785077665.3299522,100.0,7847.0,347.47
1785077666.3708353,100.0,7847.0,349.17
1785077667.4086435,100.0,24877.0,216.15
1785077668.4484472,100.0,24877.0,277.93
1785077669.484245,100.0,909.0,167.32
1785077670.5252113,100.0,6161.0,142.56
1785077671.5844605,100.0,6161.0,347.56
1785077672.6213067,100.0,7851.0,231.36
1785077673.6603637,42.0,4095.0,109.35
1785077674.6974378,100.0,6161.0,308.5
1785077675.736699,70.0,4863.0,276.41
1785077676.7718687,44.0,1835.0,159.86
1785077677.8092024,100.0,6161.0,181.83
1785077678.845401,100.0,6161.0,350.07
1785077679.8840597,100.0,7851.0,209.39
1785077680.924364,42.0,4699.0,106.09
1785077681.9619138,100.0,7847.0,327.86
1785077683.001455,100.0,7847.0,346.06
1785077684.0416105,100.0,7847.0,350.3
1785077685.0816407,100.0,7847.0,348.17
1785077686.1216693,100.0,7847.0,345.5
1785077687.1618595,100.0,7847.0,349.21
1785077688.200481,100.0,24877.0,208.34
1785077689.2578912,100.0,24877.0,283.99
1785077690.2962885,63.0,1743.0,165.39
1785077691.33313,100.0,6161.0,163.18
1785077692.3920937,100.0,6161.0,347.42
1785077693.4314508,100.0,7851.0,201.41
1785077694.4682877,42.0,4271.0,104.63
1785077695.50526,100.0,6159.0,310.46
1785077696.540601,71.0,4741.0,276.45
1785077697.5769644,33.0,1833.0,161.87
1785077698.6683934,100.0,6161.0,214.4
1785077699.7054896,100.0,6161.0,349.75
1785077700.7440548,42.0,471.0,187.97
1785077701.78511,64.0,6075.0,116.66
1785077702.821483,100.0,6161.0,349.29
1785077703.8612647,88.0,7851.0,216.05
1785077704.9042647,43.0,2135.0,161.06
1785077705.9412966,100.0,6161.0,237.06
1785077706.9814649,72.0,6161.0,314.65
1785077708.020201,83.0,977.0,157.1
1785077709.0572822,100.0,6159.0,141.87
1785077710.0969207,100.0,6159.0,352.06
1785077711.1371176,100.0,7851.0,237.42
1785077712.1802018,43.0,3095.0,129.54
1785077713.2175696,100.0,6161.0,271.12
1785077714.2575867,71.0,6161.0,282.05
1785077715.3002512,45.0,1779.0,160.82
1785077716.3380263,100.0,6787.0,139.05
1785077717.3774874,100.0,7847.0,351.88
1785077718.4365923,100.0,7847.0,346.95
1785077719.4742725,100.0,7847.0,353.06
1785077720.5144322,100.0,7847.0,344.09
1785077721.5538642,100.0,7847.0,353.24
1785077722.6120968,68.0,7847.0,300.23
1785077723.6499817,100.0,24875.0,232.04
1785077724.6884813,100.0,24875.0,273.85
1785077725.7283666,61.0,1603.0,116.35
1785077726.7693317,100.0,6161.0,244.61
1785077727.8089962,90.0,6161.0,330.1
1785077728.8477497,75.0,631.0,158.4
1785077729.8850353,100.0,6161.0,121.85
1785077730.925083,100.0,6161.0,357.48
1785077731.9658265,100.0,7851.0,224.73
1785077733.0084014,42.0,2481.0,145.57
1785077734.0452118,100.0,6161.0,271.58
1785077735.0848737,69.0,6161.0,296.13
1785077736.1243274,57.0,1025.0,160.99
1785077737.1611652,100.0,6159.0,135.05
1785077738.201288,100.0,6159.0,347.79
1785077739.2417738,100.0,7851.0,218.98
1785077740.280357,42.0,2535.0,142.48
1785077741.3175843,100.0,6161.0,258.99
1785077742.3569858,67.0,6161.0,303.42
1785077743.4002175,44.0,1087.0,162.57
1785077744.4372563,100.0,6161.0,163.24
1785077745.477383,100.0,6161.0,351.78
1785077746.5176682,100.0,7851.0,208.52
1785077747.5602434,42.0,3621.0,118.55
1785077748.5978348,100.0,7521.0,277.99
1785077749.6394212,100.0,7847.0,347.37
1785077750.6774259,100.0,7847.0,346.09
1785077751.7175047,100.0,7847.0,350.71
1785077752.7604408,100.0,7847.0,346.61
1785077753.7973988,100.0,7847.0,345.09
1785077754.836675,100.0,24877.0,205.69
1785077755.8750927,100.0,24877.0,275.29
1785077756.9118361,100.0,569.0,195.56
1785077757.9687035,100.0,6789.0,143.9
1785077759.007408,100.0,7847.0,349.36
1785077760.0454736,100.0,7847.0,346.41
1785077761.0856643,100.0,7847.0,354.7
1785077762.1254478,100.0,7847.0,346.68
1785077763.165727,100.0,7847.0,351.27
1785077764.2054858,71.0,7847.0,324.98
1785077765.2469296,100.0,24877.0,213.96
1785077766.285021,100.0,24877.0,278.69
1785077767.324161,40.0,703.0,133.4
1785077768.3611116,100.0,6161.0,223.53
1785077769.4014812,100.0,6161.0,346.16
1785077770.4587543,98.0,491.0,163.04
1785077771.4971886,41.0,6163.0,95.56
1785077772.5370429,100.0,6721.0,351.87
1785077773.596638,100.0,6721.0,347.48
1785077774.637238,83.0,6721.0,326.86
1785077775.6939569,100.0,12843.0,196.58
1785077776.732888,37.0,1843.0,153.29
1785077777.7694561,100.0,6721.0,218.51
1785077778.8097808,100.0,6721.0,349.39
1785077779.845611,100.0,6721.0,353.54
1785077780.8896782,95.0,2583.0,237.98
1785077781.9279478,43.0,429.0,247.95
1785077782.9643126,43.0,4659.0,98.71
1785077784.020044,100.0,7847.0,310.03
1785077785.0764756,100.0,7847.0,347.15
1785077786.114562,100.0,7847.0,348.4
1785077787.1531234,100.0,7847.0,353.65
1785077788.189866,100.0,7847.0,345.55
1785077789.230137,100.0,7847.0,354.44
1785077790.2701066,100.0,24877.0,202.21
1785077791.3110747,100.0,24877.0,287.47
1785077792.3482857,81.0,1253.0,164.91
1785077793.3844872,100.0,6949.0,156.06
1785077794.4211361,100.0,7847.0,344.08
1785077795.4610732,100.0,7847.0,355.21
1785077796.4970582,100.0,7847.0,349.7
1785077797.5335917,100.0,7847.0,344.79
1785077798.573392,100.0,7847.0,350.73
1785077799.6161935,68.0,7847.0,299.98
1785077800.6540165,100.0,24877.0,236.0
1785077801.698758,100.0,24877.0,275.58
1785077802.7360222,73.0,471.0,114.99
1785077803.7734177,100.0,6161.0,214.12
1785077804.813106,100.0,6161.0,350.09
1785077805.85186,50.0,473.0,177.61
1785077806.8884525,43.0,4999.0,96.99
1785077807.9445376,100.0,6161.0,328.4
1785077808.979983,86.0,457.0,252.01
1785077810.0159228,33.0,467.0,147.05
1785077811.0532126,100.0,7521.0,212.32
1785077812.0934567,100.0,7847.0,347.98
1785077813.1334467,100.0,7847.0,349.9
1785077814.1734319,100.0,7847.0,349.59
1785077815.2136755,100.0,7847.0,352.71
1785077816.2538106,100.0,7847.0,345.01
1785077817.2922225,94.0,643.0,239.07
1785077818.3337564,100.0,24877.0,275.59
1785077819.3719583,62.0,489.0,236.62
1785077820.4085064,43.0,2981.0,101.96
1785077821.4451408,100.0,6161.0,300.47
1785077822.4854467,72.0,6161.0,302.66
1785077823.5243769,41.0,1497.0,164.41
1785077824.5619159,100.0,6161.0,163.58
1785077825.605325,100.0,6161.0,352.9
1785077826.647735,100.0,7851.0,216.71
1785077827.688342,42.0,4361.0,118.25
1785077828.7249622,100.0,6161.0,309.27
1785077829.7648358,70.0,4023.0,276.23
1785077830.8239493,42.0,1833.0,158.6
1785077831.861136,100.0,6161.0,207.25
1785077832.8985548,100.0,6161.0,348.3
1785077833.9357815,41.0,397.0,164.3
1785077834.9761646,43.0,4819.0,94.75
1785077836.031997,100.0,6161.0,329.56
1785077837.0681596,85.0,459.0,256.91
1785077838.1091216,35.0,1835.0,149.87
1785077839.148982,100.0,6161.0,198.59
1785077840.1892283,100.0,6161.0,349.7
1785077841.2280385,44.0,6713.0,190.67
1785077842.2641938,43.0,4583.0,93.16
1785077843.3017068,100.0,6161.0,302.79
1785077844.340164,80.0,2561.0,257.98
1785077845.3758256,32.0,1835.0,160.35
1785077846.4132407,100.0,6161.0,187.1
1785077847.453843,100.0,6161.0,349.77
1785077848.4919136,100.0,7851.0,226.22
1785077849.5323102,42.0,4075.0,99.73
1785077850.588055,100.0,6161.0,297.61
1785077851.6434386,74.0,3483.0,259.73
1785077852.6846542,46.0,1835.0,161.38
1785077853.7211664,100.0,6161.0,201.93
1785077854.7621293,100.0,6161.0,352.36
1785077855.8000464,100.0,7319.0,183.41
1785077856.8405948,44.0,4819.0,95.12
1785077857.8775828,100.0,6161.0,328.35
1785077858.9351342,93.0,417.0,255.47
1785077859.9731374,33.0,1885.0,170.01
1785077861.013649,100.0,7521.0,192.33
1785077862.053035,100.0,7847.0,346.34
1785077863.095204,100.0,7847.0,352.96
1785077864.1334918,100.0,7847.0,346.64
1785077865.1736093,100.0,7847.0,351.13
1785077866.2147803,100.0,7847.0,347.26
1785077867.2524462,79.0,3309.0,254.27
1785077868.3130953,100.0,24877.0,279.85
1785077869.3478274,24.0,415.0,242.37
1785077870.3842516,42.0,2453.0,100.5
1785077871.4255848,100.0,6159.0,259.78
1785077872.4648662,67.0,6159.0,322.12
1785077873.5043843,36.0,1005.0,156.15
1785077874.5412214,100.0,6161.0,150.75
1785077875.581324,100.0,6161.0,352.45
1785077876.62202,100.0,7851.0,218.15
1785077877.664369,43.0,3901.0,127.95
1785077878.7011633,100.0,7521.0,307.64
1785077879.7375333,100.0,7847.0,347.32
1785077880.7775218,100.0,7847.0,346.07
1785077881.8136828,100.0,7847.0,351.99
1785077882.8722413,100.0,7847.0,343.25
1785077883.9096532,100.0,7847.0,355.4
1785077884.9687722,100.0,24877.0,203.75
1785077886.009512,100.0,24877.0,286.87
1785077887.0476947,100.0,713.0,178.69
1785077888.0854332,100.0,6789.0,141.5
1785077889.1447997,100.0,7847.0,348.31
1785077890.181609,100.0,7847.0,345.38
1785077891.221847,100.0,7847.0,350.65
1785077892.2612498,100.0,7847.0,343.91
1785077893.301628,100.0,7847.0,350.53
1785077894.341296,72.0,7847.0,299.28
1785077895.3806372,100.0,24877.0,227.73
1785077896.419918,100.0,24877.0,275.49
1785077897.4561808,67.0,1263.0,115.9
1785077898.4952402,100.0,7521.0,235.26
1785077899.5339847,100.0,7847.0,345.6
1785077900.5736222,100.0,7847.0,353.79
1785077901.6133442,100.0,7847.0,343.68
1785077902.6533666,100.0,7847.0,351.04
1785077903.6934628,100.0,7847.0,345.75
1785077904.7321563,76.0,24877.0,224.61
1785077905.7715461,100.0,24877.0,286.05
1785077906.8078473,100.0,549.0,222.12
1785077907.8483791,43.0,3873.0,100.68
1785077908.8893566,100.0,6159.0,308.12
1785077909.929172,70.0,5851.0,279.97
1785077910.9638608,45.0,1885.0,154.54
1785077912.001146,100.0,7521.0,189.64
1785077913.0417435,100.0,7847.0,353.03
1785077914.0827482,100.0,7847.0,344.54
1785077915.1254768,100.0,7847.0,350.61
1785077916.1654236,100.0,7847.0,346.81
1785077917.2064486,100.0,7847.0,347.54
1785077918.2484455,51.0,7063.0,277.52
1785077919.2907236,100.0,24875.0,265.24
1785077920.3277984,55.0,24875.0,253.8
1785077921.3684046,59.0,1763.0,102.26
1785077922.4052958,100.0,6721.0,259.91
1785077923.4452813,100.0,6721.0,349.23
1785077924.4855158,100.0,6721.0,350.27
1785077925.526686,100.0,12843.0,218.86
1785077926.563986,100.0,593.0,231.97
1785077927.6013207,56.0,6165.0,117.55
1785077928.6411254,100.0,6721.0,348.19
1785077929.6814294,100.0,6721.0,345.07
1785077930.7211788,87.0,6721.0,325.69
1785077931.779858,100.0,12843.0,206.82
1785077932.8207374,27.0,1843.0,149.82
1785077933.8841426,100.0,6721.0,217.48
1785077934.9210405,100.0,6721.0,348.94
1785077935.9610076,100.0,6721.0,348.04
1785077937.042855,80.0,12843.0,235.11
1785077938.079981,91.0,493.0,243.13
1785077939.1204493,42.0,4391.0,97.2
1785077940.1574934,100.0,6159.0,304.49
1785077941.1965363,72.0,4241.0,255.68
1785077942.255589,47.0,1843.0,162.6
1785077943.2934434,100.0,6555.0,189.2
1785077944.3337116,100.0,6721.0,350.91
1785077945.3735857,100.0,6721.0,348.88
1785077946.4119956,77.0,491.0,244.93
1785077947.448594,100.0,12843.0,241.6
1785077948.4845247,42.0,3901.0,97.59
1785077949.525443,100.0,6159.0,299.76
1785077950.5690134,68.0,6061.0,281.64
1785077951.6272252,46.0,1909.0,163.76
1785077952.6658146,100.0,8031.0,164.71
1785077953.7063491,100.0,9481.0,350.88
1785077954.7454915,100.0,10127.0,349.43
1785077955.7817836,100.0,10127.0,347.29
1785077956.8217733,100.0,10127.0,343.25
1785077957.8613951,100.0,10127.0,346.03
1785077958.901223,100.0,10127.0,344.35
1785077959.9415271,100.0,10127.0,346.12
1785077960.9806805,100.0,10127.0,350.28
1785077962.017541,100.0,10127.0,337.78
1785077963.0614386,100.0,10127.0,335.69
1785077964.1054502,100.0,10127.0,344.26
1785077965.145414,100.0,10127.0,347.18
1785077966.1910868,100.0,40759.0,192.6
1785077967.22818,100.0,40759.0,290.72
1785077968.2705147,100.0,33545.0,238.16
1785077969.3090823,100.0,33545.0,270.49
1785077970.3478868,100.0,843.0,148.57
1785077971.3912313,73.0,8031.0,122.8
1785077972.429393,100.0,9481.0,346.54
1785077973.4697087,100.0,10127.0,353.27
1785077974.509525,100.0,10127.0,345.59
1785077975.5491016,100.0,10127.0,342.51
1785077976.5892181,100.0,10127.0,343.16
1785077977.6252897,100.0,10127.0,348.44
1785077978.665439,100.0,10127.0,347.63
1785077979.7055283,100.0,10127.0,351.54
1785077980.7453983,100.0,10127.0,344.38
1785077981.7852407,100.0,10127.0,339.45
1785077982.8227582,100.0,10127.0,346.48
1785077983.8621252,100.0,10127.0,348.61
1785077984.89988,100.0,40759.0,195.31
1785077985.936502,100.0,40759.0,292.41
1785077986.9757478,100.0,33545.0,250.77
1785077988.0363662,100.0,33545.0,267.79
1785077989.0719762,100.0,515.0,170.67
1785077990.108439,42.0,3345.0,111.32
1785077991.1458406,100.0,9481.0,277.32
1785077992.18559,100.0,9481.0,345.52
1785077993.2254968,100.0,10127.0,346.97
1785077994.2666676,100.0,10127.0,348.04
1785077995.3060825,100.0,10127.0,349.6
1785077996.346205,100.0,10127.0,344.47
1785077997.3850384,100.0,10127.0,344.41
1785077998.425319,100.0,10127.0,348.85
1785077999.4657946,100.0,10127.0,344.55
1785078000.5064325,100.0,10127.0,347.51
1785078001.5636275,100.0,10127.0,352.0
1785078002.602084,100.0,10127.0,348.13
1785078003.6397848,92.0,475.0,244.89
1785078004.676634,100.0,40759.0,272.02
1785078005.7712717,100.0,33545.0,250.36
1785078006.841425,100.0,33545.0,267.99
1785078007.8803613,57.0,549.0,227.37
1785078008.9202192,62.0,1403.0,109.27
1785078009.957243,100.0,6721.0,253.29
1785078010.9971383,100.0,6721.0,349.3
1785078012.0522125,100.0,6721.0,346.92
1785078013.088656,100.0,12843.0,217.96
1785078014.123941,100.0,569.0,238.14
1785078015.161726,43.0,5889.0,96.39
1785078016.201533,100.0,6159.0,332.37
1785078017.2441313,82.0,7851.0,250.74
1785078018.2811162,37.0,1909.0,175.38
1785078019.3177667,100.0,8031.0,198.16
1785078020.3572254,100.0,9481.0,348.26
1785078021.3984036,100.0,10127.0,347.23
1785078022.4376793,100.0,10127.0,342.34
1785078023.477822,100.0,10127.0,356.24
1785078024.536617,100.0,10127.0,352.64
1785078025.573691,100.0,10127.0,341.78
1785078026.6129153,100.0,10127.0,343.55
1785078027.6541328,100.0,10127.0,352.11
1785078028.6936,100.0,10127.0,344.41
1785078029.7337782,100.0,10127.0,352.23
1785078030.7732766,100.0,10127.0,348.56
1785078031.8091588,72.0,10127.0,295.03
1785078032.85225,100.0,40759.0,222.5
1785078033.8949952,100.0,40759.0,300.45
1785078034.9324539,100.0,33545.0,232.62
1785078035.972935,100.0,33545.0,287.04
1785078037.0125365,100.0,1253.0,131.96
1785078038.0495045,100.0,8031.0,145.77
1785078039.0912778,100.0,9481.0,348.79
1785078040.128597,100.0,10127.0,343.38
1785078041.165401,100.0,10127.0,342.15
1785078042.2050898,100.0,10127.0,349.05
1785078043.2447634,100.0,10127.0,345.35
1785078044.2814498,100.0,10127.0,348.03
1785078045.3206756,100.0,10127.0,348.15
1785078046.3576145,100.0,10127.0,347.7
1785078047.3971958,100.0,10127.0,343.59
1785078048.4376833,100.0,10127.0,346.52
1785078049.4786012,100.0,10127.0,344.26
1785078050.5186305,100.0,10127.0,348.25
1785078051.555636,100.0,40759.0,205.39
1785078052.5960875,100.0,40759.0,300.98
1785078053.635669,100.0,33545.0,251.29
1785078054.677301,100.0,33545.0,265.43
1785078055.7199106,100.0,535.0,172.55
1785078056.7604375,43.0,4303.0,100.23
1785078057.7981083,100.0,6721.0,307.85
1785078058.8566442,100.0,6721.0,347.29
1785078059.8935313,100.0,6721.0,349.86
1785078060.9329515,100.0,12843.0,211.86
1785078061.9910958,42.0,2035.0,180.38
1785078063.029338,100.0,6555.0,159.27
1785078064.0652697,100.0,6721.0,350.43
1785078065.1052837,100.0,6721.0,352.37
1785078066.144694,72.0,6119.0,263.21
1785078067.1819172,100.0,12843.0,242.83
1785078068.220351,42.0,2293.0,123.02
1785078069.2573626,100.0,6159.0,265.37
1785078070.297224,69.0,6159.0,314.74
1785078071.3363404,79.0,943.0,158.3
1785078072.3735588,100.0,6159.0,139.68
1785078073.4136095,100.0,6159.0,349.89
1785078074.4489582,100.0,7851.0,218.55
1785078075.4883332,43.0,2167.0,145.88
1785078076.552044,100.0,6159.0,261.5
1785078077.5892658,71.0,6159.0,305.91
1785078078.6328313,73.0,1007.0,160.11
1785078079.6691406,100.0,6555.0,141.52
1785078080.7066042,100.0,6721.0,348.51
1785078081.745383,100.0,6721.0,347.62
1785078082.7848077,69.0,6721.0,303.32
1785078083.824251,100.0,12843.0,209.75
1785078084.8641706,62.0,1041.0,136.92
1785078085.9012928,100.0,6159.0,222.69
1785078086.959963,91.0,6159.0,330.57
1785078087.9961574,96.0,571.0,163.88
1785078089.060344,93.0,6159.0,116.7
1785078090.0971525,100.0,6159.0,348.85
1785078091.1325145,81.0,7851.0,224.41
1785078092.1680124,65.0,521.0,161.38
1785078093.205261,100.0,8351.0,208.52
1785078094.245346,100.0,9481.0,345.93
1785078095.282129,100.0,10127.0,342.61
1785078096.3224998,100.0,10127.0,342.06
1785078097.361466,100.0,10127.0,346.99
1785078098.4014282,100.0,10127.0,339.11
1785078099.4417646,100.0,10127.0,354.3
1785078100.4812033,100.0,10127.0,349.03
1785078101.5208457,100.0,10127.0,345.95
1785078102.5575764,100.0,10127.0,344.96
1785078103.5978045,100.0,10127.0,349.45
1785078104.6376662,100.0,10127.0,345.92
1785078105.6775374,72.0,10127.0,299.79
1785078106.7202783,100.0,40759.0,215.84
1785078107.7764347,100.0,40759.0,284.02
1785078108.8187394,100.0,33545.0,248.05
1785078109.8594096,100.0,33545.0,266.63
1785078110.8959436,58.0,1829.0,118.53
1785078111.952278,100.0,6159.0,186.25
1785078112.9887793,100.0,6159.0,349.76
1785078114.0274243,100.0,7851.0,200.64
1785078115.0682657,43.0,3159.0,113.18
1785078116.1053195,100.0,9481.0,259.9
1785078117.1442764,100.0,9481.0,346.33
1785078118.1814759,100.0,10127.0,340.69
1785078119.222621,100.0,10127.0,349.49
1785078120.2625773,100.0,10127.0,353.79
1785078121.3016496,100.0,10127.0,351.11
1785078122.3419657,100.0,10127.0,345.78
1785078123.3815222,100.0,10127.0,347.33
1785078124.4212327,100.0,10127.0,342.54
1785078125.4567833,100.0,10127.0,346.96
1785078126.4931872,100.0,10127.0,348.46
1785078127.553324,100.0,10127.0,351.21
1785078128.5880246,70.0,529.0,246.28
1785078129.6288013,100.0,40759.0,269.8
1785078130.7590683,100.0,33545.0,251.16
1785078131.801152,100.0,33545.0,260.53
1785078132.8360868,34.0,475.0,226.73
1785078133.872117,72.0,747.0,104.76
1785078134.9091399,100.0,6159.0,211.46
1785078135.948966,100.0,6159.0,353.47
1785078136.9877875,57.0,491.0,158.37
1785078138.0254052,74.0,6073.0,122.54
1785078139.0655558,100.0,6159.0,347.69
1785078140.105184,81.0,7851.0,233.36
1785078141.1487112,58.0,1229.0,148.66
1785078142.1902914,100.0,7521.0,228.32
1785078143.229393,100.0,7847.0,346.49
1785078144.268903,100.0,7847.0,351.64
1785078145.305857,100.0,7847.0,348.93
1785078146.3453689,100.0,7847.0,351.33
1785078147.3814275,100.0,7847.0,350.99
1785078148.4406493,76.0,24875.0,213.47
1785078149.4807143,100.0,24875.0,295.9
1785078150.5199244,100.0,571.0,214.34
1785078151.5563538,42.0,3901.0,99.68
1785078152.593046,100.0,6161.0,288.46
1785078153.6373467,70.0,6049.0,280.01
1785078154.695363,42.0,2059.0,155.73
1785078155.752325,100.0,8031.0,162.26
1785078156.788685,100.0,9481.0,339.76
1785078157.8264122,100.0,10127.0,349.98
1785078158.8652973,100.0,10127.0,341.92
1785078159.9056606,100.0,10127.0,343.89
1785078160.9448395,100.0,10127.0,347.42
1785078161.9812298,100.0,10127.0,345.49
1785078163.0165596,100.0,10127.0,340.76
1785078164.0528555,100.0,10127.0,347.11
1785078165.0897439,100.0,10127.0,346.06
1785078166.1296904,100.0,10127.0,350.62
1785078167.170639,100.0,10127.0,349.0
1785078168.2089524,100.0,10127.0,350.47
1785078169.2485273,100.0,40759.0,192.97
1785078170.285524,100.0,40759.0,296.22
1785078171.3279486,100.0,33545.0,238.88
1785078172.3658414,100.0,33545.0,277.17
1785078173.4040017,100.0,827.0,154.27
1785078174.445164,56.0,6073.0,118.53
1785078175.504045,100.0,6159.0,351.48
1785078176.5421193,79.0,7851.0,229.12
1785078177.5806727,61.0,1587.0,161.34
1785078178.6178627,100.0,6159.0,254.27
1785078179.6571133,87.0,6159.0,326.02
1785078180.6962273,100.0,663.0,163.82
1785078181.7326748,87.0,8031.0,123.37
1785078182.7700431,100.0,9481.0,354.0
1785078183.8097777,100.0,10127.0,345.18
1785078184.850121,100.0,10127.0,343.54
1785078185.8894494,100.0,10127.0,346.25
1785078186.929977,100.0,10127.0,345.16
1785078187.9696403,100.0,10127.0,348.57
1785078189.0099325,100.0,10127.0,349.51
1785078190.0502958,100.0,10127.0,339.64
1785078191.0897841,100.0,10127.0,335.56
1785078192.1258082,100.0,10127.0,345.91
1785078193.1663053,100.0,10127.0,347.05
1785078194.2068493,100.0,10127.0,347.22
1785078195.2444522,100.0,40759.0,212.07
1785078196.2870874,100.0,40759.0,295.08
1785078197.3279076,100.0,33545.0,247.68
1785078198.369522,100.0,33545.0,262.07
1785078199.4079514,100.0,513.0,171.45
1785078200.448231,43.0,3853.0,100.99
1785078201.4853263,100.0,6159.0,282.6
1785078202.525295,55.0,6159.0,276.65
1785078203.564717,41.0,2057.0,155.61
1785078204.6210012,100.0,7521.0,169.35
1785078205.69704,100.0,7847.0,346.72
1785078206.7376213,100.0,7847.0,349.3
1785078207.7772932,100.0,7847.0,346.08
1785078208.8361487,100.0,7847.0,358.3
1785078209.8726625,100.0,7847.0,350.11
1785078210.908424,58.0,7175.0,259.15
1785078211.9481838,100.0,24875.0,254.33
1785078213.0026772,7.0,24875.0,268.53
1785078214.044326,42.0,1823.0,101.79
1785078215.0819738,100.0,6721.0,237.17
1785078216.1213884,100.0,6721.0,348.81
1785078217.1613715,100.0,6721.0,350.29
1785078218.2004895,100.0,12843.0,219.72
1785078219.2356932,100.0,593.0,232.58
1785078220.27304,40.0,5971.0,99.59
1785078221.3131924,100.0,6159.0,351.2
1785078222.3477912,87.0,7851.0,232.76
1785078223.3840725,35.0,541.0,161.35
1785078224.4214182,100.0,6159.0,217.29
1785078225.4615743,100.0,6159.0,350.73
1785078226.500202,99.0,491.0,166.11
1785078227.5372498,47.0,5971.0,102.48
1785078228.5962496,100.0,6159.0,350.92
1785078229.6329882,76.0,7851.0,226.87
1785078230.6722672,67.0,1463.0,156.84
1785078231.7094707,100.0,6721.0,238.26
1785078232.7493477,100.0,6721.0,347.69
1785078233.7889397,100.0,6721.0,347.86
1785078234.8297856,99.0,12843.0,211.31
1785078235.8677604,95.0,551.0,235.91
1785078236.9043493,40.0,5537.0,94.49
1785078237.942058,100.0,6159.0,330.56
1785078238.9804022,77.0,749.0,258.51
1785078240.0162258,37.0,1867.0,159.6
1785078241.0536761,100.0,8031.0,188.0
1785078242.0937538,100.0,9481.0,340.81
1785078243.1362786,100.0,10127.0,346.69
1785078244.1781926,100.0,10127.0,342.29
1785078245.2177308,100.0,10127.0,351.64
1785078246.260975,100.0,10127.0,348.35
1785078247.3053207,100.0,10127.0,344.62
1785078248.344787,100.0,10127.0,344.98
1785078249.382755,100.0,10127.0,348.51
1785078250.4212868,100.0,10127.0,345.13
1785078251.4614317,100.0,10127.0,350.76
1785078252.5011384,100.0,10127.0,345.05
1785078253.5449245,68.0,10127.0,311.34
1785078254.5862186,100.0,40759.0,223.7
1785078255.6255841,100.0,40759.0,294.68
1785078256.6648169,100.0,33545.0,233.98
1785078257.7242484,100.0,33545.0,287.28
1785078258.760155,100.0,1333.0,131.8
1785078259.7971888,100.0,6159.0,144.74
1785078260.836932,100.0,6159.0,353.64
1785078261.879981,100.0,7851.0,220.18
1785078262.9162433,42.0,2433.0,128.69
1785078263.9536347,100.0,6159.0,257.64
1785078264.9929812,69.0,6159.0,303.68
1785078266.0323129,61.0,1191.0,160.15
1785078267.0734558,100.0,8031.0,163.46
1785078268.1182582,100.0,9481.0,351.62
1785078269.1637437,100.0,10127.0,346.86
1785078270.201285,100.0,10127.0,348.33
1785078271.2445924,100.0,10127.0,350.53
1785078272.2812502,100.0,10127.0,342.84
1785078273.3210747,100.0,10127.0,338.01
1785078274.3659952,100.0,10127.0,348.65
1785078275.4098744,100.0,10127.0,343.3
1785078276.4541368,100.0,10127.0,342.63
1785078277.4941714,100.0,10127.0,349.47
1785078278.5524821,100.0,10127.0,343.79
1785078279.5960662,100.0,10127.0,342.54
1785078280.636514,100.0,40759.0,189.2
1785078281.6726143,100.0,40759.0,297.33
1785078282.7119038,100.0,33545.0,252.02
1785078283.772896,100.0,33545.0,273.94
1785078284.8126678,100.0,795.0,171.91
1785078285.8527243,41.0,8031.0,100.93
1785078286.8911083,100.0,9481.0,345.39
1785078287.9298227,100.0,10127.0,349.53
1785078288.9700117,100.0,10127.0,347.19
1785078290.0095904,100.0,10127.0,345.54
1785078291.0506144,100.0,10127.0,345.35
1785078292.0917187,100.0,10127.0,350.01
1785078293.1297183,100.0,10127.0,350.27
1785078294.1702676,100.0,10127.0,350.2
1785078295.2094646,100.0,10127.0,345.35
1785078296.2498922,100.0,10127.0,340.96
1785078297.2905312,100.0,10127.0,346.98
1785078298.3295488,100.0,10127.0,348.85
1785078299.3679585,100.0,40759.0,207.54
1785078300.4049628,100.0,40759.0,291.25
1785078301.4488297,100.0,33545.0,253.53
1785078302.4850388,100.0,33545.0,267.31
1785078303.5246036,100.0,627.0,191.05
1785078304.5602725,43.0,3855.0,103.02
1785078305.5973241,100.0,6161.0,305.1
1785078306.6375136,67.0,6161.0,277.94
1785078307.6949122,41.0,2027.0,160.86
1785078308.752364,100.0,6159.0,162.46
1785078309.789585,100.0,6159.0,349.75
1785078310.8313446,100.0,7851.0,200.73
1785078311.8723752,43.0,3373.0,111.96
1785078312.909844,100.0,6159.0,285.42
1785078313.9487906,72.0,6159.0,298.23
1785078314.984576,40.0,1717.0,170.22
1785078316.0211477,100.0,6555.0,143.99
1785078317.061623,100.0,6721.0,349.16
1785078318.1243637,100.0,6721.0,349.77
1785078319.161269,72.0,6721.0,278.03
1785078320.20265,100.0,12843.0,236.33
1785078321.2403483,43.0,2439.0,126.6
1785078322.2776263,100.0,9481.0,251.55
1785078323.317807,100.0,9481.0,337.49
1785078324.3766189,100.0,10127.0,344.62
1785078325.4145641,100.0,10127.0,346.89
1785078326.4549942,100.0,10127.0,352.23
1785078327.4929295,100.0,10127.0,349.93
1785078328.5337274,100.0,10127.0,341.8
1785078329.5738075,100.0,10127.0,347.59
1785078330.6144085,100.0,10127.0,346.66
1785078331.6535084,100.0,10127.0,348.26
1785078332.6933217,100.0,10127.0,353.12
1785078333.7336571,100.0,10127.0,350.79
1785078334.772324,90.0,5497.0,230.78
1785078335.808691,100.0,40759.0,260.69
1785078336.9829733,100.0,33545.0,252.24
1785078338.0254185,100.0,33545.0,268.35
1785078339.06453,46.0,475.0,227.29
1785078340.1002724,76.0,783.0,105.41
1785078341.1377113,100.0,6721.0,215.78
1785078342.1773324,100.0,6721.0,348.61
1785078343.237194,100.0,6721.0,349.89
1785078344.2765663,100.0,12843.0,223.93
1785078345.3309443,95.0,529.0,237.21
1785078346.3724067,41.0,5147.0,100.99
1785078347.4094958,100.0,9481.0,326.38
1785078348.4498289,100.0,10127.0,348.24
1785078349.4899554,100.0,10127.0,347.86
1785078350.5291493,100.0,10127.0,345.03
1785078351.570383,100.0,10127.0,336.65
1785078352.6108046,100.0,10127.0,348.21
1785078353.649937,100.0,10127.0,344.71
1785078354.6894023,100.0,10127.0,343.55
1785078355.7294714,100.0,10127.0,345.95
1785078356.77154,100.0,10127.0,348.0
1785078357.8292274,100.0,10127.0,345.74
1785078358.86568,100.0,10127.0,345.1
1785078359.90409,92.0,40759.0,204.6
1785078360.9473975,100.0,40759.0,292.49
1785078361.9845347,100.0,33545.0,268.64
1785078363.0224314,100.0,33545.0,268.81
1785078364.060073,100.0,589.0,208.57
1785078365.100242,43.0,2279.0,105.35
1785078366.137298,100.0,6159.0,247.71
1785078367.1812096,72.0,6159.0,304.79
1785078368.2241223,78.0,1191.0,159.25
1785078369.265305,100.0,6555.0,141.7
1785078370.3053842,100.0,6721.0,349.5
1785078371.3456874,100.0,6721.0,350.73
1785078372.3853507,72.0,6721.0,301.08
1785078373.4267473,100.0,12843.0,209.54
1785078374.4643438,43.0,1843.0,127.19
1785078375.5009792,100.0,6159.0,242.5
1785078376.5411413,92.0,6159.0,330.04
1785078377.5800009,85.0,631.0,159.24
1785078378.6172426,52.0,6159.0,112.02
1785078379.6574187,100.0,6159.0,350.14
1785078380.696476,76.0,7851.0,227.41
1785078381.7363389,69.0,1503.0,158.0
1785078382.775274,100.0,7521.0,232.2
1785078383.8135567,100.0,7847.0,348.25
1785078384.8533113,100.0,7847.0,350.98
1785078385.8946633,100.0,7847.0,348.1
1785078386.93251,100.0,7847.0,353.52
1785078387.9885275,100.0,7847.0,344.46
1785078389.0238566,76.0,24877.0,235.54
1785078390.0636141,100.0,24877.0,281.86
1785078391.1186469,100.0,573.0,211.37
1785078392.160453,41.0,5017.0,99.06
1785078393.1971004,100.0,6159.0,326.73
1785078394.232169,75.0,463.0,254.94
1785078395.2692373,22.0,1835.0,158.92
1785078396.3055599,100.0,6159.0,189.79
1785078397.3723898,100.0,6159.0,353.49
1785078398.4081573,80.0,5033.0,198.08
1785078399.4443011,43.0,4637.0,95.7
1785078400.4811592,100.0,6159.0,306.78
1785078401.5200589,71.0,2299.0,270.25
1785078402.5571308,35.0,1885.0,161.69
1785078403.5976472,100.0,7521.0,189.12
1785078404.6375463,100.0,7847.0,346.72
1785078405.6769,100.0,7847.0,347.57
1785078406.7135496,100.0,7847.0,345.51
1785078407.7534733,100.0,7847.0,352.34
1785078408.794017,100.0,7847.0,343.27
1785078409.8320665,74.0,1469.0,239.59
1785078410.8687823,100.0,24875.0,276.09
1785078411.903755,5.0,417.0,253.99
1785078412.9402537,43.0,2535.0,100.81
1785078413.9772568,100.0,6161.0,260.44
1785078415.0360408,72.0,6161.0,325.13
1785078416.0723698,36.0,1333.0,156.72
1785078417.1088104,100.0,6159.0,141.5
1785078418.144987,100.0,6159.0,352.57
1785078419.1914666,100.0,7851.0,223.27
1785078420.228339,47.0,2215.0,127.61
1785078421.2652557,100.0,6159.0,258.76
1785078422.3054042,79.0,6159.0,316.69
1785078423.344216,37.0,731.0,154.4
1785078424.3856792,94.0,6159.0,123.35
1785078425.4251645,100.0,6159.0,350.48
1785078426.4657242,100.0,7851.0,238.97
1785078427.5273962,60.0,1867.0,129.15
1785078428.5652945,100.0,6159.0,254.07
1785078429.6052155,85.0,6159.0,323.24
1785078430.6441967,64.0,793.0,160.46
1785078431.6815922,100.0,6159.0,142.73
1785078432.7215593,100.0,6159.0,351.1
1785078433.762343,100.0,7851.0,221.14
1785078434.8004034,43.0,2559.0,143.65
1785078435.837045,100.0,6159.0,277.23
1785078436.8998976,72.0,6159.0,305.43
1785078437.9362183,42.0,1715.0,157.84
1785078438.9733093,100.0,6159.0,158.63
1785078440.0136275,100.0,6159.0,350.91
1785078441.074322,100.0,7851.0,214.52
1785078442.1130288,43.0,3453.0,128.23
1785078443.1529815,100.0,6159.0,283.21
1785078444.1933935,72.0,6159.0,296.9
1785078445.2324948,48.0,1961.0,170.54
1785078446.2695441,100.0,8031.0,183.85
1785078447.3293526,100.0,9481.0,345.81
1785078448.3706298,100.0,10127.0,349.37
1785078449.4102702,100.0,10127.0,355.87
1785078450.4496517,100.0,10127.0,350.15
1785078451.4899392,100.0,10127.0,344.34
1785078452.548413,100.0,10127.0,346.77
1785078453.585818,100.0,10127.0,351.53
1785078454.624745,100.0,10127.0,347.83
1785078455.661361,100.0,10127.0,351.75
1785078456.701396,100.0,10127.0,344.12
1785078457.7418234,100.0,10127.0,338.11
1785078458.7809854,100.0,10127.0,347.56
1785078459.8368852,100.0,40759.0,184.14
1785078460.872494,100.0,40759.0,295.98
1785078461.9128299,100.0,33545.0,244.91
1785078462.9488623,100.0,33545.0,275.88
1785078463.9838371,100.0,793.0,148.45
1785078465.025054,61.0,5971.0,116.59
1785078466.0654123,100.0,6159.0,347.23
1785078467.108377,91.0,7851.0,234.78
1785078468.1442542,72.0,477.0,158.46
1785078469.1856298,100.0,6159.0,211.68
1785078470.225304,100.0,6159.0,352.85
1785078471.2640498,57.0,471.0,156.86
1785078472.3003118,43.0,5377.0,95.94
1785078473.3565862,100.0,6159.0,330.44
1785078474.3924766,92.0,7851.0,253.25
1785078475.432664,45.0,1835.0,158.28
1785078476.4689631,100.0,6159.0,219.21
1785078477.5157237,100.0,6159.0,347.86
1785078478.570878,40.0,471.0,184.12
1785078479.608373,43.0,5137.0,93.58
1785078480.6455033,100.0,6159.0,328.73
1785078481.6850502,85.0,499.0,256.21
1785078482.721003,35.0,1835.0,150.15
1785078483.761217,100.0,6159.0,189.03
1785078484.8013372,100.0,6159.0,351.5
1785078485.8401566,47.0,6575.0,197.04
1785078486.87622,42.0,4583.0,95.01
1785078487.91369,100.0,6159.0,325.68
1785078488.9522827,75.0,2923.0,253.51
1785078490.0067875,37.0,1835.0,157.8
1785078491.064405,100.0,6159.0,197.53
1785078492.1013327,100.0,6159.0,351.76
1785078493.1398056,86.0,7851.0,196.85
1785078494.180379,42.0,4301.0,101.96
1785078495.2173383,100.0,6159.0,308.64
1785078496.256667,70.0,4541.0,277.22
1785078497.2917953,43.0,1829.0,158.95
1785078498.3288343,100.0,6159.0,181.58
1785078499.384352,100.0,6159.0,349.89
1785078500.4228702,100.0,7851.0,209.8
1785078501.4602642,43.0,3699.0,111.57
1785078502.501294,100.0,6159.0,308.92
1785078503.5414498,71.0,6159.0,275.48
1785078504.5802498,42.0,2027.0,157.47
1785078505.6218784,100.0,6159.0,166.33
1785078506.66131,100.0,6159.0,347.58
1785078507.7034678,100.0,7851.0,225.3
1785078508.767414,43.0,3379.0,123.36
1785078509.8240998,100.0,9481.0,292.04
1785078510.8615863,100.0,10127.0,350.7
1785078511.9012022,100.0,10127.0,346.82
1785078512.938332,100.0,10127.0,347.49
1785078513.9786704,100.0,10127.0,348.9
1785078515.0174556,100.0,10127.0,343.47
1785078516.0574431,100.0,10127.0,345.12
1785078517.097298,100.0,10127.0,347.19
1785078518.1374986,100.0,10127.0,347.33
1785078519.1782439,100.0,10127.0,349.02
1785078520.217519,100.0,10127.0,349.9
1785078521.2571604,100.0,10127.0,345.15
1785078522.295987,95.0,579.0,214.13
1785078523.332717,100.0,40759.0,271.59
1785078524.3964307,100.0,33545.0,276.12
1785078525.4376447,100.0,33545.0,267.37
1785078526.4721706,0.0,475.0,249.1
1785078527.5121884,65.0,781.0,103.72
1785078528.553325,100.0,6159.0,216.01
1785078529.5886197,100.0,6159.0,351.98
1785078530.6238558,98.0,491.0,167.52
1785078531.6615798,41.0,5889.0,95.64
1785078532.6972847,100.0,6159.0,351.81
1785078533.7400434,82.0,7851.0,235.03
1785078534.7759776,30.0,1103.0,160.59
1785078535.8132665,100.0,6159.0,212.19
1785078536.8722143,100.0,6159.0,351.8
1785078537.9079666,79.0,471.0,181.2
1785078538.9443853,41.0,5237.0,101.38
1785078539.9814832,100.0,6159.0,320.96
1785078541.0202978,95.0,581.0,238.84
1785078542.0560517,35.0,583.0,161.33
1785078543.093413,100.0,6159.0,234.4
1785078544.1336515,100.0,6159.0,348.92
1785078545.1720119,41.0,471.0,185.77
1785078546.213417,42.0,5971.0,93.59
1785078547.2531457,100.0,6159.0,329.67
1785078548.31456,74.0,7851.0,232.99
1785078549.3566194,61.0,787.0,157.74
1785078550.393656,100.0,8351.0,229.36
1785078551.4373577,100.0,9481.0,352.22
1785078552.4786747,100.0,10127.0,344.14
1785078553.517087,100.0,10127.0,347.55
1785078554.5576859,100.0,10127.0,347.13
1785078555.597553,100.0,10127.0,344.0
1785078556.6375623,100.0,10127.0,346.86
1785078557.6775687,100.0,10127.0,344.73
1785078558.7185626,100.0,10127.0,347.08
1785078559.7564847,100.0,10127.0,345.4
1785078560.79383,100.0,10127.0,343.16
1785078561.8334737,100.0,10127.0,345.34
1785078562.8733637,71.0,10127.0,297.11
1785078563.9314835,100.0,40759.0,226.59
1785078564.9688284,100.0,40759.0,286.81
1785078566.0091999,100.0,33545.0,237.74
1785078567.045892,100.0,33545.0,266.71
1785078568.0845149,95.0,1987.0,105.74
1785078569.1210501,100.0,6159.0,165.94
1785078570.1611917,100.0,6159.0,352.35
1785078571.2042177,100.0,7851.0,215.33
1785078572.2442193,43.0,3033.0,131.16
1785078573.281344,100.0,6159.0,285.4
1785078574.3215628,71.0,6159.0,302.15
1785078575.360268,34.0,1661.0,157.45
1785078576.3974626,100.0,6159.0,160.58
1785078577.4374986,100.0,6159.0,348.53
1785078578.477529,100.0,7851.0,222.85
1785078579.5203497,43.0,2533.0,126.52
1785078580.5573735,100.0,6159.0,256.02
1785078581.5974286,72.0,6159.0,294.73
1785078582.6362507,43.0,1059.0,163.88
1785078583.6733732,88.0,6159.0,117.88
1785078584.7133305,100.0,6159.0,354.29
1785078585.7531183,91.0,7851.0,226.83
1785078586.7921963,39.0,1461.0,143.5
1785078587.8292546,100.0,6159.0,232.75
1785078588.8695397,100.0,6159.0,348.07
1785078589.9038727,91.0,511.0,152.91
1785078590.9409442,83.0,6159.0,127.22
1785078591.9773805,100.0,6159.0,349.79
1785078593.0169241,100.0,7851.0,233.44
1785078594.0563283,43.0,2701.0,144.11
1785078595.0937467,100.0,6161.0,297.86
1785078596.1331756,71.0,6161.0,301.47
1785078597.172132,55.0,1191.0,159.31
1785078598.209216,100.0,6949.0,167.96
1785078599.249569,100.0,7847.0,348.47
1785078600.2888634,100.0,7847.0,348.26
1785078601.3250723,100.0,7847.0,351.32
1785078602.3661702,100.0,7847.0,345.85
1785078603.4065924,100.0,7847.0,350.05
1785078604.4683683,71.0,7847.0,302.04
1785078605.5238767,100.0,24877.0,240.62
1785078606.5599475,100.0,24877.0,274.92
1785078607.6003377,55.0,1349.0,102.45
1785078608.6374574,100.0,9479.0,232.83
1785078609.6776807,100.0,9481.0,353.41
1785078610.7181616,100.0,10127.0,346.05
1785078611.756927,100.0,10127.0,346.86
1785078612.7936964,100.0,10127.0,346.22
1785078613.8334334,100.0,10127.0,345.42
1785078614.8928404,100.0,10127.0,348.64
1785078615.9296465,100.0,10127.0,348.38
1785078616.9905252,100.0,10127.0,341.3
1785078618.0297368,100.0,10127.0,338.92
1785078619.0704455,100.0,10127.0,348.54
1785078620.1132107,100.0,10127.0,346.82
1785078621.1715496,82.0,7779.0,254.33
1785078622.2143917,100.0,40759.0,247.14
1785078623.4309916,100.0,33545.0,248.83
1785078624.4946127,100.0,33545.0,264.36
1785078625.532431,10.0,547.0,220.43
1785078626.5683253,49.0,1207.0,109.12
1785078627.605679,100.0,9479.0,243.84
1785078628.664704,100.0,9481.0,347.47
1785078629.7021427,100.0,10127.0,344.89
1785078630.7407074,100.0,10127.0,350.44
1785078631.7774901,100.0,10127.0,348.32
1785078632.8174212,100.0,10127.0,342.75
1785078633.857822,100.0,10127.0,353.74
1785078634.8975477,100.0,10127.0,348.15
1785078635.9386597,100.0,10127.0,344.62
1785078636.9767785,100.0,10127.0,345.62
1785078638.0135221,100.0,10127.0,353.29
1785078639.0534353,100.0,10127.0,347.17
1785078640.0935652,55.0,10127.0,274.17
1785078641.1376195,100.0,40759.0,232.28
1785078642.1776936,100.0,40759.0,282.64
1785078643.2171514,100.0,33545.0,243.2
1785078644.2559354,100.0,33545.0,259.28
1785078645.291844,47.0,1865.0,106.95
1785078646.3301337,100.0,8031.0,170.38
1785078647.3695831,100.0,9481.0,345.17
1785078648.4104686,100.0,10127.0,347.25
1785078649.4496136,100.0,10127.0,345.01
1785078650.4863675,100.0,10127.0,348.85
1785078651.5253608,100.0,10127.0,343.62
1785078652.5658414,100.0,10127.0,355.13
1785078653.6245463,100.0,10127.0,349.97
1785078654.6617684,100.0,10127.0,349.76
1785078655.701604,100.0,10127.0,339.58
1785078656.741406,100.0,10127.0,337.56
1785078657.7813516,100.0,10127.0,346.47
1785078658.822029,100.0,10127.0,348.63
1785078659.8653526,100.0,40759.0,198.98
1785078660.9047093,100.0,40759.0,293.34
1785078661.9464657,100.0,33545.0,243.22
1785078662.984878,100.0,33545.0,270.2
1785078664.0200036,100.0,795.0,134.48
1785078665.057369,81.0,8031.0,101.8
1785078666.0993989,100.0,9481.0,347.29
1785078667.156372,100.0,10127.0,354.02
1785078668.1941245,100.0,10127.0,345.93
1785078669.2334192,100.0,10127.0,339.23
1785078670.2734032,100.0,10127.0,343.99
1785078671.313303,100.0,10127.0,347.36
1785078672.3534489,100.0,10127.0,349.19
1785078673.393551,100.0,10127.0,351.79
1785078674.429543,100.0,10127.0,345.1
1785078675.4654346,100.0,10127.0,341.83
1785078676.5239458,100.0,10127.0,347.33
1785078677.5623085,100.0,10127.0,350.99
1785078678.6001482,100.0,40759.0,206.25
1785078679.6433525,100.0,40759.0,297.54
1785078680.7032838,100.0,33545.0,251.31
1785078681.744948,100.0,33545.0,265.54
1785078682.7844841,100.0,515.0,169.69
1785078683.8243637,42.0,3999.0,105.49
1785078684.8612676,100.0,9481.0,305.69
1785078685.901194,100.0,10127.0,350.92
1785078686.9376616,100.0,10127.0,342.93
1785078687.9776607,100.0,10127.0,339.49
1785078689.0328019,100.0,10127.0,349.21
1785078690.069366,100.0,10127.0,343.55
1785078691.1095984,100.0,10127.0,348.27
1785078692.1496851,100.0,10127.0,353.71
1785078693.1896517,100.0,10127.0,347.91
1785078694.23067,100.0,10127.0,344.93
1785078695.2695456,100.0,10127.0,343.99
1785078696.309735,100.0,10127.0,349.13
1785078697.3486714,87.0,719.0,209.51
1785078698.3845613,100.0,40759.0,274.23
1785078699.4314752,100.0,33545.0,269.07
1785078700.4739206,100.0,33545.0,259.44
1785078701.512454,0.0,475.0,240.65
1785078702.5524879,58.0,1033.0,106.8
1785078703.5936782,100.0,8999.0,230.82
1785078704.633709,100.0,9481.0,346.11
1785078705.6727917,100.0,10127.0,350.43
1785078706.7110705,100.0,10127.0,350.7
1785078707.750119,100.0,10127.0,349.82
1785078708.7898672,100.0,10127.0,345.05
1785078709.8292017,100.0,10127.0,344.44
1785078710.8886967,100.0,10127.0,345.45
1785078711.9273393,100.0,10127.0,347.49
1785078712.9654865,100.0,10127.0,350.77
1785078714.0016868,100.0,10127.0,352.2
1785078715.041399,100.0,10127.0,349.22
1785078716.0806746,68.0,10127.0,282.07
1785078717.1165855,100.0,40759.0,221.48
1785078718.1545477,100.0,40759.0,304.67
1785078719.1982017,100.0,33545.0,231.94
1785078720.2384984,100.0,33545.0,276.37
1785078721.2987554,47.0,1909.0,124.71
1785078722.337338,100.0,8031.0,186.4
1785078723.3785908,100.0,9481.0,352.5
1785078724.418506,100.0,10127.0,350.32
1785078725.458146,100.0,10127.0,355.32
1785078726.501533,100.0,10127.0,347.62
1785078727.5613074,100.0,10127.0,336.33
1785078728.6020849,100.0,10127.0,344.98
1785078729.6454954,100.0,10127.0,347.45
1785078730.6852112,100.0,10127.0,349.64
1785078731.725442,100.0,10127.0,352.79
1785078732.7657611,100.0,10127.0,350.04
1785078733.8097851,100.0,10127.0,345.33
1785078734.849567,86.0,10127.0,322.27
1785078735.890034,100.0,40759.0,186.0
1785078736.9306662,100.0,40759.0,308.9
1785078737.974901,100.0,33545.0,240.2
1785078739.0172544,100.0,33545.0,278.56
1785078740.0559366,100.0,877.0,151.45
1785078741.1131449,64.0,8031.0,118.39
1785078742.1499236,100.0,9481.0,352.69
1785078743.1898425,100.0,10127.0,347.69
1785078744.2292116,100.0,10127.0,350.86
1785078745.2692835,100.0,10127.0,344.8
1785078746.3096492,100.0,10127.0,342.35
1785078747.3507113,100.0,10127.0,346.62
1785078748.389386,100.0,10127.0,347.78
1785078749.4295063,100.0,10127.0,348.8
1785078750.4692833,100.0,10127.0,355.62
1785078751.509401,100.0,10127.0,350.53
1785078752.5474663,100.0,10127.0,339.68
1785078753.5848649,100.0,10127.0,341.55
1785078754.619692,100.0,40759.0,195.58
1785078755.663181,100.0,40759.0,295.15
1785078756.703786,100.0,33545.0,271.17
1785078757.7453587,100.0,33545.0,268.22
1785078758.7839055,100.0,513.0,199.72
1785078759.8203115,43.0,3953.0,101.62
1785078760.8574998,100.0,6159.0,304.57
1785078761.9012094,74.0,6005.0,269.79
1785078762.9397557,43.0,1835.0,162.5
1785078763.9770699,100.0,6159.0,182.04
1785078765.0170913,100.0,6159.0,350.08
1785078766.0778184,100.0,7851.0,206.97
1785078767.1163044,42.0,4301.0,114.08
1785078768.1531942,100.0,6159.0,305.42
1785078769.1928186,70.0,4661.0,276.46
1785078770.227948,30.0,1833.0,161.49
1785078771.2693052,100.0,6159.0,173.79
1785078772.3095126,100.0,6159.0,343.83
1785078773.351509,100.0,7851.0,224.88
1785078774.4074316,42.0,3575.0,123.24
1785078775.4453125,100.0,7521.0,291.41
1785078776.4867568,100.0,7847.0,349.32
1785078777.5442808,100.0,7847.0,350.86
1785078778.5812132,100.0,7847.0,344.33
1785078779.6234548,100.0,7847.0,346.86
1785078780.6615715,100.0,7847.0,344.71
1785078781.696445,100.0,24875.0,222.6
1785078782.7360094,100.0,24875.0,279.45
1785078783.771921,100.0,569.0,188.24
1785078784.8149369,41.0,6789.0,120.74
1785078785.8542786,100.0,7847.0,353.91
1785078786.8968363,100.0,7847.0,349.71
1785078787.9523907,100.0,7847.0,349.74
1785078788.9885657,100.0,7847.0,352.67
1785078790.0253708,100.0,7847.0,344.91
1785078791.0652204,95.0,7847.0,343.75
1785078792.1066504,100.0,24877.0,201.98
1785078793.1457083,100.0,24877.0,273.91
1785078794.1843028,43.0,1863.0,152.07
1785078795.2216275,100.0,7521.0,185.65
1785078796.2617736,100.0,7847.0,346.58
1785078797.302475,100.0,7847.0,352.04
1785078798.360111,100.0,7847.0,351.32
1785078799.397515,100.0,7847.0,348.79
1785078800.4380057,100.0,7847.0,348.88
1785078801.4807916,68.0,7399.0,275.96
1785078802.518811,100.0,24877.0,263.02
1785078803.5947049,65.0,24877.0,262.51
1785078804.6363475,40.0,1563.0,102.35
1785078805.6742692,100.0,7521.0,235.2
1785078806.7135062,100.0,7847.0,351.08
1785078807.753197,100.0,7847.0,344.36
1785078808.7911234,100.0,7847.0,349.94
1785078809.8292115,100.0,7847.0,349.68
1785078810.8689144,100.0,7847.0,348.38
1785078811.9081154,76.0,24875.0,220.28
1785078812.9480565,100.0,24875.0,285.49
1785078813.9838643,100.0,631.0,216.35
1785078815.0204675,43.0,4391.0,99.9
1785078816.062041,100.0,7847.0,310.15
1785078817.1013699,100.0,7847.0,347.03
1785078818.140967,100.0,7847.0,350.98
1785078819.181843,100.0,7847.0,354.39
1785078820.2217267,100.0,7847.0,345.19
1785078821.261953,100.0,7847.0,350.33
1785078822.3032136,100.0,24877.0,215.99
1785078823.3469129,100.0,24877.0,292.3
1785078824.3886843,100.0,863.0,178.6
1785078825.4257498,100.0,8031.0,150.87
1785078826.4645474,100.0,9481.0,351.54
1785078827.5018513,100.0,10127.0,349.32
1785078828.5412853,100.0,10127.0,353.44
1785078829.5816793,100.0,10127.0,345.72
1785078830.6219244,100.0,10127.0,343.51
1785078831.669239,100.0,10127.0,344.5
1785078832.7049894,100.0,10127.0,351.21
1785078833.764502,100.0,10127.0,346.36
1785078834.8011394,100.0,10127.0,349.93
1785078835.8414423,100.0,10127.0,343.0
1785078836.8834455,100.0,10127.0,342.54
1785078837.9225109,100.0,10127.0,344.37
1785078838.9597144,100.0,40759.0,179.47
1785078840.0003772,100.0,40759.0,298.1
1785078841.040113,100.0,33545.0,254.31
1785078842.0815809,100.0,33545.0,264.9
1785078843.1199348,100.0,617.0,186.48
1785078844.156595,43.0,4773.0,102.93
1785078845.1936727,100.0,9481.0,305.39
1785078846.232954,100.0,10127.0,348.96
1785078847.274057,100.0,10127.0,343.57
1785078848.3135216,100.0,10127.0,338.43
1785078849.3549986,100.0,10127.0,346.3
1785078850.3944066,100.0,10127.0,345.45
1785078851.4338179,100.0,10127.0,349.05
1785078852.472553,100.0,10127.0,355.43
1785078853.5097044,100.0,10127.0,351.2
1785078854.5688756,100.0,10127.0,342.17
1785078855.609194,100.0,10127.0,349.35
1785078856.6499453,100.0,10127.0,353.23
1785078857.6878047,81.0,40759.0,213.37
1785078858.7300794,100.0,40759.0,294.93
1785078859.7688937,100.0,33545.0,251.37
1785078860.8302262,100.0,33545.0,270.48
1785078861.8678143,93.0,549.0,219.13
1785078862.9043386,43.0,1827.0,123.62
1785078863.9417725,100.0,9481.0,246.78
1785078865.0010417,100.0,9481.0,350.65
1785078866.0373995,100.0,10127.0,347.26
1785078867.0776162,100.0,10127.0,347.77
1785078868.1170669,100.0,10127.0,349.22
1785078869.1577349,100.0,10127.0,343.66
1785078870.1979783,100.0,10127.0,343.25
1785078871.2374063,100.0,10127.0,347.48
1785078872.2783637,100.0,10127.0,345.24
1785078873.3171585,100.0,10127.0,346.83
1785078874.357454,100.0,10127.0,354.86
1785078875.3980494,100.0,10127.0,349.75
1785078876.4365723,70.0,8439.0,273.6
1785078877.472573,100.0,40759.0,241.61
1785078878.7073689,100.0,33545.0,248.2
1785078879.7488866,100.0,33545.0,282.23
1785078880.783946,0.0,473.0,238.68
1785078881.824518,67.0,1033.0,108.75
1785078882.880549,100.0,9479.0,220.16
1785078883.9175591,100.0,9481.0,349.37
1785078884.957582,100.0,10127.0,345.43
1785078886.0160146,100.0,10127.0,349.33
1785078887.053743,100.0,10127.0,352.96
1785078888.0930336,100.0,10127.0,350.87
1785078889.1294563,100.0,10127.0,343.72
1785078890.1694126,100.0,10127.0,340.71
1785078891.206697,100.0,10127.0,347.55
1785078892.244401,100.0,10127.0,349.3
1785078893.2814262,100.0,10127.0,346.31
1785078894.321923,100.0,10127.0,359.89
1785078895.3612807,71.0,10127.0,298.15
1785078896.400409,100.0,40759.0,233.68
1785078897.4582744,100.0,40759.0,287.09
1785078898.4973073,100.0,33545.0,249.13
1785078899.5545974,100.0,33545.0,271.58
1785078900.5921726,43.0,1829.0,103.59
1785078901.6296237,100.0,6159.0,164.2
1785078902.6702707,100.0,6159.0,346.33
1785078903.712901,100.0,7851.0,220.31
1785078904.7523108,42.0,3959.0,120.23
1785078905.7899277,100.0,9481.0,303.88
1785078906.829641,100.0,10127.0,350.82
1785078907.870048,100.0,10127.0,343.49
1785078908.909465,100.0,10127.0,338.3
1785078909.9511237,100.0,10127.0,351.29
1785078910.9894588,100.0,10127.0,344.77
1785078912.0295877,100.0,10127.0,347.53
1785078913.069623,100.0,10127.0,351.51
1785078914.1098225,100.0,10127.0,344.65
1785078915.1532962,100.0,10127.0,342.06
1785078916.193394,100.0,10127.0,345.17
1785078917.233571,100.0,10127.0,352.8
1785078918.2722223,95.0,599.0,233.16
1785078919.3086894,100.0,40759.0,271.38
1785078920.3749123,100.0,33545.0,265.19
1785078921.4180572,100.0,33545.0,270.73
1785078922.4566221,0.0,475.0,243.37
1785078923.4923272,61.0,1007.0,109.59
1785078924.5289385,100.0,8351.0,222.01
1785078925.5692685,100.0,9481.0,350.38
1785078926.6092954,100.0,10127.0,349.52
1785078927.6679637,100.0,10127.0,345.79
1785078928.7059247,100.0,10127.0,353.75
1785078929.745651,100.0,10127.0,350.21
1785078930.785047,100.0,10127.0,339.61
1785078931.8216972,100.0,10127.0,343.58
1785078932.8809702,100.0,10127.0,348.87
1785078933.9376237,100.0,10127.0,341.46
1785078934.9779596,100.0,10127.0,356.09
1785078936.017417,100.0,10127.0,350.19
1785078937.0611532,68.0,10127.0,294.87
1785078938.1004407,100.0,40759.0,233.26
1785078939.1398191,100.0,40759.0,286.89
1785078940.1776001,100.0,33545.0,248.47
1785078941.2160754,100.0,33545.0,270.52
1785078942.2751172,44.0,2059.0,105.99
1785078943.3129961,100.0,8031.0,165.76
1785078944.3529665,100.0,9481.0,351.89
1785078945.3941774,100.0,10127.0,349.09
1785078946.4336832,100.0,10127.0,353.9
1785078947.4739091,100.0,10127.0,346.65
1785078948.5143592,100.0,10127.0,339.04
1785078949.5535643,100.0,10127.0,343.67
1785078950.5903916,100.0,10127.0,349.43
1785078951.6485143,100.0,10127.0,346.62
1785078952.6854987,100.0,10127.0,354.31
1785078953.7256322,100.0,10127.0,352.49
1785078954.7653325,100.0,10127.0,343.45
1785078955.80175,100.0,10127.0,342.97
1785078956.8421278,100.0,40759.0,189.02
1785078957.9060135,100.0,40759.0,299.2
1785078958.9480283,100.0,33545.0,250.39
1785078959.9902472,100.0,33545.0,281.81
1785078961.0288205,100.0,761.0,172.8
1785078962.069702,51.0,8031.0,118.24
1785078963.129598,100.0,9481.0,336.88
1785078964.1692808,100.0,10127.0,349.61
1785078965.2101202,100.0,10127.0,341.57
1785078966.2499397,100.0,10127.0,346.05
1785078967.3122702,100.0,10127.0,347.05
1785078968.349015,100.0,10127.0,345.79
1785078969.394001,100.0,10127.0,345.24
1785078970.452741,100.0,10127.0,350.73
1785078971.5084748,100.0,10127.0,343.92
1785078972.546026,100.0,10127.0,352.62
1785078973.6062224,100.0,10127.0,345.41
1785078974.6460173,100.0,10127.0,352.43
1785078975.683707,100.0,40759.0,216.29
1785078976.7249186,100.0,40759.0,296.61
1785078977.7691407,100.0,33545.0,249.77
1785078978.8091905,100.0,33545.0,268.36
1785078979.848002,100.0,515.0,203.52
1785078980.884347,42.0,3859.0,101.33
1785078981.9216943,100.0,9481.0,283.09
1785078983.000325,100.0,10127.0,345.51
1785078984.0569017,100.0,10127.0,348.39
1785078985.0937974,100.0,10127.0,346.52
1785078986.1333346,100.0,10127.0,348.18
1785078987.1724875,100.0,10127.0,350.47
1785078988.2096822,100.0,10127.0,347.76
1785078989.2455964,100.0,10127.0,340.27
1785078990.2854984,100.0,10127.0,344.23
1785078991.3292286,100.0,10127.0,347.23
1785078992.3697734,100.0,10127.0,345.94
1785078993.4094923,100.0,10127.0,348.56
1785078994.4496822,97.0,40759.0,239.76
1785078995.4884665,100.0,40759.0,292.3
1785078996.5439887,100.0,33545.0,253.96
1785078997.5864933,100.0,33545.0,269.05
1785078998.6243079,13.0,547.0,218.02
1785078999.6602716,41.0,1361.0,105.53
1785079000.6972709,100.0,6159.0,237.16
1785079001.7411234,100.0,6159.0,350.34
1785079002.780163,100.0,551.0,163.3
1785079003.8171782,51.0,6159.0,111.29
1785079004.8531373,100.0,6159.0,348.92
1785079005.893415,76.0,7851.0,228.57
1785079006.9322987,58.0,887.0,151.12
1785079007.9693358,100.0,6159.0,237.04
1785079009.0090213,100.0,6159.0,348.12
1785079010.051845,100.0,511.0,158.81
1785079011.0893033,40.0,5971.0,95.69
1785079012.1294978,100.0,6159.0,332.26
1785079013.164606,75.0,7851.0,245.02
1785079014.2002056,45.0,413.0,158.85
1785079015.2565446,100.0,6159.0,232.81
1785079016.2935667,100.0,6159.0,347.86
1785079017.332019,39.0,471.0,166.58
1785079018.3691936,54.0,5971.0,113.15
1785079019.409547,100.0,6159.0,345.44
1785079020.4491184,74.0,7851.0,230.33
1785079021.4881954,66.0,1061.0,157.09
1785079022.5295358,100.0,6159.0,219.41
1785079023.5921574,92.0,6159.0,330.91
1785079024.6281683,94.0,631.0,167.53
1785079025.7038534,81.0,6159.0,121.15
1785079026.7412777,100.0,6159.0,351.03
1785079027.7838528,100.0,7851.0,231.5
1785079028.8244467,67.0,1323.0,132.71
1785079029.8628738,100.0,7521.0,232.12
1785079030.901383,100.0,7847.0,352.16
1785079031.9416857,100.0,7847.0,350.28
1785079032.9821675,100.0,7847.0,346.71
1785079034.0216563,100.0,7847.0,351.88
1785079035.0612884,100.0,7847.0,345.29
1785079036.0957253,76.0,24875.0,228.68
1785079037.1357796,100.0,24875.0,288.18
1785079038.1717942,100.0,591.0,220.43
1785079039.2084007,42.0,3935.0,100.27
1785079040.2452455,100.0,7521.0,309.54
1785079041.284683,100.0,7847.0,348.16
1785079042.3218312,100.0,7847.0,347.85
1785079043.3619394,100.0,7847.0,351.27
1785079044.401589,100.0,7847.0,343.62
1785079045.4416711,100.0,7847.0,349.53
1785079046.485325,100.0,24877.0,214.74
1785079047.5294456,100.0,24877.0,292.1
1785079048.56827,100.0,597.0,170.26
1785079049.6096585,55.0,6789.0,123.56
1785079050.6498802,100.0,7847.0,350.83
1785079051.689618,100.0,7847.0,346.73
1785079052.729635,100.0,7847.0,348.54
1785079053.7702518,100.0,7847.0,348.98
1785079054.8094382,100.0,7847.0,354.67
1785079055.8495963,79.0,7847.0,317.85
1785079056.8889956,100.0,24877.0,207.98
1785079057.931088,100.0,24877.0,284.93
1785079058.9679072,30.0,1835.0,138.55
1785079060.0243378,100.0,6159.0,191.21
1785079061.0612311,100.0,6159.0,353.07
1785079062.0957348,100.0,7851.0,205.56
1785079063.1324692,43.0,4121.0,95.85
1785079064.1691446,100.0,7521.0,305.92
1785079065.2051194,100.0,7847.0,346.02
1785079066.2451653,100.0,7847.0,349.84
1785079067.2857764,100.0,7847.0,352.34
1785079068.326667,100.0,7847.0,347.23
1785079069.3655262,100.0,7847.0,349.52
1785079070.404599,100.0,24875.0,212.0
1785079071.4454699,100.0,24875.0,284.75
1785079072.4991765,100.0,761.0,177.57
1785079073.5371535,100.0,8031.0,155.16
1785079074.5801141,100.0,9481.0,352.33
1785079075.6172805,100.0,10127.0,347.6
1785079076.6566272,100.0,10127.0,347.15
1785079077.6937268,100.0,10127.0,349.12
1785079078.7334785,100.0,10127.0,346.67
1785079079.7695327,100.0,10127.0,341.41
1785079080.8056538,100.0,10127.0,347.23
1785079081.8417597,100.0,10127.0,349.38
1785079082.8814135,100.0,10127.0,350.6
1785079083.9211764,100.0,10127.0,349.92
1785079084.963168,100.0,10127.0,348.63
1785079086.002136,100.0,10127.0,344.69
1785079087.0399296,100.0,40759.0,201.04
1785079088.0789366,100.0,40759.0,296.7
1785079089.1205206,100.0,33545.0,267.75
1785079090.1611118,100.0,33545.0,268.33
1785079091.1997952,100.0,513.0,192.6
1785079092.240265,43.0,4577.0,100.4
1785079093.2773297,100.0,6159.0,307.18
1785079094.3166378,67.0,3861.0,280.72
1785079095.3522253,28.0,1835.0,152.9
1785079096.3892388,100.0,6159.0,167.81
1785079097.4295316,100.0,6159.0,346.41
1785079098.4706185,100.0,7851.0,217.57
1785079099.5121818,42.0,3373.0,116.98
1785079100.5686567,100.0,6159.0,285.97
1785079101.6056101,68.0,6159.0,298.54
1785079102.6440768,41.0,1833.0,153.76
1785079103.700338,100.0,6161.0,173.58
1785079104.7564292,100.0,6161.0,347.14
1785079105.7917295,100.0,7851.0,225.07
1785079106.8282843,42.0,3765.0,98.35
1785079107.8693707,100.0,9481.0,286.69
1785079108.9370859,100.0,10127.0,347.7
1785079109.977178,100.0,10127.0,341.81
1785079111.017563,100.0,10127.0,353.15
1785079112.0566108,100.0,10127.0,348.9
1785079113.093418,100.0,10127.0,353.11
1785079114.1337447,100.0,10127.0,344.24
1785079115.1738832,100.0,10127.0,344.99
1785079116.2137277,100.0,10127.0,345.76
1785079117.2565355,100.0,10127.0,344.57
1785079118.29455,100.0,10127.0,349.93
1785079119.3341122,100.0,10127.0,352.04
1785079120.3777385,98.0,6941.0,234.77
1785079121.4166791,100.0,40759.0,292.59
1785079122.476558,100.0,33545.0,254.59
1785079123.5199878,100.0,33545.0,272.98
1785079124.5563262,36.0,549.0,225.89
1785079125.5923228,49.0,1949.0,103.87
1785079126.6485105,100.0,6159.0,260.07
1785079127.686554,78.0,6159.0,318.68
1785079128.725027,37.0,679.0,154.48
1785079129.7615814,82.0,6265.0,128.21
1785079130.8015552,100.0,6721.0,356.25
1785079131.8416271,100.0,6721.0,348.65
1785079132.8809757,71.0,6721.0,322.99
1785079133.925381,100.0,12843.0,208.44
1785079134.964271,46.0,435.0,159.29
1785079136.001924,100.0,8351.0,207.46
1785079137.04545,100.0,9481.0,339.79
1785079138.0848093,100.0,10127.0,347.68
1785079139.12187,100.0,10127.0,350.61
1785079140.161379,100.0,10127.0,349.59
1785079141.2018588,100.0,10127.0,343.64
1785079142.241799,100.0,10127.0,345.54
1785079143.2814124,100.0,10127.0,347.32
1785079144.322948,100.0,10127.0,346.33
1785079145.36211,100.0,10127.0,347.45
1785079146.4200172,100.0,10127.0,352.38
1785079147.4577966,100.0,10127.0,344.99
1785079148.5015836,72.0,10127.0,296.29
1785079149.540623,100.0,40759.0,220.66
1785079150.576774,100.0,40759.0,302.99
1785079151.6178315,100.0,33545.0,231.89
1785079152.6818633,100.0,33545.0,289.32
1785079153.7392194,57.0,1947.0,121.49
1785079154.7773135,100.0,6159.0,143.38
1785079155.8173304,100.0,6159.0,349.51
1785079156.8587384,100.0,7851.0,230.83
1785079157.8963757,43.0,2853.0,132.77
1785079158.9372272,100.0,6159.0,281.34
1785079159.977323,72.0,6159.0,302.14
1785079161.0437326,41.0,1961.0,162.14
1785079162.0814335,100.0,8031.0,144.19
1785079163.1286712,100.0,9481.0,349.91
1785079164.165618,100.0,10127.0,342.17
1785079165.2057343,100.0,10127.0,348.66
1785079166.2456658,100.0,10127.0,346.42
1785079167.285328,100.0,10127.0,346.19
1785079168.3248,100.0,10127.0,347.56
1785079169.3616385,100.0,10127.0,351.79
1785079170.4013627,100.0,10127.0,352.49
1785079171.4420643,100.0,10127.0,344.65
1785079172.4809272,100.0,10127.0,345.96
1785079173.5214086,100.0,10127.0,343.75
1785079174.5621583,100.0,10127.0,349.37
1785079175.6230876,100.0,40759.0,204.21
1785079176.679813,100.0,40759.0,296.19
1785079177.7200122,100.0,33545.0,241.7
1785079178.7622285,100.0,33545.0,265.91
1785079179.799893,100.0,711.0,145.37
1785079180.855196,41.0,5403.0,99.01
1785079181.8933008,100.0,6159.0,352.61
1785079182.936228,95.0,729.0,234.58
1785079183.971871,34.0,413.0,161.04
1785079185.009523,100.0,6159.0,212.13
1785079186.049685,100.0,6159.0,349.07
1785079187.0896027,53.0,471.0,200.9
1785079188.1515548,42.0,5547.0,102.85
1785079189.1899958,100.0,9481.0,327.41
1785079190.2295785,100.0,10127.0,347.09
1785079191.2690573,100.0,10127.0,349.04
1785079192.3057563,100.0,10127.0,346.59
1785079193.3458269,100.0,10127.0,338.34
1785079194.4039307,100.0,10127.0,349.48
1785079195.4417114,100.0,10127.0,344.44
1785079196.4822,100.0,10127.0,344.51
1785079197.5218465,100.0,10127.0,352.99
1785079198.561627,100.0,10127.0,346.13
1785079199.6004395,100.0,10127.0,343.6
1785079200.637727,100.0,10127.0,344.22
1785079201.6764622,84.0,40759.0,195.3
1785079202.7195458,100.0,40759.0,292.43
1785079203.756974,100.0,33545.0,261.89
1785079204.7971783,100.0,33545.0,276.12
1785079205.8359027,100.0,609.0,213.82
1785079206.8913906,42.0,2499.0,101.59
1785079207.948139,100.0,9481.0,262.91
1785079208.9857376,100.0,9481.0,346.34
1785079210.0253484,100.0,10127.0,336.83
1785079211.0617166,100.0,10127.0,347.23
1785079212.1009603,100.0,10127.0,346.3
1785079213.14185,100.0,10127.0,351.32
1785079214.181141,100.0,10127.0,354.11
1785079215.2219565,100.0,10127.0,344.8
1785079216.2616832,100.0,10127.0,341.81
1785079217.3009586,100.0,10127.0,348.68
1785079218.3375616,100.0,10127.0,351.79
1785079219.4006238,100.0,10127.0,342.54
1785079220.4366975,83.0,4727.0,265.52
1785079221.4765954,100.0,40759.0,252.41
1785079222.634759,100.0,33545.0,248.52
1785079223.6772583,100.0,33545.0,258.42
1785079224.7160287,20.0,475.0,222.26
1785079225.7561042,55.0,747.0,104.03
1785079226.7932823,100.0,6159.0,236.1
1785079227.833194,100.0,6159.0,346.81
1785079228.8719003,40.0,471.0,186.52
1785079229.9121888,41.0,5287.0,97.54
1785079230.9491212,100.0,9481.0,326.51
1785079231.9897065,100.0,10127.0,349.12
1785079233.033587,100.0,10127.0,349.85
1785079234.0731192,100.0,10127.0,345.05
1785079235.1138368,100.0,10127.0,337.34
1785079236.1539679,100.0,10127.0,348.57
1785079237.1935837,100.0,10127.0,345.59
1785079238.2335958,100.0,10127.0,345.74
1785079239.27368,100.0,10127.0,347.64
1785079240.3104668,100.0,10127.0,346.89
1785079241.3512397,100.0,10127.0,345.95
1785079242.3897371,100.0,10127.0,344.42
1785079243.427909,94.0,40759.0,194.95
1785079244.4711819,100.0,40759.0,293.13
1785079245.5087438,100.0,33545.0,262.66
1785079246.5484915,100.0,33545.0,269.46
1785079247.5838091,100.0,569.0,208.03
1785079248.624353,42.0,2073.0,102.87
1785079249.6612825,100.0,9481.0,237.29
1785079250.7014017,100.0,9481.0,340.7
1785079251.7412775,100.0,10127.0,343.83
1785079252.82133,100.0,10127.0,347.79
1785079253.8617961,100.0,10127.0,343.51
1785079254.920466,100.0,10127.0,357.24
1785079255.957823,100.0,10127.0,349.18
1785079256.9974942,100.0,10127.0,345.95
1785079258.0575266,100.0,10127.0,338.85
1785079259.098928,100.0,10127.0,349.49
1785079260.1374733,100.0,10127.0,342.18
1785079261.197241,100.0,10127.0,349.62
1785079262.236213,86.0,537.0,261.58
1785079263.2916768,100.0,40759.0,269.8
1785079264.414857,100.0,33545.0,252.14
1785079265.4574895,100.0,33545.0,260.2
1785079266.492158,29.0,475.0,226.26
1785079267.528037,61.0,643.0,104.64
1785079268.5654092,100.0,7521.0,223.51
1785079269.6244519,100.0,7847.0,350.42
1785079270.6612964,100.0,7847.0,349.84
1785079271.7015204,100.0,7847.0,348.17
1785079272.7417247,100.0,7847.0,346.1
1785079273.7816095,100.0,7847.0,352.38
1785079274.8245876,93.0,24875.0,221.36
1785079275.863613,100.0,24875.0,273.42
1785079276.899777,100.0,531.0,225.43
1785079277.9402392,43.0,3935.0,102.22
1785079278.9774294,100.0,6159.0,327.03
1785079280.0209029,71.0,6159.0,268.54
1785079281.0596392,42.0,1835.0,163.74
1785079282.0972257,100.0,6159.0,187.39
1785079283.1379676,100.0,6159.0,349.44
1785079284.1799586,100.0,7851.0,203.95
1785079285.2165437,43.0,3315.0,117.82
1785079286.257373,100.0,6159.0,273.49
1785079287.2972422,72.0,6159.0,283.39
1785079288.3409092,40.0,2027.0,164.26
1785079289.4043522,100.0,6159.0,190.89
1785079290.4420016,100.0,6159.0,352.63
1785079291.4820192,100.0,7851.0,204.36
1785079292.520466,42.0,4547.0,109.95
1785079293.5574179,100.0,6159.0,306.14
1785079294.5965805,54.0,4541.0,250.58
1785079295.6317806,41.0,1835.0,161.34
1785079296.6731634,100.0,6159.0,189.54
1785079297.713284,100.0,6159.0,345.04
1785079298.7518594,100.0,7851.0,225.76
1785079299.7884429,42.0,4937.0,99.2
1785079300.8249614,100.0,6159.0,315.31
1785079301.8639877,94.0,1067.0,235.77
1785079302.9004867,36.0,1835.0,158.37
1785079303.9375367,100.0,6159.0,189.73
1785079304.9965203,100.0,6159.0,350.13
1785079306.0321717,44.0,471.0,191.31
1785079307.0691965,42.0,5889.0,93.71
1785079308.1283617,100.0,6159.0,329.64
1785079309.163941,75.0,7851.0,236.16
1785079310.2003186,72.0,863.0,155.59
1785079311.237651,100.0,6159.0,211.1
1785079312.277232,100.0,6159.0,348.64
1785079313.3158941,81.0,511.0,178.79
1785079314.35318,40.0,6159.0,117.35
1785079315.3932638,100.0,6159.0,351.45
1785079316.4327557,78.0,7851.0,233.87
1785079317.4873285,53.0,1403.0,151.77
1785079318.5253356,100.0,6159.0,236.34
1785079319.5652616,79.0,6159.0,319.44
1785079320.6045823,100.0,631.0,160.54
1785079321.6601577,100.0,6159.0,136.74
1785079322.6974561,100.0,6159.0,348.08
1785079323.7365935,76.0,7851.0,224.13
1785079324.791423,43.0,2089.0,146.99
1785079325.8293345,100.0,6159.0,242.8
1785079326.8960845,72.0,6159.0,299.6
1785079327.9592934,43.0,1387.0,160.45
1785079328.9976115,100.0,6159.0,142.49
1785079330.056419,100.0,6159.0,346.58
1785079331.0927234,100.0,7851.0,218.17
1785079332.1325028,42.0,2841.0,139.82
1785079333.1688266,100.0,7521.0,282.72
1785079334.2054567,100.0,7847.0,347.4
1785079335.2457826,100.0,7847.0,345.95
1785079336.2896159,100.0,7847.0,352.15
1785079337.3301823,100.0,7847.0,349.68
1785079338.392461,100.0,7847.0,351.57
1785079339.4286485,100.0,24877.0,215.63
1785079340.4707978,100.0,24877.0,281.16
1785079341.5118709,100.0,535.0,199.66
1785079342.5490448,61.0,6787.0,116.57
1785079343.5896034,100.0,7847.0,349.95
1785079344.6258473,100.0,7847.0,344.53
1785079345.6653183,100.0,7847.0,349.85
1785079346.7055495,100.0,7847.0,345.0
1785079347.741548,100.0,7847.0,349.59
1785079348.7806835,100.0,7847.0,346.91
1785079349.8165507,100.0,24875.0,209.65
1785079350.8761992,100.0,24875.0,282.08
1785079351.9312077,41.0,2057.0,136.67
1785079352.9695609,100.0,7521.0,178.53
1785079354.009894,100.0,7847.0,346.68
1785079355.053767,100.0,7847.0,349.01
1785079356.0893998,100.0,7847.0,346.7
1785079357.1293166,100.0,7847.0,352.34
1785079358.165831,100.0,7847.0,346.32
1785079359.2055097,67.0,7847.0,282.2
1785079360.250038,100.0,24877.0,249.96
1785079361.310722,98.0,24877.0,274.92
1785079362.3711724,41.0,1809.0,102.34
1785079363.409856,100.0,7521.0,234.16
1785079364.4499562,100.0,7847.0,354.49
1785079365.489731,100.0,7847.0,348.75
1785079366.5297732,100.0,7847.0,345.52
1785079367.5698316,100.0,7847.0,351.19
1785079368.609355,100.0,7847.0,346.02
1785079369.6480145,100.0,24877.0,219.64
1785079370.6876004,100.0,24877.0,282.61
1785079371.7243826,100.0,649.0,217.15
1785079372.764384,43.0,4769.0,100.57
1785079373.805103,100.0,7847.0,303.84
1785079374.8490934,100.0,7847.0,352.12
1785079375.8936234,100.0,7847.0,347.45
1785079376.9564629,100.0,7847.0,352.81
1785079377.9973867,100.0,7847.0,349.67
1785079379.0371716,100.0,7847.0,345.8
1785079380.078259,100.0,24875.0,214.0
1785079381.1181588,100.0,24875.0,283.61
1785079382.1561985,52.0,1777.0,163.64
1785079383.19318,100.0,6161.0,158.75
1785079384.2332299,100.0,6161.0,348.54
1785079385.2736535,100.0,7851.0,220.17
1785079386.312283,43.0,3481.0,132.07
1785079387.3685322,100.0,6159.0,291.29
1785079388.4056835,71.0,6159.0,283.68
1785079389.4444847,46.0,1835.0,159.41
1785079390.4816084,100.0,6159.0,167.32
1785079391.5210016,100.0,6159.0,349.92
1785079392.5828009,100.0,7851.0,208.72
1785079393.6433535,44.0,4583.0,96.06
1785079394.6815672,100.0,6159.0,307.33
1785079395.7205138,71.0,3781.0,276.08
1785079396.7563894,27.0,1835.0,153.53
1785079397.81238,100.0,6159.0,184.73
1785079398.849128,100.0,6159.0,349.19
1785079399.8876452,100.0,7851.0,203.64
1785079400.9241998,43.0,4577.0,111.57
1785079401.9611108,100.0,6159.0,309.63
1785079403.0001042,72.0,2923.0,269.42
1785079404.0368576,35.0,1835.0,160.38
1785079405.0740414,100.0,6159.0,186.97
1785079406.113537,100.0,6159.0,350.15
1785079407.1486948,50.0,7671.0,198.1
1785079408.1845138,44.0,4983.0,95.54
1785079409.2214959,100.0,6159.0,307.99
1785079410.2599936,80.0,1067.0,255.06
1785079411.3228872,32.0,1297.0,152.49
1785079412.3616507,100.0,7521.0,212.61
1785079413.4018214,100.0,7847.0,352.91
1785079414.4417367,100.0,7847.0,345.58
1785079415.4812794,100.0,7847.0,354.59
1785079416.521321,100.0,7847.0,347.03
1785079417.5609934,100.0,7847.0,347.45
1785079418.6042519,93.0,583.0,252.17
1785079419.640963,100.0,24877.0,280.54
1785079420.6949732,55.0,489.0,237.07
1785079421.7362766,43.0,3479.0,100.18
1785079422.773427,100.0,6159.0,281.1
1785079423.832408,71.0,6159.0,275.23
1785079424.8719716,42.0,1835.0,155.55
1785079425.9097006,100.0,6159.0,164.51
1785079426.9490561,100.0,6159.0,351.48
1785079427.9911084,100.0,7851.0,214.88
1785079429.0284748,42.0,4079.0,107.91
1785079430.0654023,100.0,9481.0,302.87
1785079431.1054604,100.0,10127.0,341.92
1785079432.1449914,100.0,10127.0,347.12
1785079433.1856322,100.0,10127.0,345.19
1785079434.2265317,100.0,10127.0,345.35
1785079435.2647617,100.0,10127.0,347.1
1785079436.3011749,100.0,10127.0,343.58
1785079437.340981,100.0,10127.0,351.36
1785079438.3813217,100.0,10127.0,345.77
1785079439.4224198,100.0,10127.0,340.27
1785079440.4634907,100.0,10127.0,337.63
1785079441.5014958,100.0,10127.0,344.42
1785079442.5410066,81.0,40759.0,211.12
1785079443.5847423,100.0,40759.0,273.2
1785079444.639917,100.0,33545.0,252.88
1785079445.679449,100.0,33545.0,255.06
1785079446.7162228,91.0,547.0,222.19
1785079447.7562828,53.0,1501.0,106.82
1785079448.7932198,100.0,6159.0,238.03
1785079449.8334894,80.0,6159.0,321.2
1785079450.8908918,100.0,653.0,163.12
1785079451.9299772,100.0,6787.0,128.69
1785079452.96901,100.0,7847.0,350.3
1785079454.0097775,100.0,7847.0,350.24
1785079455.0497117,100.0,7847.0,345.29
1785079456.0893784,100.0,7847.0,347.29
1785079457.129747,100.0,7847.0,349.96
1785079458.1695864,85.0,7847.0,324.62
1785079459.2098465,100.0,24875.0,211.93
1785079460.2524543,100.0,24875.0,267.06
1785079461.2885485,42.0,1835.0,152.21
1785079462.3256173,100.0,6161.0,191.3
1785079463.3652546,100.0,6161.0,348.52
1785079464.4037743,100.0,7851.0,225.23
1785079465.444447,43.0,4455.0,102.04
1785079466.4813342,100.0,7847.0,304.44
1785079467.5212507,100.0,7847.0,345.31
1785079468.5609372,100.0,7847.0,352.46
1785079469.6015737,100.0,7847.0,351.01
1785079470.6411815,100.0,7847.0,349.25
1785079471.6999483,100.0,7847.0,352.2
1785079472.7398956,100.0,24877.0,203.19
1785079473.782295,100.0,24877.0,279.27
1785079474.8239691,93.0,977.0,166.76
1785079475.8611162,100.0,6161.0,145.98
1785079476.9013944,100.0,6161.0,351.27
1785079477.942673,100.0,7851.0,220.5
1785079478.9842572,43.0,3413.0,128.44
1785079480.0212944,100.0,6159.0,284.32
1785079481.1003737,72.0,6159.0,288.84
1785079482.1363935,34.0,1833.0,156.91
1785079483.1923409,100.0,6161.0,188.58
1785079484.2336097,100.0,6161.0,349.83
1785079485.2909615,97.0,5551.0,207.18
1785079486.3295448,44.0,6165.0,95.71
1785079487.3699298,100.0,6721.0,330.11
1785079488.4100864,100.0,6721.0,348.83
1785079489.4491835,90.0,6721.0,327.55
1785079490.498451,100.0,12843.0,199.0
1785079491.535698,54.0,523.0,153.38
1785079492.5731924,100.0,6159.0,208.3
1785079493.6320488,100.0,6159.0,348.21
1785079494.6679635,40.0,471.0,182.76
1785079495.7044277,41.0,5243.0,94.99
1785079496.741324,100.0,7847.0,329.85
1785079497.7817872,100.0,7847.0,347.81
1785079498.8223436,100.0,7847.0,347.32
1785079499.861636,100.0,7847.0,352.31
1785079500.9016883,100.0,7847.0,343.35
1785079501.942817,100.0,7847.0,353.11
1785079502.9805682,100.0,24877.0,203.81
1785079504.0194724,100.0,24877.0,272.13
1785079505.060411,58.0,1841.0,164.75
1785079506.097174,100.0,6555.0,189.94
1785079507.1374352,100.0,6721.0,349.23
1785079508.1730268,100.0,6721.0,350.82
1785079509.212805,87.0,2895.0,255.87
1785079510.2518477,100.0,12843.0,238.14
1785079511.2925327,43.0,3675.0,96.98
1785079512.3291516,100.0,6159.0,294.61
1785079513.3701253,72.0,6159.0,282.58
1785079514.4078496,38.0,1883.0,161.15
1785079515.445478,100.0,7521.0,187.98
1785079516.4855435,100.0,7847.0,350.89
1785079517.5265632,100.0,7847.0,347.91
1785079518.565765,100.0,7847.0,352.74
1785079519.6247327,100.0,7847.0,346.0
1785079520.662696,100.0,7847.0,350.48
1785079521.7005203,87.0,4271.0,255.29
1785079522.738932,100.0,24877.0,246.77
1785079523.7773345,40.0,16837.0,257.22
1785079524.8164124,43.0,3155.0,102.15
1785079525.8534167,100.0,6721.0,284.21
1785079526.8931336,100.0,6721.0,348.33
1785079527.9332135,100.0,6721.0,351.14
1785079528.9734576,100.0,12843.0,218.66
1785079530.0123572,36.0,1141.0,197.1
1785079531.0495026,100.0,6159.0,144.81
1785079532.0894496,100.0,6159.0,349.92
1785079533.1306639,100.0,7851.0,223.35
1785079534.1683633,41.0,2219.0,146.49
1785079535.2049887,100.0,9481.0,260.43
1785079536.2649224,100.0,9481.0,345.96
1785079537.3055441,100.0,10127.0,340.11
1785079538.3453894,100.0,10127.0,345.22
1785079539.4058595,100.0,10127.0,347.94
1785079540.441448,100.0,10127.0,357.22
1785079541.4777431,100.0,10127.0,350.4
1785079542.5174077,100.0,10127.0,343.07
1785079543.5580165,100.0,10127.0,342.7
1785079544.617249,100.0,10127.0,351.46
1785079545.6577528,100.0,10127.0,343.45
1785079546.6973693,100.0,10127.0,352.88
1785079547.7360482,91.0,523.0,255.79
1785079548.7752893,100.0,40759.0,258.89
1785079549.903025,100.0,33545.0,250.72
1785079550.9457605,100.0,33545.0,266.39
1785079551.980148,0.0,475.0,225.4
1785079553.0392382,71.0,1027.0,103.29
1785079554.081682,100.0,6159.0,235.6
1785079555.1400025,100.0,6159.0,348.99
1785079556.1767478,87.0,631.0,179.15
1785079557.2133405,92.0,6159.0,119.49
1785079558.2535894,100.0,6159.0,350.82
1785079559.2930472,99.0,7851.0,225.96
1785079560.336527,42.0,2255.0,157.72
1785079561.373352,100.0,7521.0,237.46
1785079562.4132128,100.0,7847.0,348.97
1785079563.4531362,100.0,7847.0,353.33
1785079564.4893277,100.0,7847.0,345.58
1785079565.5263057,100.0,7847.0,354.46
1785079566.5652719,100.0,7847.0,349.64
1785079567.6040857,100.0,24877.0,204.8
1785079568.6657238,100.0,24877.0,284.31
1785079569.7268927,100.0,515.0,212.46
1785079570.7683434,43.0,5283.0,101.17
1785079571.8097057,100.0,7847.0,327.2
1785079572.8494549,100.0,7847.0,351.88
1785079573.8911211,100.0,7847.0,344.5
1785079574.9487262,100.0,7847.0,349.83
1785079575.9853997,100.0,7847.0,345.92
1785079577.0263045,100.0,7847.0,346.25
1785079578.0644946,100.0,24877.0,200.35
1785079579.1009583,100.0,24877.0,272.46
1785079580.1407814,70.0,1869.0,170.09
1785079581.17671,100.0,6949.0,166.1
1785079582.2131991,100.0,7847.0,351.68
1785079583.2526405,100.0,7847.0,349.06
1785079584.2896464,100.0,7847.0,346.09
1785079585.3291464,100.0,7847.0,349.07
1785079586.3690534,100.0,7847.0,349.08
1785079587.4092772,71.0,7847.0,293.95
1785079588.4487617,100.0,24877.0,227.72
1785079589.4843118,100.0,24877.0,267.03
1785079590.5202556,47.0,1703.0,115.69
1785079591.5579746,100.0,7521.0,239.58
1785079592.5974386,100.0,7847.0,349.97
1785079593.6379826,100.0,7847.0,343.48
1785079594.6970198,100.0,7847.0,353.78
1785079595.737421,100.0,7847.0,349.65
1785079596.7779515,100.0,7847.0,347.11
1785079597.8348742,93.0,24877.0,220.33
1785079598.8780727,100.0,24877.0,289.23
1785079599.9380033,100.0,663.0,207.51
1785079600.9763718,42.0,4827.0,121.8
1785079602.0125692,100.0,9481.0,323.37
1785079603.0493765,100.0,10127.0,347.1
1785079604.0894308,100.0,10127.0,350.46
1785079605.1297212,100.0,10127.0,351.26
1785079606.1710894,100.0,10127.0,344.53
1785079607.2099488,100.0,10127.0,340.27
1785079608.249583,100.0,10127.0,343.1
1785079609.289646,100.0,10127.0,348.36
1785079610.3292902,100.0,10127.0,344.98
1785079611.3742576,100.0,10127.0,349.81
1785079612.414339,100.0,10127.0,350.4
1785079613.454011,100.0,10127.0,347.8
1785079614.4917393,87.0,40759.0,195.14
1785079615.534297,100.0,40759.0,290.78
1785079616.5724025,100.0,33545.0,267.93
1785079617.6142895,100.0,33545.0,276.2
1785079618.651646,78.0,547.0,231.98
1785079619.7151582,43.0,2213.0,102.71
1785079620.7569792,100.0,6159.0,245.3
1785079621.7931478,70.0,6159.0,308.53
1785079622.8319292,62.0,829.0,159.56
1785079623.8695335,100.0,6787.0,142.3
1785079624.909568,100.0,7847.0,349.89
1785079625.949458,100.0,7847.0,346.02
1785079626.9894009,100.0,7847.0,355.82
1785079628.0297248,100.0,7847.0,346.98
1785079629.0697021,100.0,7847.0,349.58
1785079630.1089451,75.0,7847.0,315.03
1785079631.1637323,100.0,24875.0,221.64
1785079632.201908,100.0,24875.0,279.06
1785079633.2446973,32.0,1835.0,131.97
1785079634.2812989,100.0,6161.0,208.48
1785079635.3209925,100.0,6161.0,347.46
1785079636.360481,46.0,7851.0,190.14
1785079637.396206,42.0,4215.0,103.7
1785079638.4327917,100.0,7521.0,298.08
1785079639.4688497,100.0,7847.0,347.04
1785079640.5051334,100.0,7847.0,350.03
1785079641.5455668,100.0,7847.0,343.79
1785079642.6084611,100.0,7847.0,353.18
1785079643.6448588,100.0,7847.0,348.17
1785079644.6839988,100.0,24877.0,209.26
1785079645.7255106,100.0,24877.0,280.05
1785079646.7834723,100.0,759.0,168.03
1785079647.821689,87.0,6159.0,120.48
1785079648.861429,100.0,6159.0,354.32
1785079649.9023805,100.0,7851.0,236.21
1785079650.9406128,43.0,2515.0,142.07
1785079651.977362,100.0,7521.0,262.01
1785079653.017025,100.0,7847.0,349.86
1785079654.056877,100.0,7847.0,350.21
1785079655.092962,100.0,7847.0,347.21
1785079656.1305323,100.0,7847.0,351.81
1785079657.1693556,100.0,7847.0,343.55
1785079658.2088046,100.0,24877.0,219.97
1785079659.2448194,100.0,24877.0,290.38
1785079660.2796009,100.0,515.0,204.81
1785079661.3210447,40.0,6165.0,98.55
1785079662.361463,100.0,6721.0,355.77
1785079663.3974667,100.0,6721.0,344.76
1785079664.4372537,100.0,6721.0,348.34
1785079665.476565,100.0,12843.0,206.44
1785079666.5117779,35.0,1219.0,153.36
1785079667.5491483,100.0,6161.0,212.04
1785079668.6080077,100.0,6161.0,348.12
1785079669.6628292,79.0,471.0,180.29
1785079670.7052128,42.0,5891.0,97.36
1785079671.741279,100.0,6161.0,328.64
1785079672.775951,81.0,7851.0,234.26
1785079673.8122559,66.0,1309.0,157.31
1785079674.8497949,100.0,6721.0,238.11
1785079675.8894098,100.0,6721.0,350.72
1785079676.929341,100.0,6721.0,350.89
1785079678.0077004,100.0,12843.0,210.61
1785079679.0438542,100.0,591.0,222.23
1785079680.0814636,64.0,6075.0,118.71
1785079681.1212444,100.0,6161.0,350.49
1785079682.1612635,76.0,7851.0,227.43
1785079683.196277,62.0,1309.0,158.75
1785079684.2331276,100.0,6161.0,227.57
1785079685.2700977,87.0,6161.0,327.79
1785079686.308115,95.0,571.0,166.04
1785079687.345368,100.0,6789.0,138.27
1785079688.3855803,100.0,7847.0,354.28
1785079689.4247541,100.0,7847.0,345.95
1785079690.4615252,100.0,7847.0,355.63
1785079691.4984972,100.0,7847.0,347.46
1785079692.5564542,100.0,7847.0,351.67
1785079693.5931354,72.0,7847.0,319.97
1785079694.6326582,100.0,24877.0,199.31
1785079695.6694624,100.0,24877.0,277.06
1785079696.7086864,32.0,1885.0,129.7
1785079697.7447107,100.0,7521.0,213.72
1785079698.7813916,100.0,7847.0,351.55
1785079699.822102,100.0,7847.0,344.29
1785079700.8611038,100.0,7847.0,353.44
1785079701.8974566,100.0,7847.0,352.12
1785079702.9379287,100.0,7847.0,346.47
1785079703.976124,94.0,459.0,246.26
1785079705.012741,100.0,24877.0,255.26
1785079706.067074,82.0,489.0,235.64
1785079707.1083179,43.0,3261.0,102.55
1785079708.145687,100.0,7521.0,281.36
1785079709.187059,100.0,7847.0,350.99
1785079710.225616,100.0,7847.0,350.48
1785079711.2650201,100.0,7847.0,348.05
1785079712.3028982,100.0,7847.0,350.36
1785079713.3415482,100.0,7847.0,347.2
1785079714.3775096,100.0,24877.0,222.59
1785079715.4169414,100.0,24877.0,280.3
1785079716.4516811,100.0,567.0,190.06
1785079717.4892108,46.0,6073.0,100.48
1785079718.5293622,100.0,6159.0,351.88
1785079719.5705347,76.0,7851.0,230.98
1785079720.612336,59.0,1669.0,159.3
1785079721.6499817,100.0,6721.0,251.72
1785079722.6895185,100.0,6721.0,349.45
1785079723.7298732,100.0,6721.0,348.61
1785079724.789375,100.0,12843.0,218.34
1785079725.8278,100.0,633.0,221.86
1785079726.865626,78.0,6165.0,126.14
1785079727.9056563,100.0,6721.0,354.13
1785079728.9457119,100.0,6721.0,349.65
1785079729.9852498,75.0,6721.0,320.58
1785079731.0298574,100.0,12843.0,212.76
1785079732.0682592,68.0,947.0,151.57
1785079733.124193,100.0,6159.0,239.09
1785079734.1612587,98.0,6159.0,346.08
1785079735.1999316,49.0,491.0,175.48
1785079736.2385485,69.0,5971.0,119.24
1785079737.2963305,100.0,6159.0,350.98
1785079738.332629,92.0,7851.0,235.67
1785079739.3686914,43.0,2039.0,156.8
1785079740.406864,100.0,7521.0,235.91
1785079741.4454362,100.0,7847.0,349.53
1785079742.4853132,100.0,7847.0,348.99
1785079743.5224764,100.0,7847.0,344.27
1785079744.5801182,100.0,7847.0,349.78
1785079745.6174984,100.0,7847.0,344.54
1785079746.6560795,100.0,24877.0,204.71
1785079747.69556,100.0,24877.0,288.11
1785079748.7325418,100.0,651.0,207.55
1785079749.7722447,42.0,4585.0,99.89
1785079750.8100328,100.0,7847.0,305.52
1785079751.8499482,100.0,7847.0,348.16
1785079752.89023,100.0,7847.0,354.44
1785079753.92951,100.0,7847.0,349.9
1785079754.9695852,100.0,7847.0,348.46
1785079756.0090396,100.0,7847.0,352.42
1785079757.0504763,100.0,24875.0,200.8
1785079758.0954468,100.0,24875.0,291.95
1785079759.1321728,99.0,843.0,166.24
1785079760.1884925,100.0,6789.0,139.71
1785079761.2473135,100.0,7847.0,344.45
1785079762.2856553,100.0,7847.0,346.42
1785079763.3250058,100.0,7847.0,353.27
1785079764.36577,100.0,7847.0,346.6
1785079765.4058554,100.0,7847.0,353.7
1785079766.4642282,72.0,7847.0,298.46
1785079767.5067732,100.0,24877.0,226.76
1785079768.553613,100.0,24877.0,265.83
1785079769.5923254,70.0,1263.0,121.15
1785079770.6298447,100.0,6721.0,238.65
1785079771.6697984,100.0,6721.0,351.8
1785079772.7095342,100.0,6721.0,350.87
1785079773.7532814,100.0,12843.0,233.88
1785079774.7918344,100.0,569.0,236.04
1785079775.8293648,60.0,6787.0,115.82
1785079776.8697166,100.0,7847.0,349.35
1785079777.9097364,100.0,7847.0,342.08
1785079778.9504778,100.0,7847.0,346.67
1785079779.9900057,100.0,7847.0,343.63
1785079781.0299602,100.0,7847.0,349.86
1785079782.0732522,100.0,7847.0,344.33
1785079783.1172633,100.0,24877.0,208.33
1785079784.1629186,100.0,24877.0,280.88
1785079785.199762,45.0,1885.0,153.31
1785079786.237099,100.0,7521.0,188.6
1785079787.277444,100.0,7847.0,348.44
1785079788.3183618,100.0,7847.0,345.3
1785079789.35781,100.0,7847.0,350.28
1785079790.4167295,100.0,7847.0,345.9
1785079791.4552503,100.0,7847.0,346.74
1785079792.4925158,70.0,5305.0,277.19
1785079793.5294807,100.0,24875.0,249.45
1785079794.567926,36.0,24875.0,257.02
1785079795.6043115,57.0,1949.0,101.65
1785079796.641739,100.0,7521.0,254.9
1785079797.6818595,100.0,7847.0,348.28
1785079798.739933,100.0,7847.0,347.73
1785079799.7778966,100.0,7847.0,349.34
1785079800.8176463,100.0,7847.0,349.43
1785079801.8579655,100.0,7847.0,349.86
1785079802.8958104,76.0,24877.0,225.25
1785079803.935153,100.0,24877.0,291.31
1785079804.9910443,100.0,653.0,214.13
1785079806.0283659,41.0,4783.0,97.24
1785079807.065012,100.0,7847.0,306.33
1785079808.1016512,100.0,7847.0,348.09
1785079809.1601565,100.0,7847.0,346.0
1785079810.1972702,100.0,7847.0,344.85
1785079811.2377396,100.0,7847.0,350.39
1785079812.277535,100.0,7847.0,349.17
1785079813.316541,100.0,24877.0,212.93
1785079814.3596568,100.0,24877.0,278.3
1785079815.4001641,100.0,1581.0,155.66
1785079816.4380882,100.0,6787.0,147.56
1785079817.4776878,100.0,7847.0,343.52
1785079818.5215683,100.0,7847.0,351.01
1785079819.5613933,100.0,7847.0,345.64
1785079820.6028633,100.0,7847.0,346.97
1785079821.6408775,100.0,7847.0,346.09
1785079822.6961734,72.0,7847.0,316.93
1785079823.7326567,100.0,24875.0,224.3
1785079824.7721598,100.0,24875.0,273.02
1785079825.8086994,54.0,1731.0,116.5
1785079826.8443975,100.0,7521.0,210.62
1785079827.8806505,100.0,7847.0,351.52
1785079828.917521,100.0,7847.0,347.05
1785079829.9579456,100.0,7847.0,352.94
1785079830.9979877,100.0,7847.0,346.0
1785079832.0372956,100.0,7847.0,348.52
1785079833.0762196,79.0,823.0,255.36
1785079834.1124153,100.0,24877.0,282.15
1785079835.147819,24.0,415.0,239.12
1785079836.1882856,43.0,2495.0,102.15
1785079837.2257106,100.0,7521.0,258.32
1785079838.2658856,100.0,7847.0,350.88
1785079839.305904,100.0,7847.0,350.93
1785079840.3459141,100.0,7847.0,349.46
1785079841.3863869,100.0,7847.0,351.22
1785079842.4252021,100.0,7847.0,345.98
1785079843.4614873,100.0,24877.0,217.43
1785079844.5035713,100.0,24877.0,284.76
1785079845.5398927,100.0,407.0,213.21
1785079846.5803108,43.0,5133.0,100.77
1785079847.6175036,100.0,9481.0,331.79
1785079848.6578186,100.0,10127.0,345.02
1785079849.6979027,100.0,10127.0,341.89
1785079850.7559931,100.0,10127.0,345.83
1785079851.7956083,100.0,10127.0,347.71
1785079852.8345976,100.0,10127.0,346.52
1785079853.8738194,100.0,10127.0,352.39
1785079854.9139473,100.0,10127.0,350.36
1785079855.972521,100.0,10127.0,343.03
1785079857.0089679,100.0,10127.0,343.71
1785079858.0489893,100.0,10127.0,352.42
1785079859.089786,100.0,10127.0,344.27
1785079860.12784,100.0,40759.0,211.31
1785079861.166009,100.0,40759.0,289.52
1785079862.2048745,100.0,33545.0,258.07
1785079863.2449348,100.0,33545.0,267.08
1785079864.2878582,100.0,629.0,195.52
1785079865.328332,43.0,2573.0,102.26
1785079866.3652487,100.0,6159.0,260.77
1785079867.4053404,72.0,6159.0,301.08
1785079868.444179,39.0,1109.0,160.55
1785079869.4816422,87.0,6787.0,129.4
1785079870.5220008,100.0,7847.0,347.73
1785079871.5612745,100.0,7847.0,347.81
1785079872.6013386,100.0,7847.0,347.37
1785079873.6779842,100.0,7847.0,349.17
1785079874.7176387,100.0,7847.0,347.8
1785079875.7615106,72.0,7847.0,311.66
1785079876.8018112,100.0,24875.0,225.91
1785079877.8456087,100.0,24875.0,275.45
1785079878.8845174,48.0,1183.0,115.5
1785079879.944779,100.0,6721.0,235.97
1785079880.981119,100.0,6721.0,351.06
1785079882.0397978,100.0,6721.0,348.89
1785079883.0773544,88.0,12843.0,215.13
1785079884.1158285,100.0,591.0,232.08
1785079885.1522512,41.0,5477.0,98.81
1785079886.1896665,100.0,6159.0,345.83
1785079887.232108,94.0,781.0,236.49
1785079888.2721238,51.0,843.0,156.7
1785079889.3099003,100.0,6721.0,236.34
1785079890.3492594,100.0,6721.0,348.89
1785079891.4083781,100.0,6721.0,349.56
1785079892.4470582,81.0,12843.0,228.12
1785079893.483807,100.0,531.0,230.86
1785079894.5214255,51.0,5973.0,112.26
1785079895.5571659,100.0,6161.0,343.87
1785079896.5965474,76.0,7851.0,226.61
1785079897.6361704,59.0,643.0,158.57
1785079898.6733003,100.0,6159.0,235.55
1785079899.7131472,100.0,6159.0,347.36
1785079900.7517684,45.0,471.0,164.89
1785079901.7922711,41.0,5513.0,94.61
1785079902.828744,100.0,7847.0,326.05
1785079903.865608,100.0,7847.0,349.27
1785079904.9075463,100.0,7847.0,342.97
1785079905.9455314,100.0,7847.0,349.93
1785079906.985184,100.0,7847.0,346.14
1785079908.0269713,100.0,7847.0,348.24
1785079909.0645845,100.0,24877.0,196.77
1785079910.1010098,100.0,24877.0,283.12
1785079911.1401289,81.0,1681.0,163.92
1785079912.1770356,100.0,6159.0,165.61
1785079913.2136755,100.0,6159.0,350.32
1785079914.252793,100.0,7851.0,221.26
1785079915.2922914,43.0,2315.0,126.52
1785079916.329429,100.0,7521.0,255.38
1785079917.369838,100.0,7847.0,350.75
1785079918.4096363,100.0,7847.0,345.92
1785079919.4493363,100.0,7847.0,346.78
1785079920.489751,100.0,7847.0,347.23
1785079921.529118,100.0,7847.0,353.64
1785079922.5685124,91.0,24875.0,223.4
1785079923.6110694,100.0,24875.0,286.3
1785079924.648531,100.0,663.0,206.35
1785079925.684215,42.0,4853.0,116.78
1785079926.7207713,100.0,9481.0,319.36
1785079927.7577248,100.0,10127.0,348.92
1785079928.7979722,100.0,10127.0,349.48
1785079929.83735,100.0,10127.0,347.93
1785079930.8791661,100.0,10127.0,342.73
1785079931.9162226,100.0,10127.0,340.38
1785079932.9538145,100.0,10127.0,343.45
1785079933.9942293,100.0,10127.0,343.69
1785079935.0337348,100.0,10127.0,346.42
1785079936.0747461,100.0,10127.0,349.3
1785079937.114275,100.0,10127.0,349.21
1785079938.1535122,100.0,10127.0,349.53
1785079939.192278,81.0,40759.0,211.42
1785079940.2343469,100.0,40759.0,292.9
1785079941.2723007,100.0,33545.0,248.65
1785079942.3084185,100.0,33545.0,278.69
1785079943.3438663,53.0,547.0,226.1
1785079944.3843327,40.0,1543.0,104.27
1785079945.4231396,100.0,7521.0,235.25
1785079946.4613662,100.0,7847.0,350.52
1785079947.501295,100.0,7847.0,345.33
1785079948.54291,100.0,7847.0,351.36
1785079949.580807,100.0,7847.0,349.94
1785079950.617643,100.0,7847.0,349.03
1785079951.6561637,76.0,24875.0,215.1
1785079952.6963983,100.0,24875.0,292.02
1785079953.7507691,100.0,611.0,217.42
1785079954.7884798,43.0,4361.0,99.09
1785079955.829209,100.0,6159.0,307.98
1785079956.8685408,78.0,4061.0,257.72
1785079957.9042773,37.0,1877.0,162.33
1785079958.9415917,100.0,7521.0,165.99
1785079959.9811158,100.0,7847.0,353.53
1785079961.0212252,100.0,7847.0,348.01
1785079962.060889,100.0,7847.0,350.32
1785079963.0974565,100.0,7847.0,350.24
1785079964.1375349,100.0,7847.0,349.78
1785079965.1780965,54.0,7847.0,274.22
1785079966.2168887,100.0,24877.0,244.78
1785079967.2556303,100.0,24877.0,256.58
1785079968.3152425,59.0,1529.0,103.94
1785079969.3560882,100.0,7521.0,258.5
1785079970.3937669,100.0,7847.0,349.64
1785079971.4332907,100.0,7847.0,351.31
1785079972.4747145,100.0,7847.0,347.33
1785079973.5130298,100.0,7847.0,344.79
1785079974.5533214,100.0,7847.0,350.96
1785079975.5921948,79.0,24875.0,212.77
1785079976.6320634,100.0,24875.0,289.15
1785079977.687696,100.0,663.0,213.71
1785079978.724586,42.0,4397.0,116.52
1785079979.7616086,100.0,9481.0,305.92
1785079980.8017097,100.0,10127.0,343.12
1785079981.8418424,100.0,10127.0,344.76
1785079982.8817606,100.0,10127.0,349.44
1785079983.9239037,100.0,10127.0,344.48
1785079984.9614549,100.0,10127.0,348.83
1785079986.0015044,100.0,10127.0,342.51
1785079987.0415258,100.0,10127.0,340.51
1785079988.081094,100.0,10127.0,345.7
1785079989.1218626,100.0,10127.0,348.61
1785079990.1630914,100.0,10127.0,347.18
1785079991.2012005,100.0,10127.0,352.61
1785079992.2405465,99.0,40759.0,213.2
1785079993.277222,100.0,40759.0,291.25
1785079994.3170676,100.0,33545.0,250.64
1785079995.3574479,100.0,33545.0,280.32
1785079996.395817,92.0,547.0,226.75
1785079997.4322448,57.0,1847.0,114.3
1785079998.4700406,100.0,9481.0,259.23
1785079999.5099413,100.0,9481.0,350.2
1785080000.5495877,100.0,10127.0,349.5
1785080001.5921981,100.0,10127.0,348.85
1785080002.6293132,100.0,10127.0,345.16
1785080003.6695051,100.0,10127.0,344.51
1785080004.7098355,100.0,10127.0,345.91
1785080005.7496636,100.0,10127.0,344.92
1785080006.7854462,100.0,10127.0,347.68
1785080007.8217685,100.0,10127.0,349.11
1785080008.8613658,100.0,10127.0,350.55
1785080009.8973923,100.0,10127.0,345.37
1785080010.941142,68.0,10127.0,254.48
1785080011.9791374,100.0,40759.0,238.51
1785080013.0188324,100.0,40759.0,289.08
1785080014.0571315,100.0,33545.0,248.6
1785080015.09582,100.0,33545.0,274.62
1785080016.1512845,26.0,1833.0,103.02
1785080017.1892111,100.0,6159.0,191.58
1785080018.2294195,100.0,6159.0,348.81
1785080019.2679791,100.0,7851.0,204.86
1785080020.3044229,42.0,4273.0,111.73
1785080021.3407285,100.0,7521.0,306.32
1785080022.3773327,100.0,7847.0,349.6
1785080023.4403353,100.0,7847.0,346.67
1785080024.476903,100.0,7847.0,347.57
1785080025.5325115,100.0,7847.0,349.16
1785080026.569487,100.0,7847.0,346.82
1785080027.6086612,100.0,24875.0,197.73
1785080028.649621,100.0,24875.0,286.48
1785080029.6893544,100.0,677.0,177.59
1785080030.7295516,68.0,6161.0,123.46
1785080031.7693965,100.0,6161.0,349.66
1785080032.809984,86.0,7851.0,214.72
1785080033.852226,42.0,2009.0,148.68
1785080034.8892822,100.0,6721.0,252.54
1785080035.9293084,100.0,6721.0,349.14
1785080036.9887772,100.0,6721.0,346.93
1785080038.0247698,100.0,12843.0,218.67
1785080039.0602698,100.0,633.0,219.53
1785080040.1014628,65.0,6159.0,120.57
1785080041.1453505,100.0,6159.0,349.52
1785080042.185994,75.0,7851.0,225.75
1785080043.2247422,68.0,1483.0,157.96
1785080044.2808511,100.0,6721.0,235.95
1785080045.3217869,100.0,6721.0,350.78
1785080046.3614736,100.0,6721.0,348.65
1785080047.4016242,100.0,12843.0,232.77
1785080048.4401886,100.0,613.0,221.52
1785080049.4771662,44.0,8031.0,110.68
1785080050.5141115,100.0,9481.0,325.03
1785080051.5535827,100.0,10127.0,348.48
1785080052.5931633,100.0,10127.0,337.98
1785080053.633283,100.0,10127.0,355.33
1785080054.675102,100.0,10127.0,348.43
1785080055.7138865,100.0,10127.0,347.73
1785080056.7537134,100.0,10127.0,345.35
1785080057.7937267,100.0,10127.0,348.41
1785080058.8331738,100.0,10127.0,345.76
1785080059.8732033,100.0,10127.0,348.05
1785080060.91438,100.0,10127.0,349.6
1785080061.9557016,100.0,10127.0,342.17
1785080062.9963212,100.0,40759.0,200.66
1785080064.0323308,100.0,40759.0,294.02
1785080065.071823,100.0,33545.0,256.76
1785080066.108844,100.0,33545.0,270.07
1785080067.143606,100.0,513.0,200.94
1785080068.1843176,42.0,3339.0,103.9
1785080069.221657,100.0,6159.0,292.38
1785080070.2649245,69.0,6159.0,283.29
1785080071.3090215,41.0,1907.0,166.57
1785080072.3456361,100.0,6159.0,162.31
1785080073.3849292,100.0,6159.0,345.88
1785080074.4211369,100.0,7851.0,214.06
1785080075.4793017,42.0,2439.0,138.16
1785080076.5170977,100.0,9481.0,252.67
1785080077.5616302,100.0,9481.0,349.62
1785080078.6014547,100.0,10127.0,351.42
1785080079.6434686,100.0,10127.0,345.18
1785080080.680737,100.0,10127.0,343.37
1785080081.7174065,100.0,10127.0,341.64
1785080082.7535276,100.0,10127.0,348.48
1785080083.7933245,100.0,10127.0,346.03
1785080084.8336422,100.0,10127.0,346.92
1785080085.8927839,100.0,10127.0,349.95
1785080086.9295967,100.0,10127.0,349.68
1785080087.9884212,100.0,10127.0,344.14
1785080089.0246062,95.0,2483.0,232.62
1785080090.062612,100.0,40759.0,253.09
1785080091.2149339,100.0,33545.0,275.68
1785080092.2573678,100.0,33545.0,267.72
1785080093.2963228,0.0,475.0,247.56
1785080094.3364553,67.0,723.0,103.0
1785080095.3732774,100.0,7521.0,210.94
1785080096.4134772,100.0,7847.0,351.65
1785080097.453197,100.0,7847.0,351.41
1785080098.493391,100.0,7847.0,349.76
1785080099.5335703,100.0,7847.0,349.88
1785080100.5740185,100.0,7847.0,345.69
1785080101.6131864,95.0,24875.0,225.72
1785080102.6556988,100.0,24875.0,281.06
1785080103.6919134,67.0,491.0,239.2
1785080104.7289925,43.0,3141.0,103.39
1785080105.7700632,100.0,9481.0,282.18
1785080106.8090909,100.0,9481.0,350.65
1785080107.8500392,100.0,10127.0,345.91
1785080108.8900673,100.0,10127.0,345.04
1785080109.9303908,100.0,10127.0,341.43
1785080110.9695275,100.0,10127.0,348.69
1785080112.0098088,100.0,10127.0,347.16
1785080113.0495386,100.0,10127.0,349.64
1785080114.08958,100.0,10127.0,348.38
1785080115.1280484,100.0,10127.0,348.68
1785080116.165708,100.0,10127.0,346.69
1785080117.2055283,100.0,10127.0,342.35
1785080118.2438507,96.0,477.0,233.33
1785080119.2805219,100.0,40759.0,255.18
1785080120.3871531,100.0,33545.0,264.82
1785080121.428976,100.0,33545.0,258.6
1785080122.4642045,3.0,473.0,233.79
1785080123.5002809,40.0,643.0,118.46
1785080124.5373347,100.0,7521.0,226.55
1785080125.577778,100.0,7847.0,345.59
1785080126.617905,100.0,7847.0,355.12
1785080127.6575398,100.0,7847.0,346.82
1785080128.697746,100.0,7847.0,348.33
1785080129.7377605,100.0,7847.0,346.72
1785080130.7770126,96.0,24875.0,237.61
1785080131.8197114,100.0,24875.0,275.28
1785080132.8559248,93.0,491.0,221.57
1785080133.8925023,43.0,3141.0,102.82
1785080134.9297159,100.0,9481.0,303.19
1785080135.968422,100.0,9481.0,351.09
1785080137.0054421,100.0,10127.0,346.05
1785080138.0462818,100.0,10127.0,341.7
1785080139.1058004,100.0,10127.0,348.3
1785080140.1452124,100.0,10127.0,343.77
1785080141.1856558,100.0,10127.0,352.98
1785080142.2213538,100.0,10127.0,348.37
1785080143.2616224,100.0,10127.0,343.43
1785080144.3016706,100.0,10127.0,348.32
1785080145.3412483,100.0,10127.0,348.42
1785080146.3815732,100.0,10127.0,346.24
1785080147.4198956,97.0,485.0,233.02
1785080148.4565496,100.0,40759.0,257.93
1785080149.566019,100.0,33545.0,254.79
1785080150.6092427,100.0,33545.0,265.41
1785080151.648454,8.0,473.0,225.32
1785080152.6881862,43.0,703.0,110.6
1785080153.7257264,100.0,7521.0,241.66
1785080154.7662075,100.0,7847.0,345.54
1785080155.8061564,100.0,7847.0,355.69
1785080156.8460793,100.0,7847.0,348.16
1785080157.8858242,100.0,7847.0,348.46
1785080158.925985,100.0,7847.0,345.36
1785080159.966739,96.0,24875.0,237.68
1785080161.0077353,100.0,24875.0,287.32
1785080162.04383,100.0,511.0,225.73
1785080163.0803766,42.0,3241.0,101.97
1785080164.1178474,100.0,9481.0,287.8
1785080165.1566725,100.0,9481.0,346.46
1785080166.1938188,100.0,10127.0,345.33
1785080167.2343657,100.0,10127.0,342.67
1785080168.2729962,100.0,10127.0,348.17
1785080169.313848,100.0,10127.0,346.72
1785080170.3534498,100.0,10127.0,353.09
1785080171.393207,100.0,10127.0,350.37
1785080172.4337986,100.0,10127.0,342.19
1785080173.4726384,100.0,10127.0,344.3
1785080174.5094867,100.0,10127.0,346.9
1785080175.5491426,100.0,10127.0,347.69
1785080176.5887876,71.0,1843.0,232.7
1785080177.6267715,100.0,40759.0,255.96
1785080178.774508,100.0,33545.0,270.76
1785080179.8174026,100.0,33545.0,257.43
1785080180.856241,0.0,473.0,238.49
1785080181.8922276,62.0,747.0,108.5
1785080182.9295921,100.0,6159.0,218.83
1785080183.9697428,100.0,6159.0,350.05
1785080185.0123496,95.0,471.0,171.78
1785080186.0524426,41.0,5363.0,103.85
1785080187.0894587,100.0,7847.0,345.52
1785080188.1297047,100.0,7847.0,347.6
1785080189.170749,100.0,7847.0,349.71
1785080190.20966,100.0,7847.0,346.33
1785080191.249728,100.0,7847.0,352.34
1785080192.2895713,100.0,7847.0,346.42
1785080193.347634,100.0,24875.0,212.54
1785080194.3861947,100.0,24875.0,275.56
1785080195.4284482,54.0,1847.0,155.05
1785080196.4655502,100.0,8031.0,140.32
1785080197.5083644,100.0,9481.0,348.8
1785080198.5469542,100.0,10127.0,350.85
1785080199.5858464,100.0,10127.0,352.48
1785080200.6216128,100.0,10127.0,345.07
1785080201.6619556,100.0,10127.0,347.66
1785080202.7064161,100.0,10127.0,348.62
1785080203.7461705,100.0,10127.0,347.46
1785080204.7854834,100.0,10127.0,354.68
1785080205.8217652,100.0,10127.0,351.19
1785080206.861532,100.0,10127.0,343.58
1785080207.9014997,100.0,10127.0,341.17
1785080208.940909,100.0,10127.0,350.3
1785080209.9775846,100.0,40759.0,191.82
1785080211.0218267,100.0,40759.0,290.58
1785080212.0637693,100.0,33545.0,248.79
1785080213.102064,100.0,33545.0,272.84
1785080214.1401608,100.0,617.0,163.41
1785080215.1763844,42.0,4675.0,108.77
1785080216.2136056,100.0,6721.0,318.35
1785080217.253149,100.0,6721.0,350.87
1785080218.2929146,100.0,6721.0,346.58
1785080219.3329117,100.0,12843.0,208.88
1785080220.372112,40.0,2059.0,186.13
1785080221.4139845,100.0,8031.0,167.29
1785080222.453858,100.0,9481.0,343.17
1785080223.4943979,100.0,10127.0,347.94
1785080224.5338922,100.0,10127.0,347.56
1785080225.5927591,100.0,10127.0,348.72
1785080226.630028,100.0,10127.0,344.95
1785080227.6696126,100.0,10127.0,350.97
1785080228.71067,100.0,10127.0,347.55
1785080229.7506237,100.0,10127.0,353.87
1785080230.7933514,100.0,10127.0,339.53
1785080231.833715,100.0,10127.0,336.95
1785080232.8733652,100.0,10127.0,345.13
1785080233.918318,100.0,10127.0,349.57
1785080234.9562593,100.0,40759.0,199.45
1785080235.9941828,100.0,40759.0,294.87
1785080237.0357625,100.0,33545.0,241.79
1785080238.0740023,100.0,33545.0,270.5
1785080239.1124284,100.0,761.0,133.5
1785080240.151244,41.0,6467.0,100.64
1785080241.1890905,100.0,7847.0,349.63
1785080242.2293358,100.0,7847.0,344.2
1785080243.272278,100.0,7847.0,348.55
1785080244.309561,100.0,7847.0,347.27
1785080245.3494434,100.0,7847.0,354.63
1785080246.3912985,100.0,7847.0,343.06
1785080247.4286244,100.0,24875.0,212.97
1785080248.4669688,100.0,24875.0,283.87
1785080249.5081463,61.0,1743.0,161.47
1785080250.5490165,100.0,6161.0,141.77
1785080251.5852082,100.0,6161.0,347.54
1785080252.6460092,100.0,7851.0,219.58
1785080253.6842651,42.0,2435.0,127.6
1785080254.7208514,100.0,7521.0,262.76
1785080255.7771838,100.0,7847.0,348.89
1785080256.817423,100.0,7847.0,347.58
1785080257.8572168,100.0,7847.0,351.17
1785080258.8944147,100.0,7847.0,344.54
1785080259.933754,100.0,7847.0,350.83
1785080260.9722025,100.0,24877.0,220.29
1785080262.0132072,100.0,24877.0,291.48
1785080263.047602,100.0,513.0,209.22
1785080264.0881636,41.0,5123.0,97.54
1785080265.1248062,100.0,6159.0,326.85
1785080266.1598547,72.0,439.0,253.85
1785080267.215852,29.0,1909.0,165.19
1785080268.254074,100.0,8031.0,184.28
1785080269.3131342,100.0,9481.0,348.18
1785080270.3528917,100.0,10127.0,345.43
1785080271.4081771,100.0,10127.0,349.74
1785080272.4454143,100.0,10127.0,340.22
1785080273.485196,100.0,10127.0,340.97
1785080274.5214708,100.0,10127.0,344.17
1785080275.5614455,100.0,10127.0,346.07
1785080276.5983942,100.0,10127.0,347.06
1785080277.6373067,100.0,10127.0,350.8
1785080278.6732433,100.0,10127.0,345.95
1785080279.7134058,100.0,10127.0,341.3
1785080280.7536252,84.0,10127.0,317.9
1785080281.792502,100.0,40759.0,203.04
1785080282.8352242,100.0,40759.0,303.96
1785080283.87421,100.0,33545.0,235.19
1785080284.91805,100.0,33545.0,291.49
1785080285.9565957,100.0,993.0,128.61
1785080286.9976847,100.0,6787.0,141.6
1785080288.0381517,100.0,7847.0,350.44
1785080289.1165936,100.0,7847.0,351.02
1785080290.153638,100.0,7847.0,349.46
1785080291.1946473,100.0,7847.0,346.47
1785080292.2377286,100.0,7847.0,349.84
1785080293.316096,69.0,7847.0,302.07
1785080294.3579404,100.0,24875.0,233.65
1785080295.401263,100.0,24875.0,272.19
1785080296.440189,36.0,475.0,140.6
1785080297.4775121,100.0,6721.0,215.4
1785080298.521391,100.0,6721.0,348.35
1785080299.5614066,100.0,6721.0,350.44
1785080300.5997417,76.0,12843.0,236.52
1785080301.6399696,31.0,493.0,247.45
1785080302.699541,42.0,4989.0,97.19
1785080303.7374523,100.0,7847.0,304.42
1785080304.7777283,100.0,7847.0,350.81
1785080305.817839,100.0,7847.0,347.2
1785080306.8573935,100.0,7847.0,351.71
1785080307.897027,100.0,7847.0,352.27
1785080308.9371057,100.0,7847.0,349.28
1785080309.9763682,100.0,24875.0,206.55
1785080311.0192356,100.0,24875.0,279.6
1785080312.056256,65.0,1335.0,167.12
1785080313.0971777,100.0,6789.0,150.3
1785080314.138112,100.0,7847.0,350.36
1785080315.177705,100.0,7847.0,344.59
1785080316.213718,100.0,7847.0,351.41
1785080317.2526426,100.0,7847.0,346.29
1785080318.2933736,100.0,7847.0,347.87
1785080319.3334403,70.0,7847.0,325.93
1785080320.3771284,100.0,24877.0,223.1
1785080321.4170926,100.0,24877.0,281.25
1785080322.451919,73.0,443.0,116.09
1785080323.493217,100.0,6159.0,212.43
1785080324.5292666,100.0,6159.0,350.86
1785080325.5700374,80.0,471.0,179.61
1785080326.6106048,42.0,6787.0,97.3
1785080327.6497471,100.0,7847.0,351.63
1785080328.6897724,100.0,7847.0,344.52
1785080329.730793,100.0,7847.0,352.3
1785080330.7700114,100.0,7847.0,349.01
1785080331.8089933,100.0,7847.0,349.48
1785080332.848172,100.0,7847.0,347.65
1785080333.884496,100.0,24875.0,205.52
1785080334.9228563,100.0,24875.0,292.91
1785080335.9652102,44.0,1831.0,149.77
1785080337.0010245,100.0,6161.0,161.15
1785080338.0410485,100.0,6161.0,351.09
1785080339.09619,100.0,7851.0,216.07
1785080340.1321578,43.0,3295.0,128.05
1785080341.1701152,100.0,6159.0,284.56
1785080342.209434,69.0,6159.0,300.78
1785080343.2530267,42.0,1861.0,151.95
1785080344.293195,100.0,6949.0,144.54
1785080345.333252,100.0,7847.0,347.31
1785080346.3734944,100.0,7847.0,348.25
1785080347.413257,100.0,7847.0,346.91
1785080348.45275,100.0,7847.0,349.63
1785080349.4895535,100.0,7847.0,348.79
1785080350.5295966,71.0,7847.0,297.44
1785080351.5726085,100.0,24877.0,241.24
1785080352.6108832,100.0,24877.0,265.86
1785080353.671288,69.0,841.0,104.75
1785080354.7284086,100.0,6159.0,213.17
1785080355.7651515,98.0,6159.0,347.91
1785080356.8000228,80.0,511.0,179.62
1785080357.8413496,52.0,5971.0,112.58
1785080358.88145,100.0,6159.0,346.25
1785080359.9199498,94.0,7851.0,234.68
1785080360.9559393,53.0,1123.0,157.67
1785080361.993065,100.0,6159.0,210.59
1785080363.0337493,100.0,6159.0,350.71
1785080364.071919,45.0,471.0,184.84
1785080365.1085358,42.0,5447.0,97.4
1785080366.1454158,100.0,6159.0,343.83
1785080367.2069597,95.0,7851.0,235.84
1785080368.2484756,64.0,841.0,160.16
1785080369.2855504,100.0,6159.0,223.39
1785080370.3520994,90.0,6159.0,326.73
1785080371.3879933,90.0,511.0,161.06
1785080372.4442902,80.0,6159.0,118.45
1785080373.4814858,100.0,6159.0,352.05
1785080374.516577,74.0,7851.0,238.15
1785080375.5562325,65.0,901.0,143.78
1785080376.59299,100.0,6159.0,223.71
1785080377.6332538,90.0,6159.0,327.99
1785080378.691067,99.0,611.0,163.72
1785080379.7292924,40.0,6159.0,118.69
1785080380.7693691,100.0,6159.0,351.93
1785080381.809415,74.0,7851.0,245.16
1785080382.848336,63.0,947.0,148.77
1785080383.8893507,100.0,6159.0,228.12
1785080384.9328923,88.0,6159.0,328.4
1785080385.9722419,100.0,551.0,162.95
1785080387.0525367,73.0,6787.0,115.57
1785080388.0892017,100.0,7847.0,353.64
1785080389.1254508,100.0,7847.0,344.18
1785080390.1651268,100.0,7847.0,347.2
1785080391.2019954,100.0,7847.0,350.98
1785080392.2409658,100.0,7847.0,343.33
1785080393.2812333,97.0,7847.0,345.98
1785080394.3235483,100.0,24875.0,204.78
1785080395.3611603,100.0,24875.0,269.81
1785080396.3999484,37.0,1835.0,150.05
1785080397.4376173,100.0,6161.0,189.79
1785080398.4814503,100.0,6161.0,349.46
1785080399.5198755,100.0,7851.0,198.34
1785080400.5564814,41.0,4485.0,101.29
1785080401.5931225,100.0,7847.0,305.97
1785080402.6334755,100.0,7847.0,345.41
1785080403.6737132,100.0,7847.0,350.09
1785080404.7137089,100.0,7847.0,350.23
1785080405.7534127,100.0,7847.0,347.52
1785080406.7937942,100.0,7847.0,350.12
1785080407.8350585,100.0,24877.0,212.9
1785080408.8770807,100.0,24877.0,277.97
1785080409.9393942,82.0,1225.0,164.67
1785080410.9771783,100.0,6787.0,147.76
1785080412.0177667,100.0,7847.0,349.38
1785080413.0577302,100.0,7847.0,349.51
1785080414.097513,100.0,7847.0,348.63
1785080415.1385844,100.0,7847.0,348.83
1785080416.1773977,100.0,7847.0,345.41
1785080417.217287,69.0,7847.0,301.04
1785080418.257953,100.0,24875.0,228.26
1785080419.2994509,100.0,24875.0,283.69
1785080420.33588,74.0,443.0,116.08
1785080421.3923452,100.0,6161.0,212.69
1785080422.4294064,100.0,6161.0,350.08
1785080423.4686522,61.0,473.0,154.93
1785080424.5055776,42.0,6789.0,103.19
1785080425.5453858,100.0,7847.0,353.33
1785080426.5863519,100.0,7847.0,347.01
1785080427.6257691,100.0,7847.0,345.66
1785080428.6843648,100.0,7847.0,351.57
1785080429.722133,100.0,7847.0,345.21
1785080430.7655413,100.0,7847.0,347.55
1785080431.810804,100.0,24877.0,209.09
1785080432.850164,100.0,24877.0,280.6
1785080433.8877616,40.0,1835.0,148.53
1785080434.9251826,100.0,6159.0,189.7
1785080435.961244,100.0,6159.0,346.45
1785080437.0013735,100.0,7851.0,214.93
1785080438.040368,43.0,3839.0,101.77
1785080439.0771687,100.0,6159.0,281.98
1785080440.1170068,70.0,6159.0,275.46
1785080441.1560295,41.0,2027.0,160.7
1785080442.1931546,100.0,6159.0,164.67
1785080443.2333407,100.0,6159.0,350.34
1785080444.2761145,100.0,7851.0,216.0
1785080445.316325,43.0,3433.0,110.72
1785080446.3536856,100.0,6159.0,283.14
1785080447.3932242,72.0,6159.0,300.83
1785080448.436678,42.0,1987.0,158.68
1785080449.4728186,100.0,6159.0,159.86
1785080450.5091088,100.0,6159.0,351.15
1785080451.5515335,100.0,7851.0,215.34
1785080452.5883546,43.0,3013.0,124.92
1785080453.62538,100.0,6159.0,281.02
1785080454.6654208,71.0,6159.0,298.44
1785080455.7045944,45.0,1947.0,150.16
1785080456.7417147,100.0,6159.0,173.36
1785080457.78523,100.0,6159.0,349.54
1785080458.8217041,100.0,7851.0,220.25
1785080459.860319,43.0,3873.0,112.36
1785080460.8971648,100.0,6159.0,280.92
1785080461.9370844,70.0,5907.0,276.65
1785080462.9757125,42.0,1835.0,157.23
1785080464.0131524,100.0,6159.0,201.19
1785080465.0490282,100.0,6159.0,352.49
1785080466.0879214,100.0,7851.0,223.67
1785080467.1288338,43.0,4545.0,97.75
1785080468.1698682,100.0,7847.0,310.05
1785080469.213943,100.0,7847.0,347.66
1785080470.2572887,100.0,7847.0,348.75
1785080471.2927713,100.0,7847.0,351.73
1785080472.3487504,100.0,7847.0,344.76
1785080473.385366,100.0,7847.0,354.67
1785080474.4265244,100.0,24875.0,197.95
1785080475.4842212,100.0,24875.0,285.01
1785080476.5243258,77.0,1367.0,161.05
1785080477.5612953,100.0,6161.0,142.39
1785080478.6243942,100.0,6161.0,348.78
1785080479.6607442,100.0,7851.0,209.57
1785080480.7003415,43.0,2981.0,127.08
1785080481.7416124,100.0,6159.0,280.93
1785080482.781296,72.0,6159.0,301.76
1785080483.8243794,44.0,1531.0,159.89
1785080484.8611517,100.0,6159.0,141.57
1785080485.9014084,100.0,6159.0,351.45
1785080486.9454854,100.0,7851.0,230.58
1785080487.9843593,43.0,2635.0,131.49
1785080489.0402265,100.0,6159.0,275.34
1785080490.0772617,72.0,6159.0,304.79
1785080491.1592681,40.0,1695.0,160.74
1785080492.1968977,100.0,6159.0,162.13
1785080493.2332153,100.0,6159.0,346.94
1785080494.2727919,100.0,7851.0,219.39
1785080495.3083766,43.0,2653.0,128.73
1785080496.3455179,100.0,6159.0,261.13
1785080497.3853617,70.0,6159.0,322.78
1785080498.4242392,45.0,1401.0,153.93
1785080499.4614477,100.0,6159.0,144.78
1785080500.501347,100.0,6159.0,350.42
1785080501.5440593,100.0,7851.0,221.37
1785080502.5843341,43.0,2839.0,145.5
1785080503.6216717,100.0,6159.0,279.44
1785080504.657151,72.0,6159.0,302.57
1785080505.7003255,40.0,1497.0,159.04
1785080506.737615,100.0,6159.0,139.18
1785080507.773439,100.0,6159.0,348.19
1785080508.8144317,100.0,7851.0,211.53
1785080509.8523676,43.0,2233.0,129.89
1785080510.8889916,100.0,6159.0,261.29
1785080511.9251826,72.0,6159.0,309.84
1785080512.9647489,78.0,1155.0,159.1
1785080514.0011272,100.0,6159.0,139.08
1785080515.0451734,100.0,6159.0,349.23
1785080516.0860085,100.0,7851.0,223.45
1785080517.1245127,43.0,2619.0,130.27
1785080518.161366,100.0,6159.0,259.96
1785080519.2020698,72.0,6159.0,299.11
1785080520.2404063,45.0,1551.0,147.88
1785080521.2772624,100.0,6159.0,139.77
1785080522.3174312,100.0,6159.0,351.49
1785080523.3775923,100.0,7851.0,218.92
1785080524.4163504,43.0,3073.0,107.06
1785080525.453624,100.0,6159.0,274.55
1785080526.4933305,72.0,6159.0,281.54
1785080527.5322669,38.0,1469.0,155.73
1785080528.5693502,100.0,6159.0,138.63
1785080529.6096888,100.0,6159.0,348.56
1785080530.649832,100.0,7851.0,219.8
1785080531.692354,43.0,2619.0,126.05
1785080532.7295766,100.0,6159.0,262.39
1785080533.7735336,71.0,6159.0,321.45
1785080534.816238,36.0,1271.0,155.19
1785080535.8530858,100.0,6159.0,143.36
1785080536.893028,100.0,6159.0,350.62
1785080537.9299622,100.0,7851.0,221.83
1785080538.9953341,43.0,2293.0,124.85
1785080540.05627,100.0,6159.0,258.47
1785080541.0930362,72.0,6159.0,302.56
1785080542.1362479,37.0,1141.0,153.89
1785080543.173227,93.0,6159.0,119.83
1785080544.2134619,100.0,6159.0,348.99
1785080545.2554271,100.0,7851.0,232.67
1785080546.2923422,43.0,1807.0,127.47
1785080547.3292391,100.0,6159.0,243.24
1785080548.3694022,91.0,6159.0,328.64
1785080549.4082768,82.0,631.0,158.9
1785080550.4453342,53.0,6159.0,112.35
1785080551.4858384,100.0,6159.0,350.46
1785080552.5264242,76.0,7851.0,227.67
1785080553.5643964,63.0,981.0,156.77
1785080554.6010654,100.0,6159.0,234.43
1785080555.64123,100.0,6159.0,347.16
1785080556.679917,100.0,511.0,162.55
1785080557.721477,41.0,5971.0,94.42
1785080558.7614174,100.0,6159.0,327.64
1785080559.8000457,74.0,7851.0,239.75
1785080560.8359256,36.0,783.0,146.75
1785080561.87332,100.0,6159.0,221.17
1785080562.9135172,100.0,6159.0,350.44
1785080563.9518101,45.0,471.0,188.25
1785080564.9923549,42.0,5097.0,95.17
1785080566.0333743,100.0,6159.0,327.37
1785080567.0721018,76.0,457.0,232.92
1785080568.1130981,22.0,1835.0,157.76
1785080569.1531267,100.0,6159.0,189.88
1785080570.1933072,100.0,6159.0,348.42
1785080571.2323027,74.0,6063.0,196.65
1785080572.2681391,43.0,4609.0,94.35
1785080573.3057387,100.0,6159.0,306.78
1785080574.3447008,55.0,3741.0,263.05
1785080575.3798163,32.0,1835.0,160.51
1785080576.436234,100.0,6159.0,174.96
1785080577.473425,100.0,6159.0,349.5
1785080578.5086412,100.0,7851.0,207.35
1785080579.544359,43.0,3793.0,108.18
1785080580.5815504,100.0,6159.0,309.45
1785080581.6215148,72.0,6159.0,277.59
1785080582.659835,40.0,1833.0,163.36
1785080583.6973,100.0,6161.0,202.18
1785080584.7336268,100.0,6161.0,348.63
1785080585.7716875,72.0,7851.0,195.41
1785080586.8082895,43.0,4637.0,98.45
1785080587.8458445,100.0,6159.0,305.97
1785080588.884471,80.0,3441.0,255.11
1785080589.9203126,33.0,1623.0,161.85
1785080590.957606,100.0,6161.0,204.19
1785080592.016586,100.0,6161.0,351.64
1785080593.0565493,57.0,471.0,193.36
1785080594.0925224,41.0,5413.0,100.51
1785080595.130297,100.0,9481.0,323.19
1785080596.1889617,100.0,10127.0,351.99
1785080597.2292893,100.0,10127.0,342.98
1785080598.2692971,100.0,10127.0,346.38
1785080599.3066921,100.0,10127.0,347.4
1785080600.3466904,100.0,10127.0,346.56
1785080601.3855555,100.0,10127.0,354.06
1785080602.4258795,100.0,10127.0,348.25
1785080603.4658911,100.0,10127.0,335.87
1785080604.524588,100.0,10127.0,343.39
1785080605.5611317,100.0,10127.0,346.22
1785080606.6020482,100.0,10127.0,347.84
1785080607.64023,100.0,40759.0,210.68
1785080608.676651,100.0,40759.0,289.34
1785080609.7171998,100.0,33545.0,251.97
1785080610.758011,100.0,33545.0,264.57
1785080611.796441,100.0,629.0,188.98
1785080612.832242,42.0,2653.0,101.76
1785080613.869434,100.0,6159.0,280.05
1785080614.9131176,68.0,6159.0,306.23
1785080615.9568617,57.0,1169.0,161.58
1785080616.9975274,100.0,6159.0,138.48
1785080618.0373058,100.0,6159.0,348.18
1785080619.0784302,100.0,7851.0,221.38
1785080620.120358,41.0,2037.0,141.15
1785080621.1573274,100.0,6159.0,258.24
1785080622.196945,70.0,6159.0,319.03
1785080623.231895,95.0,515.0,150.46
1785080624.2703614,90.0,8031.0,122.18
1785080625.3102992,100.0,9481.0,350.24
1785080626.3493254,100.0,10127.0,346.42
1785080627.3856397,100.0,10127.0,347.37
1785080628.4255333,100.0,10127.0,341.46
1785080629.4659462,100.0,10127.0,351.25
1785080630.507745,100.0,10127.0,352.25
1785080631.5446553,100.0,10127.0,351.6
1785080632.5820475,100.0,10127.0,343.32
1785080633.6218076,100.0,10127.0,348.21
1785080634.6620078,100.0,10127.0,342.44
1785080635.7045093,100.0,10127.0,348.43
1785080636.741697,100.0,10127.0,352.8
1785080637.7799416,100.0,40759.0,210.56
1785080638.8165665,100.0,40759.0,293.84
1785080639.8557098,100.0,33545.0,246.35
1785080640.8982675,100.0,33545.0,261.05
1785080641.93591,100.0,513.0,190.34
1785080642.9762743,42.0,3653.0,101.36
1785080644.0134885,100.0,6159.0,283.89
1785080645.0535498,70.0,6159.0,269.79
1785080646.0967896,43.0,1835.0,151.9
1785080647.133189,100.0,6159.0,167.3
1785080648.1734579,100.0,6159.0,352.7
1785080649.2176259,100.0,7851.0,218.2
1785080650.2604127,43.0,3979.0,102.5
1785080651.2973568,100.0,6159.0,304.5
1785080652.3372464,72.0,6159.0,281.8
1785080653.375825,37.0,1833.0,161.7
1785080654.4171486,100.0,6161.0,183.66
1785080655.457375,100.0,6161.0,347.58
1785080656.51531,100.0,7851.0,205.05
1785080657.5523326,43.0,4185.0,97.77
1785080658.5895715,100.0,9481.0,301.75
1785080659.6294365,100.0,10127.0,352.76
1785080660.6656053,100.0,10127.0,340.93
1785080661.706003,100.0,10127.0,340.98
1785080662.7478049,100.0,10127.0,348.78
1785080663.7845945,100.0,10127.0,343.97
1785080664.821684,100.0,10127.0,348.28
1785080665.86183,100.0,10127.0,349.63
1785080666.9011815,100.0,10127.0,344.15
1785080667.9421809,100.0,10127.0,336.78
1785080668.98141,100.0,10127.0,349.25
1785080670.022207,100.0,10127.0,346.92
1785080671.0638905,81.0,40759.0,220.84
1785080672.1002386,100.0,40759.0,283.2
1785080673.137076,100.0,33545.0,249.3
1785080674.1807895,100.0,33545.0,267.84
1785080675.2388756,14.0,549.0,204.34
1785080676.2993443,40.0,1947.0,103.81
1785080677.3373916,100.0,6159.0,261.94
1785080678.3809385,73.0,6159.0,314.34
1785080679.4239461,100.0,515.0,152.64
1785080680.461585,100.0,6265.0,139.03
1785080681.5017815,100.0,6721.0,350.55
1785080682.5452447,100.0,6721.0,350.99
1785080683.6045325,72.0,6721.0,297.34
1785080684.643246,100.0,12843.0,226.2
1785080685.680316,68.0,1003.0,135.96
1785080686.717238,100.0,6159.0,213.53
1785080687.757827,94.0,6159.0,338.35
1785080688.7961357,94.0,511.0,169.48
1785080689.833765,41.0,6159.0,118.61
1785080690.8729858,100.0,6159.0,350.44
1785080691.9125483,75.0,7851.0,241.25
1785080692.9482403,40.0,1481.0,143.51
1785080693.9851766,100.0,6159.0,232.72
1785080695.0254016,100.0,6159.0,347.29
1785080696.0869317,98.0,515.0,148.11
1785080697.1256046,72.0,8031.0,127.17
1785080698.1670628,100.0,9481.0,352.05
1785080699.2061021,100.0,10127.0,353.02
1785080700.2459514,100.0,10127.0,343.77
1785080701.3046722,100.0,10127.0,333.67
1785080702.341517,100.0,10127.0,344.95
1785080703.383844,100.0,10127.0,349.98
1785080704.4213958,100.0,10127.0,353.63
1785080705.4609058,100.0,10127.0,348.9
1785080706.4979348,100.0,10127.0,342.32
1785080707.5375063,100.0,10127.0,347.79
1785080708.578717,100.0,10127.0,346.01
1785080709.618596,100.0,10127.0,346.22
1785080710.655774,100.0,40759.0,194.2
1785080711.696801,100.0,40759.0,289.76
1785080712.7356584,100.0,33545.0,248.32
1785080713.777339,100.0,33545.0,270.99
1785080714.8118417,100.0,567.0,172.57
1785080715.8483994,43.0,4513.0,100.68
1785080716.885284,100.0,6159.0,308.65
1785080717.9245827,71.0,3581.0,256.84
1785080718.9614377,32.0,1835.0,154.53
1785080719.997418,100.0,6159.0,188.59
1785080721.0371416,100.0,6159.0,344.33
1785080722.0718253,100.0,7851.0,204.17
1785080723.1123435,43.0,4717.0,112.84
1785080724.1499884,100.0,6159.0,325.75
1785080725.1885228,54.0,3141.0,251.48
1785080726.228803,35.0,1843.0,161.3
1785080727.2655542,100.0,6555.0,190.9
1785080728.3047152,100.0,6721.0,354.73
1785080729.341382,100.0,6721.0,347.68
1785080730.384088,94.0,681.0,242.86
1785080731.4236712,16.0,12267.0,248.15
1785080732.46049,43.0,4303.0,98.76
1785080733.4983234,100.0,6721.0,304.22
1785080734.5375748,100.0,6721.0,350.32
1785080735.5774646,100.0,6721.0,351.31
1785080736.614071,100.0,12843.0,210.49
1785080737.6761324,47.0,1909.0,188.16
1785080738.71385,100.0,8031.0,169.94
1785080739.7526681,100.0,9481.0,352.87
1785080740.789847,100.0,10127.0,351.34
1785080741.8482893,100.0,10127.0,352.31
1785080742.886482,100.0,10127.0,343.99
1785080743.92575,100.0,10127.0,348.22
1785080744.9657125,100.0,10127.0,346.72
1785080746.009824,100.0,10127.0,348.45
1785080747.0492926,100.0,10127.0,349.81
1785080748.0898042,100.0,10127.0,345.8
1785080749.1291168,100.0,10127.0,343.44
1785080750.170132,100.0,10127.0,346.79
1785080751.2131922,100.0,10127.0,326.27
1785080752.2527857,100.0,40759.0,192.99
1785080753.2899015,100.0,40759.0,289.73
1785080754.335469,100.0,33545.0,240.09
1785080755.3747723,100.0,33545.0,271.88
1785080756.4118931,100.0,909.0,131.83
1785080757.4496567,80.0,6159.0,129.55
1785080758.4894032,100.0,6159.0,354.39
1785080759.5321438,100.0,7851.0,228.31
1785080760.5726814,65.0,1313.0,151.29
1785080761.6095266,100.0,9479.0,249.34
1785080762.6494832,100.0,9481.0,348.21
1785080763.6938608,100.0,10127.0,348.62
1785080764.7366729,100.0,10127.0,348.98
1785080765.7734976,100.0,10127.0,353.56
1785080766.813501,100.0,10127.0,341.08
1785080767.8534117,100.0,10127.0,334.74
1785080768.8933353,100.0,10127.0,342.83
1785080769.931233,100.0,10127.0,346.52
1785080770.9696171,100.0,10127.0,349.9
1785080772.008983,100.0,10127.0,353.8
1785080773.0492558,100.0,10127.0,346.27
1785080774.0933456,71.0,10127.0,274.2
1785080775.133616,100.0,40759.0,241.62
1785080776.1738045,100.0,40759.0,295.8
1785080777.2125545,100.0,33545.0,242.7
1785080778.2478483,100.0,33545.0,278.81
1785080779.2842567,68.0,2059.0,117.8
1785080780.3217206,100.0,8031.0,167.6
1785080781.375469,100.0,9481.0,346.72
1785080782.4181955,100.0,10127.0,340.89
1785080783.457349,100.0,10127.0,348.8
1785080784.497399,100.0,10127.0,344.18
1785080785.5336523,100.0,10127.0,347.64
1785080786.5698953,100.0,10127.0,345.26
1785080787.6087823,100.0,10127.0,347.55
1785080788.6683266,100.0,10127.0,344.61
1785080789.7097173,100.0,10127.0,344.36
1785080790.7497036,100.0,10127.0,346.87
1785080791.8082626,100.0,10127.0,345.82
1785080792.845286,100.0,10127.0,347.44
1785080793.8805652,100.0,40759.0,202.75
1785080794.9356825,100.0,40759.0,290.73
1785080795.9980521,100.0,33545.0,242.0
1785080797.0381846,100.0,33545.0,281.63
1785080798.0759103,100.0,861.0,151.6
1785080799.1133091,82.0,6159.0,120.99
1785080800.1532226,100.0,6159.0,352.19
1785080801.1925306,74.0,7851.0,236.15
1785080802.2320805,68.0,887.0,137.57
1785080803.2695894,100.0,6159.0,211.73
1785080804.313378,94.0,6159.0,341.84
1785080805.35194,94.0,511.0,174.82
1785080806.389317,41.0,6159.0,95.47
1785080807.429507,100.0,6159.0,352.34
1785080808.4654393,74.0,7851.0,242.41
1785080809.5042675,41.0,1387.0,146.36
1785080810.5457199,100.0,6159.0,235.24
1785080811.6081798,73.0,6159.0,321.0
1785080812.66288,100.0,513.0,158.37
1785080813.7011416,100.0,6159.0,144.78
1785080814.7414103,100.0,6159.0,350.32
1785080815.7813926,89.0,7851.0,226.23
1785080816.8204107,43.0,2233.0,147.02
1785080817.8572102,100.0,6159.0,256.89
1785080818.8972683,72.0,6159.0,303.74
1785080819.9322984,58.0,1107.0,164.51
1785080820.969321,100.0,6159.0,143.03
1785080822.0132885,100.0,6159.0,350.4
1785080823.081308,100.0,7851.0,221.32
1785080824.1204264,43.0,3119.0,128.5
1785080825.1572301,100.0,6159.0,279.49
1785080826.1977472,73.0,6159.0,279.01
1785080827.2558243,42.0,2027.0,159.1
1785080828.2932389,100.0,6159.0,181.63
1785080829.3333292,100.0,6159.0,349.74
1785080830.3742242,100.0,7851.0,214.76
1785080831.4353557,43.0,4073.0,109.02
1785080832.4738739,100.0,6159.0,283.61
1785080833.5314975,71.0,4281.0,264.36
1785080834.5868754,41.0,1835.0,162.59
1785080835.643589,100.0,6159.0,197.15
1785080836.6815937,100.0,6159.0,354.26
1785080837.7200494,100.0,7851.0,207.16
1785080838.756487,43.0,4389.0,110.57
1785080839.7931538,100.0,6159.0,313.69
1785080840.8325524,69.0,4581.0,260.66
1785080841.868283,42.0,1829.0,157.69
1785080842.9053452,100.0,6159.0,182.41
1785080843.9412758,100.0,6159.0,348.13
1785080844.9823291,100.0,7851.0,213.31
1785080846.020434,43.0,3573.0,111.42
1785080847.0573595,100.0,6159.0,283.42
1785080848.1015396,70.0,6159.0,277.69
1785080849.139735,42.0,1835.0,151.67
1785080850.1815345,100.0,6159.0,159.19
1785080851.2251198,100.0,6159.0,348.51
1785080852.2674425,100.0,7851.0,201.68
1785080853.3042529,42.0,3479.0,106.9
1785080854.3412466,100.0,6159.0,304.13
1785080855.380835,69.0,6159.0,279.08
1785080856.4167988,42.0,2027.0,153.22
1785080857.457689,100.0,6159.0,163.59
1785080858.4940846,100.0,6159.0,350.72
1785080859.5348127,100.0,7851.0,211.8
1785080860.5762482,42.0,3619.0,127.92
1785080861.617141,100.0,6159.0,285.97
1785080862.6573064,69.0,6159.0,284.32
1785080863.72279,42.0,1835.0,159.0
1785080864.7610853,100.0,6159.0,165.16
1785080865.801629,100.0,6159.0,350.09
1785080866.841263,100.0,7851.0,226.36
1785080867.8802686,42.0,3673.0,97.86
1785080868.9183083,100.0,6159.0,283.23
1785080869.957512,68.0,6159.0,288.14
1785080870.996579,41.0,2027.0,158.74
1785080872.0568194,100.0,6159.0,160.45
1785080873.0937145,100.0,6159.0,350.2
1785080874.1355977,100.0,7851.0,217.93
1785080875.1763601,42.0,3013.0,109.97
1785080876.2319798,100.0,6159.0,282.8
1785080877.2732453,69.0,6159.0,303.98
1785080878.3277848,40.0,1907.0,162.39
1785080879.3840299,100.0,6159.0,171.37
1785080880.4216044,100.0,6159.0,350.81
1785080881.4617734,100.0,7851.0,218.85
1785080882.5273986,42.0,2933.0,120.46
1785080883.5648968,100.0,6159.0,259.18
1785080884.605068,69.0,6159.0,301.51
1785080885.6403892,32.0,1415.0,151.51
1785080886.677164,100.0,6159.0,140.52
1785080887.7132335,100.0,6159.0,349.71
1785080888.7530015,100.0,7851.0,225.89
1785080889.796254,42.0,1727.0,130.0
1785080890.8332348,100.0,6159.0,237.45
1785080891.8728235,100.0,6159.0,323.41
1785080892.9081643,83.0,631.0,157.14
1785080893.9493277,45.0,6159.0,98.71
1785080894.9896476,100.0,6159.0,351.74
1785080896.0284545,75.0,7851.0,227.68
1785080897.0642288,49.0,841.0,157.6
1785080898.101104,100.0,6159.0,233.54
1785080899.1405902,100.0,6159.0,346.85
1785080900.1762903,100.0,491.0,161.95
1785080901.2163427,41.0,5507.0,94.18
1785080902.272251,100.0,6159.0,348.93
1785080903.30797,81.0,7851.0,232.03
1785080904.348323,51.0,747.0,156.59
1785080905.3851585,100.0,6159.0,233.72
1785080906.421535,100.0,6159.0,347.0
1785080907.460227,40.0,491.0,167.43
1785080908.4964118,41.0,5377.0,94.22
1785080909.5522294,100.0,6159.0,327.78
1785080910.5917735,80.0,7851.0,233.76
1785080911.6281238,51.0,581.0,157.16
1785080912.6656036,100.0,6159.0,235.41
1785080913.7051723,100.0,6159.0,346.02
1785080914.7399106,39.0,471.0,182.45
1785080915.780439,39.0,5537.0,94.04
1785080916.8173578,100.0,6159.0,330.25
1785080917.8601794,83.0,681.0,257.63
1785080918.9007375,32.0,1835.0,149.23
1785080919.937162,100.0,6159.0,187.51
1785080920.9772131,100.0,6159.0,348.7
1785080922.0350926,72.0,1437.0,196.18
1785080923.0762274,43.0,4637.0,94.08
1785080924.1134276,100.0,6159.0,309.26
1785080925.1521914,67.0,2637.0,276.13
1785080926.1926422,30.0,1835.0,156.19
1785080927.229125,100.0,6159.0,190.74
1785080928.2693317,100.0,6159.0,347.05
1785080929.30782,100.0,7851.0,203.27
1785080930.3482618,42.0,4637.0,111.58
1785080931.3855798,100.0,6159.0,321.24
1785080932.4252565,52.0,3621.0,247.08
1785080933.4647293,31.0,1835.0,157.01
1785080934.5016248,100.0,6159.0,187.9
1785080935.541258,100.0,6159.0,346.32
1785080936.5796447,73.0,7851.0,196.24
1785080937.639265,42.0,4637.0,97.55
1785080938.716346,100.0,6159.0,327.5
1785080939.7517102,70.0,737.0,253.17
1785080940.792431,33.0,1835.0,157.68
1785080941.8294277,100.0,6159.0,198.01
1785080942.869896,100.0,6159.0,352.25
1785080943.9079561,47.0,399.0,195.16
1785080944.9482749,43.0,5263.0,94.5
1785080945.98552,100.0,6159.0,332.02
1785080947.0282388,88.0,661.0,256.95
1785080948.0681703,51.0,1625.0,152.23
1785080949.1053963,100.0,6159.0,207.59
1785080950.1482491,100.0,6159.0,348.09
1785080951.18381,39.0,397.0,183.18
1785080952.2243133,43.0,5043.0,93.54
1785080953.261326,100.0,6159.0,329.96
1785080954.299967,88.0,433.0,256.7
1785080955.3587465,68.0,823.0,151.35
1785080956.3970935,100.0,6159.0,211.44
1785080957.4561303,100.0,6159.0,348.37
1785080958.4918149,47.0,471.0,161.11
1785080959.5323305,41.0,5357.0,95.39
1785080960.588214,100.0,6159.0,333.55
1785080961.6240628,82.0,749.0,241.66
1785080962.6600335,74.0,421.0,155.15
1785080963.69752,100.0,6159.0,210.3
1785080964.7373877,100.0,6159.0,348.14
1785080965.7759123,59.0,471.0,154.46
1785080966.8121529,41.0,5217.0,96.49
1785080967.8493922,100.0,6159.0,331.1
1785080968.8882725,83.0,417.0,239.3
1785080969.928561,31.0,1835.0,157.91
1785080970.9652524,100.0,6159.0,187.5
1785080972.0052469,100.0,6159.0,352.99
1785080973.0437732,100.0,7851.0,217.14
1785080974.0803351,42.0,4153.0,96.25
1785080975.1211948,100.0,6159.0,298.33
1785080976.160658,72.0,4841.0,256.82
1785080977.1996148,40.0,2027.0,160.02
1785080978.2371562,100.0,6159.0,160.57
1785080979.2773914,100.0,6159.0,351.47
1785080980.3177829,100.0,7851.0,212.94
1785080981.3565962,42.0,3313.0,111.17
1785080982.3973618,100.0,6159.0,282.23
1785080983.4360745,69.0,6159.0,301.25
1785080984.476308,41.0,1661.0,158.35
1785080985.5134478,100.0,6159.0,140.55
1785080986.5533159,100.0,6159.0,347.89
1785080987.5893512,100.0,7851.0,218.21
1785080988.6323192,40.0,2253.0,138.44
1785080989.6692445,100.0,6159.0,258.59
1785080990.7090726,71.0,6159.0,319.64
1785080991.748169,32.0,779.0,150.6
1785080992.7853463,95.0,6159.0,118.56
1785080993.8255064,100.0,6159.0,352.98
1785080994.8661427,100.0,7851.0,226.15
1785080995.9042597,62.0,1361.0,146.9
1785080996.9414897,100.0,6159.0,244.33
1785080997.9808931,90.0,6159.0,328.31
1785080999.0200286,97.0,631.0,163.87
1785081000.0763543,59.0,6073.0,113.07
1785081001.1137938,100.0,6159.0,346.07
1785081002.15467,79.0,7851.0,215.74
1785081003.1961749,62.0,681.0,157.57
1785081004.2524061,100.0,6159.0,236.86
1785081005.288558,100.0,6159.0,348.18
1785081006.323772,43.0,491.0,185.42
1785081007.3643968,40.0,5507.0,94.3
1785081008.4012122,100.0,6159.0,328.89
1785081009.4438946,73.0,7851.0,235.14
1785081010.4805036,34.0,1835.0,146.8
1785081011.5175953,100.0,6159.0,202.61
1785081012.559454,100.0,6159.0,349.92
1785081013.5962133,52.0,397.0,199.4
1785081014.6362426,41.0,4715.0,99.39
1785081015.6732578,100.0,6159.0,318.25
1785081016.7120595,62.0,2637.0,257.69
1785081017.747712,27.0,1835.0,160.82
1785081018.7848036,100.0,6159.0,177.62
1785081019.8213608,100.0,6159.0,350.14
1785081020.861557,100.0,7851.0,209.58
1785081021.9002724,43.0,4883.0,111.19
1785081022.9375825,100.0,7847.0,328.62
1785081023.9774427,100.0,7847.0,348.2
1785081025.0183253,100.0,7847.0,347.41
1785081026.0576913,100.0,7847.0,351.15
1785081027.0969608,100.0,7847.0,345.76
1785081028.1534884,100.0,7847.0,348.62
1785081029.193944,100.0,24877.0,203.77
1785081030.2334676,100.0,24877.0,275.46
1785081031.2721953,67.0,1681.0,173.38
1785081032.3092625,100.0,6161.0,139.6
1785081033.3493752,100.0,6161.0,346.5
1785081034.3888319,100.0,7851.0,218.38
1785081035.4242718,43.0,2601.0,142.32
1785081036.4611301,100.0,9481.0,258.89
1785081037.501725,100.0,9481.0,346.05
1785081038.541287,100.0,10127.0,341.49
1785081039.5819416,100.0,10127.0,348.25
1785081040.6215296,100.0,10127.0,352.42
1785081041.6613173,100.0,10127.0,348.54
1785081042.6979122,100.0,10127.0,343.15
1785081043.7373507,100.0,10127.0,347.87
1785081044.7827818,100.0,10127.0,345.13
1785081045.8240397,100.0,10127.0,346.52
1785081046.861224,100.0,10127.0,353.5
1785081047.9212077,100.0,10127.0,348.98
1785081048.9602008,93.0,535.0,241.21
1785081050.0010114,100.0,40759.0,252.68
1785081051.1387365,100.0,33545.0,248.95
1785081052.1820083,100.0,33545.0,266.28
1785081053.220283,0.0,473.0,224.57
1785081054.2562394,72.0,761.0,104.12
1785081055.3125088,100.0,6159.0,215.59
1785081056.3489647,100.0,6159.0,348.63
1785081057.38779,82.0,511.0,179.23
1785081058.4295096,54.0,5971.0,114.56
1785081059.4695067,100.0,6159.0,346.64
1785081060.5078244,95.0,7851.0,235.94
1785081061.5438275,56.0,903.0,157.08
1785081062.5814912,100.0,6159.0,209.96
1785081063.6214933,100.0,6159.0,347.79
1785081064.6598713,40.0,471.0,168.08
1785081065.696325,42.0,5357.0,96.05
1785081066.7331913,100.0,6159.0,331.03
1785081067.7721343,85.0,621.0,240.85
1785081068.8088543,28.0,1835.0,160.38
1785081069.8642716,100.0,6159.0,218.07
1785081070.9020102,100.0,6159.0,348.47
1785081071.9399135,40.0,397.0,184.68
1785081072.9762757,43.0,4797.0,94.42
1785081074.0135655,100.0,6159.0,329.25
1785081075.051968,86.0,1545.0,253.46
1785081076.0884197,29.0,1835.0,149.24
1785081077.1447506,100.0,6159.0,187.01
1785081078.1811097,100.0,6159.0,350.61
1785081079.2205412,47.0,7851.0,197.07
1785081080.2561939,43.0,4583.0,94.83
1785081081.2932475,100.0,6159.0,306.84
1785081082.3283684,83.0,3161.0,256.46
1785081083.3836365,35.0,1835.0,155.8
1785081084.4212697,100.0,6159.0,211.15
1785081085.461227,100.0,6159.0,346.26
1785081086.5004804,96.0,4511.0,204.5
1785081087.536434,42.0,5217.0,95.47
1785081088.573426,100.0,6159.0,326.93
1785081089.6162243,84.0,621.0,233.47
1785081090.6712246,51.0,521.0,160.59
1785081091.7094681,100.0,6159.0,233.97
1785081092.7450597,100.0,6159.0,347.74
1785081093.7839675,40.0,471.0,182.32
1785081094.8210285,60.0,5971.0,116.35
1785081095.8615057,100.0,6159.0,347.08
1785081096.8997548,94.0,7851.0,232.15
1785081097.940211,67.0,887.0,155.69
1785081098.9772367,100.0,6159.0,213.29
1785081100.0211844,92.0,6159.0,332.82
1785081101.0598443,96.0,531.0,166.47
1785081102.097193,43.0,6159.0,93.8
1785081103.1377683,100.0,6159.0,353.73
1785081104.177376,75.0,7851.0,229.79
1785081105.2162848,43.0,1641.0,143.78
1785081106.2533953,100.0,6159.0,235.15
1785081107.2932131,94.0,6159.0,342.52
1785081108.3320105,81.0,547.0,159.06
1785081109.3692827,95.0,6159.0,116.84
1785081110.4092224,100.0,6159.0,349.45
1785081111.4533975,100.0,7851.0,238.85
1785081112.4963312,42.0,2353.0,141.14
1785081113.5341198,100.0,6159.0,260.92
1785081114.5739007,69.0,6159.0,319.85
1785081115.6121216,44.0,1285.0,156.29
1785081116.6488242,100.0,6159.0,147.43
1785081117.68558,100.0,6159.0,351.76
1785081118.7205389,100.0,7851.0,228.03
1785081119.7563813,43.0,2919.0,130.26
1785081120.79297,100.0,6159.0,259.78
1785081121.8334339,72.0,6159.0,297.41
1785081122.8723397,49.0,1599.0,152.1
1785081123.9094315,100.0,6159.0,163.64
1785081124.9493299,100.0,6159.0,348.85
1785081125.9931085,100.0,7851.0,218.66
1785081127.0323417,43.0,3233.0,127.38
1785081128.0735977,100.0,6159.0,278.45
1785081129.1323097,74.0,6159.0,278.77
1785081130.168111,42.0,2027.0,159.63
1785081131.2051702,100.0,6159.0,183.28
1785081132.2451754,100.0,6159.0,348.63
1785081133.2873738,100.0,7851.0,211.9
1785081134.3244836,43.0,3513.0,111.63
1785081135.3614297,100.0,6159.0,284.49
1785081136.4012907,69.0,6159.0,276.77
1785081137.4406319,42.0,1967.0,150.43
1785081138.4774406,100.0,6159.0,141.5
1785081139.517532,100.0,6159.0,348.19
1785081140.5587227,100.0,7851.0,215.96
1785081141.6002812,43.0,2919.0,112.5
1785081142.6411877,100.0,6159.0,279.57
1785081143.6814034,72.0,6159.0,301.52
1785081144.7203703,43.0,1579.0,159.33
1785081145.7569916,100.0,6159.0,138.54
1785081146.7935777,100.0,6159.0,351.08
1785081147.8337488,100.0,7851.0,219.97
1785081148.8763661,40.0,2169.0,137.12
1785081149.9140544,100.0,7521.0,260.35
1785081150.9543216,100.0,7847.0,350.13
1785081151.9972908,100.0,7847.0,343.17
1785081153.0380392,100.0,7847.0,349.17
1785081154.0779665,100.0,7847.0,350.31
1785081155.117397,100.0,7847.0,346.71
1785081156.157638,100.0,24875.0,207.78
1785081157.2030168,100.0,24875.0,278.76
1785081158.2397833,100.0,513.0,206.71
1785081159.2762706,42.0,4985.0,97.59
1785081160.313227,100.0,6161.0,325.79
1785081161.3479648,81.0,983.0,253.83
1785081162.3844268,29.0,1835.0,156.54
1785081163.4213965,100.0,6159.0,189.59
1785081164.4615214,100.0,6159.0,347.69
1785081165.5015578,100.0,7851.0,205.69
1785081166.5403378,42.0,3621.0,109.55
1785081167.5775337,100.0,6159.0,285.37
1785081168.6170163,68.0,6159.0,275.71
1785081169.6606412,39.0,2007.0,163.18
1785081170.6974225,100.0,6159.0,164.63
1785081171.7563965,100.0,6159.0,351.26
1785081172.7963283,100.0,7851.0,214.69
1785081173.8362772,42.0,3293.0,121.78
1785081174.8734617,100.0,6159.0,274.15
1785081175.9171112,68.0,6159.0,281.98
1785081176.956875,43.0,1829.0,158.35
1785081177.9933004,100.0,6159.0,160.09
1785081179.0334034,100.0,6159.0,347.41
1785081180.0738513,100.0,7851.0,217.74
1785081181.1162634,42.0,2213.0,111.6
1785081182.1765316,100.0,6159.0,250.57
1785081183.2172832,69.0,6159.0,298.18
1785081184.260182,74.0,731.0,158.88
1785081185.296936,100.0,6159.0,127.4
1785081186.3332078,100.0,6159.0,353.01
1785081187.3724957,75.0,7851.0,229.16
1785081188.408318,60.0,1061.0,147.03
1785081189.4452617,100.0,6159.0,224.92
1785081190.484912,89.0,6159.0,326.75
1785081191.520226,82.0,471.0,164.38
1785081192.5603032,40.0,5403.0,98.02
1785081193.5972242,100.0,6159.0,331.79
1785081194.6400697,94.0,749.0,238.32
1785081195.6766028,27.0,1835.0,159.49
1785081196.7131083,100.0,6159.0,203.91
1785081197.75316,100.0,6159.0,353.1
1785081198.7919276,40.0,6575.0,185.31
1785081199.8289218,42.0,4513.0,93.29
1785081200.865598,100.0,6159.0,305.26
1785081201.904772,73.0,3681.0,252.88
1785081202.9398346,38.0,1835.0,160.06
1785081203.9768345,100.0,6159.0,188.82
1785081205.0132396,100.0,6159.0,351.08
1785081206.053626,100.0,7851.0,215.68
1785081207.0962794,42.0,3513.0,111.81
1785081208.1331441,100.0,6159.0,285.52
1785081209.1772273,67.0,6159.0,276.13
1785081210.2165937,42.0,1967.0,148.18
1785081211.2532365,100.0,6159.0,146.42
1785081212.2932098,100.0,6159.0,349.48
1785081213.3353906,100.0,7851.0,231.13
1785081214.3721452,42.0,2699.0,115.32
1785081215.4094038,100.0,6159.0,267.81
1785081216.4532647,69.0,6159.0,306.54
1785081217.4921446,41.0,1271.0,164.82
1785081218.5300002,100.0,6159.0,135.82
1785081219.58887,100.0,6159.0,348.6
1785081220.6258721,100.0,7851.0,218.99
1785081221.668269,52.0,2037.0,129.24
1785081222.7088478,100.0,6159.0,259.88
1785081223.745249,78.0,6159.0,323.27
1785081224.7841744,44.0,595.0,161.14
1785081225.8252177,79.0,6159.0,120.82
1785081226.8651502,100.0,6159.0,350.49
1785081227.904475,100.0,7851.0,225.9
1785081228.9442894,68.0,1227.0,146.87
1785081229.9809868,100.0,6159.0,237.29
1785081231.0399377,100.0,6159.0,348.18
1785081232.0757544,100.0,511.0,168.28
1785081233.117402,39.0,5889.0,94.44
1785081234.15754,100.0,6159.0,327.64
1785081235.195957,77.0,7851.0,235.78
1785081236.2321434,32.0,1709.0,149.7
1785081237.2692559,100.0,6159.0,211.04
1785081238.3118534,100.0,6159.0,349.01
1785081239.3478615,69.0,397.0,197.56
1785081240.384619,40.0,5297.0,96.29
1785081241.421474,100.0,6159.0,325.71
1785081242.4599311,62.0,1025.0,252.24
1785081243.4966078,32.0,1909.0,164.85
1785081244.5336058,100.0,8031.0,186.89
1785081245.5737522,100.0,9481.0,348.68
1785081246.6134276,100.0,10127.0,346.27
1785081247.654649,100.0,10127.0,351.2
1785081248.6938903,100.0,10127.0,342.37
1785081249.733619,100.0,10127.0,344.64
1785081250.7735212,100.0,10127.0,349.35
1785081251.8114688,100.0,10127.0,346.82
1785081252.850872,100.0,10127.0,349.2
1785081253.8890703,100.0,10127.0,341.81
1785081254.929474,100.0,10127.0,340.51
1785081255.9654326,100.0,10127.0,347.93
1785081257.006546,78.0,10127.0,320.59
1785081258.0449495,100.0,40759.0,197.95
1785081259.0878322,100.0,40759.0,282.79
1785081260.128836,100.0,33545.0,238.75
1785081261.1881711,100.0,33545.0,270.09
1785081262.2437856,100.0,1059.0,130.55
1785081263.2811792,100.0,6159.0,140.62
1785081264.321475,100.0,6159.0,349.55
1785081265.3617623,100.0,7851.0,218.0
1785081266.4003804,42.0,1901.0,136.42
1785081267.437645,100.0,6159.0,237.53
1785081268.477189,70.0,6159.0,324.82
1785081269.516251,84.0,841.0,157.91
1785081270.5531592,76.0,6159.0,140.38
1785081271.5932505,100.0,6159.0,349.14
1785081272.6334722,96.0,7851.0,225.0
1785081273.6721451,42.0,1667.0,136.63
1785081274.709673,100.0,6159.0,238.34
1785081275.7489653,98.0,6159.0,347.24
1785081276.787858,77.0,631.0,156.7
1785081277.8251834,59.0,6159.0,117.39
1785081278.866166,100.0,6159.0,346.13
1785081279.9236825,80.0,7851.0,228.21
1785081280.9838433,46.0,1541.0,142.89
1785081282.0405416,100.0,6159.0,235.62
1785081283.077534,75.0,6159.0,324.94
1785081284.1203284,95.0,513.0,149.38
1785081285.1571155,100.0,6159.0,117.23
1785081286.1972175,100.0,6159.0,352.26
1785081287.2366104,76.0,7851.0,228.2
1785081288.2763398,43.0,1867.0,143.31
1785081289.3132358,100.0,6159.0,235.26
1785081290.376225,72.0,6159.0,308.72
1785081291.4121873,63.0,745.0,157.75
1785081292.4495907,68.0,6159.0,138.33
1785081293.4896336,100.0,6159.0,351.45
1785081294.5302007,90.0,7851.0,225.88
1785081295.572961,43.0,2279.0,144.88
1785081296.6323733,100.0,6159.0,256.02
1785081297.6696446,73.0,6159.0,290.55
1785081298.727227,51.0,1661.0,156.2
1785081299.7651997,100.0,6159.0,162.99
1785081300.8054564,100.0,6159.0,347.83
1785081301.8458552,100.0,7851.0,213.94
1785081302.8883955,43.0,2659.0,127.9
1785081303.9256747,100.0,9481.0,251.93
1785081304.9655604,100.0,9481.0,347.99
1785081306.0051944,100.0,10127.0,341.95
1785081307.06502,100.0,10127.0,342.96
1785081308.1062903,100.0,10127.0,348.58
1785081309.1455815,100.0,10127.0,347.1
1785081310.2043707,100.0,10127.0,351.28
1785081311.2600744,100.0,10127.0,342.55
1785081312.2975307,100.0,10127.0,337.28
1785081313.3371649,100.0,10127.0,347.96
1785081314.3769197,100.0,10127.0,341.99
1785081315.436831,100.0,10127.0,345.27
1785081316.4721665,98.0,535.0,233.01
1785081317.5087435,100.0,40759.0,271.22
1785081318.578697,100.0,33545.0,252.8
1785081319.6216447,100.0,33545.0,273.51
1785081320.6601858,78.0,549.0,224.92
1785081321.696387,57.0,1541.0,103.44
1785081322.7339501,100.0,6159.0,235.55
1785081323.773285,83.0,6159.0,324.55
1785081324.8078148,100.0,631.0,161.48
1785081325.8450062,78.0,6073.0,121.37
1785081326.885487,100.0,6159.0,351.98
1785081327.926805,75.0,7851.0,236.67
1785081328.9682639,55.0,1321.0,152.52
1785081330.005491,100.0,6159.0,235.26
1785081331.0453374,81.0,6159.0,349.18
1785081332.0839934,100.0,611.0,161.5
1785081333.1211963,49.0,6159.0,108.98
1785081334.1612196,100.0,6159.0,348.85
1785081335.1965683,75.0,7851.0,228.73
1785081336.2361774,68.0,1167.0,145.84
1785081337.272891,100.0,6159.0,234.34
1785081338.31332,100.0,6159.0,352.36
1785081339.3518903,100.0,531.0,161.77
1785081340.4122808,40.0,6073.0,94.97
1785081341.4492621,100.0,6159.0,355.77
1785081342.489273,74.0,7851.0,242.29
1785081343.5553539,55.0,1227.0,145.44
1785081344.5932455,100.0,6159.0,235.19
1785081345.6330693,100.0,6159.0,326.35
1785081346.6765285,100.0,631.0,163.24
1785081347.713386,67.0,6159.0,117.27
1785081348.75356,100.0,6159.0,351.83
1785081349.7937152,88.0,7851.0,212.89
1785081350.8362503,43.0,1701.0,143.46
1785081351.8729763,100.0,6159.0,245.61
1785081352.9090836,91.0,6159.0,329.35
1785081353.9438906,62.0,631.0,156.53
1785081355.000548,85.0,6159.0,116.58
1785081356.0369728,100.0,6159.0,351.95
1785081357.0742595,100.0,7851.0,232.52
1785081358.1125026,65.0,1481.0,141.84
1785081359.1491003,100.0,6159.0,243.14
1785081360.189425,91.0,6159.0,330.68
1785081361.2277746,96.0,471.0,160.6
1785081362.2652388,98.0,6159.0,118.7
1785081363.3051171,100.0,6159.0,350.71
1785081364.3413808,100.0,7851.0,214.21
1785081365.380291,45.0,1761.0,144.11
1785081366.4174435,100.0,6159.0,235.41
1785081367.4572122,74.0,6159.0,317.95
1785081368.4999435,96.0,745.0,149.98
1785081369.537399,100.0,6159.0,140.9
1785081370.5771387,100.0,6159.0,351.48
1785081371.6191158,100.0,7851.0,227.09
1785081372.6794124,43.0,2759.0,133.13
1785081373.7368615,100.0,6159.0,283.28
1785081374.7818255,72.0,6159.0,299.94
1785081375.8247426,45.0,1927.0,150.1
1785081376.8805356,100.0,6159.0,164.05
1785081377.9172103,100.0,6159.0,351.84
1785081378.9596496,100.0,7851.0,215.43
1785081379.9964924,43.0,3933.0,115.82
1785081381.0331964,100.0,6159.0,308.2
1785081382.0733924,70.0,5991.0,281.01
1785081383.111927,42.0,1835.0,157.28
1785081384.1493208,100.0,6159.0,189.96
1785081385.1899877,100.0,6159.0,348.08
1785081386.233471,100.0,7851.0,204.96
1785081387.272626,42.0,4185.0,120.54
1785081388.3289213,100.0,9481.0,304.24
1785081389.370052,100.0,10127.0,341.78
1785081390.410034,100.0,10127.0,345.45
1785081391.4492862,100.0,10127.0,352.53
1785081392.4896002,100.0,10127.0,351.4
1785081393.5307167,100.0,10127.0,344.87
1785081394.5695317,100.0,10127.0,342.35
1785081395.628277,100.0,10127.0,348.96
1785081396.6658986,100.0,10127.0,343.69
1785081397.705987,100.0,10127.0,347.41
1785081398.7478006,100.0,10127.0,349.32
1785081399.7861023,100.0,10127.0,346.73
1785081400.8238459,81.0,40759.0,208.65
1785081401.8866243,100.0,40759.0,293.12
1785081402.9245949,100.0,33545.0,251.89
1785081403.9606519,100.0,33545.0,278.38
1785081404.9958034,49.0,549.0,226.21
1785081406.036303,42.0,1807.0,102.91
1785081407.0731857,100.0,6159.0,236.75
1785081408.1131213,98.0,6159.0,323.82
1785081409.151868,81.0,663.0,158.27
1785081410.1904516,42.0,8031.0,100.11
1785081411.2335646,100.0,9481.0,344.99
1785081412.2923925,100.0,10127.0,347.96
1785081413.3296692,100.0,10127.0,345.45
1785081414.3694491,100.0,10127.0,347.82
1785081415.4055722,100.0,10127.0,345.13
1785081416.446304,100.0,10127.0,348.15
1785081417.4843907,100.0,10127.0,343.68
1785081418.5213466,100.0,10127.0,344.89
1785081419.5614927,100.0,10127.0,347.18
1785081420.6015563,100.0,10127.0,347.07
1785081421.6417377,100.0,10127.0,347.72
1785081422.683497,100.0,10127.0,349.14
1785081423.720058,100.0,40759.0,219.85
1785081424.7622762,100.0,40759.0,294.96
1785081425.8035398,100.0,33545.0,259.61
1785081426.8639998,100.0,33545.0,264.43
1785081427.9000287,100.0,515.0,202.93
1785081428.9363592,42.0,3539.0,101.12
1785081429.9726572,100.0,9481.0,279.5
1785081431.0094197,100.0,10127.0,350.33
1785081432.0492084,100.0,10127.0,343.38
1785081433.084739,100.0,10127.0,337.09
1785081434.120768,100.0,10127.0,348.8
1785081435.1578016,100.0,10127.0,345.1
1785081436.2168517,100.0,10127.0,347.52
1785081437.2724676,100.0,10127.0,351.76
1785081438.3137994,100.0,10127.0,347.31
1785081439.3531735,100.0,10127.0,344.52
1785081440.3893015,100.0,10127.0,345.15
1785081441.430243,100.0,10127.0,349.73
1785081442.4683378,96.0,495.0,231.2
1785081443.5046105,100.0,40759.0,275.32
1785081444.5786664,100.0,33545.0,259.48
1785081445.6217656,100.0,33545.0,261.52
1785081446.66028,4.0,475.0,232.41
1785081447.6961715,38.0,687.0,128.58
1785081448.7520304,100.0,8351.0,228.75
1785081449.7899327,100.0,9481.0,349.32
1785081450.8298347,100.0,10127.0,346.66
1785081451.8694925,100.0,10127.0,347.15
1785081452.9136107,100.0,10127.0,353.02
1785081453.9531734,100.0,10127.0,347.88
1785081455.012647,100.0,10127.0,339.07
1785081456.049955,100.0,10127.0,342.55
1785081457.091261,100.0,10127.0,351.76
1785081458.1302361,100.0,10127.0,345.25
1785081459.169601,100.0,10127.0,354.34
1785081460.2095196,100.0,10127.0,348.82
1785081461.2528632,71.0,10127.0,291.86
1785081462.2923985,100.0,40759.0,221.46
1785081463.3289087,100.0,40759.0,303.13
1785081464.3703437,100.0,33545.0,239.14
1785081465.4102561,100.0,33545.0,274.47
1785081466.4671643,62.0,2027.0,117.83
1785081467.506316,100.0,6159.0,166.83
1785081468.545722,100.0,6159.0,345.39
1785081469.5868,100.0,7851.0,232.9
1785081470.6243691,42.0,2959.0,129.53
1785081471.6611414,100.0,9481.0,256.95
1785081472.7010758,100.0,9481.0,340.86
1785081473.7420504,100.0,10127.0,347.34
1785081474.7829716,100.0,10127.0,345.3
1785081475.8221166,100.0,10127.0,347.84
1785081476.8618302,100.0,10127.0,353.22
1785081477.9209452,100.0,10127.0,349.87
1785081478.9575932,100.0,10127.0,344.65
1785081479.9976382,100.0,10127.0,345.14
1785081481.0602715,100.0,10127.0,353.39
1785081482.098424,100.0,10127.0,343.88
1785081483.1376257,100.0,10127.0,354.14
1785081484.175785,88.0,481.0,255.81
1785081485.2125146,100.0,40759.0,274.9
1785081486.326629,100.0,33545.0,254.66
1785081487.3694274,100.0,33545.0,274.93
1785081488.4122736,37.0,549.0,226.57
1785081489.448241,59.0,687.0,107.61
1785081490.4848015,100.0,8351.0,209.67
1785081491.5211246,100.0,9481.0,353.66
1785081492.5625103,100.0,10127.0,344.97
1785081493.6207905,100.0,10127.0,347.62
1785081494.657757,100.0,10127.0,345.87
1785081495.693632,100.0,10127.0,348.45
1785081496.733723,100.0,10127.0,344.56
1785081497.7737598,100.0,10127.0,344.13
1785081498.8125105,100.0,10127.0,350.19
1785081499.8493588,100.0,10127.0,354.13
1785081500.8892186,100.0,10127.0,343.54
1785081501.9297075,100.0,10127.0,341.47
1785081502.969059,68.0,10127.0,299.99
1785081504.0090542,100.0,40759.0,220.57
1785081505.0485885,100.0,40759.0,307.03
1785081506.0954113,100.0,33545.0,233.25
1785081507.138804,100.0,33545.0,275.98
1785081508.1800675,100.0,1799.0,132.25
1785081509.2212074,100.0,8031.0,143.55
1785081510.2645333,100.0,9481.0,346.44
1785081511.3065758,100.0,10127.0,344.79
1785081512.3499289,100.0,10127.0,353.15
1785081513.393252,100.0,10127.0,342.57
1785081514.4297402,100.0,10127.0,349.66
1785081515.4704626,100.0,10127.0,350.42
1785081516.513948,100.0,10127.0,345.83
1785081517.5576632,100.0,10127.0,347.42
1785081518.598124,100.0,10127.0,347.65
1785081519.6378534,100.0,10127.0,345.6
1785081520.677717,100.0,10127.0,346.1
1785081521.7194269,100.0,10127.0,349.64
1785081522.757758,100.0,40759.0,207.55
1785081523.8021142,100.0,40759.0,294.46
1785081524.8437297,100.0,33545.0,246.7
1785081525.8809085,100.0,33545.0,270.92
1785081526.9199388,100.0,663.0,172.04
1785081527.9602575,42.0,4877.0,99.32
1785081529.016416,100.0,6159.0,328.95
1785081530.051835,68.0,1109.0,254.93
1785081531.088504,21.0,1835.0,159.34
1785081532.1252956,100.0,6159.0,189.63
1785081533.1659064,100.0,6159.0,347.49
1785081534.204095,100.0,7851.0,207.53
1785081535.244268,42.0,3899.0,112.08
1785081536.2815087,100.0,6159.0,311.04
1785081537.3251512,68.0,6159.0,278.09
1785081538.364008,41.0,2027.0,157.45
1785081539.4014747,100.0,6159.0,165.25
1785081540.4415896,100.0,6159.0,347.53
1785081541.481263,100.0,7851.0,215.16
1785081542.5433784,42.0,3233.0,113.42
1785081543.5818117,100.0,6159.0,283.41
1785081544.6213043,69.0,6159.0,298.51
1785081545.6877306,41.0,1907.0,152.5
1785081546.7292247,100.0,6159.0,140.49
1785081547.7692454,100.0,6159.0,350.27
1785081548.805989,100.0,7851.0,223.13
1785081549.8442407,42.0,2573.0,129.32
1785081550.8812191,100.0,6159.0,273.92
1785081551.9248614,69.0,6159.0,299.11
1785081552.960095,54.0,1141.0,157.91
1785081553.997012,100.0,6159.0,142.82
1785081555.0413265,100.0,6159.0,351.0
1785081556.1008182,100.0,7851.0,218.37
1785081557.1404235,41.0,2007.0,146.29
1785081558.1816213,100.0,6159.0,261.1
1785081559.2213216,72.0,6159.0,318.1
1785081560.2643714,99.0,617.0,149.04
1785081561.3054984,88.0,6787.0,121.64
1785081562.345493,100.0,7847.0,350.0
1785081563.3851602,100.0,7847.0,351.22
1785081564.425612,100.0,7847.0,346.24
1785081565.4664183,100.0,7847.0,351.34
1785081566.5052788,100.0,7847.0,342.83
1785081567.5452936,87.0,7847.0,324.27
1785081568.5844352,100.0,24875.0,221.89
1785081569.6235166,100.0,24875.0,276.38
1785081570.6599221,38.0,1835.0,144.1
1785081571.6971424,100.0,6161.0,189.47
1785081572.7339141,100.0,6161.0,347.05
1785081573.7718093,95.0,7851.0,205.66
1785081574.8083284,42.0,3795.0,109.64
1785081575.8455336,100.0,6159.0,283.71
1785081576.8812084,67.0,6159.0,275.9
1785081577.9198685,42.0,1835.0,151.12
1785081578.9761746,100.0,6159.0,163.74
1785081580.0133977,100.0,6159.0,347.92
1785081581.0540106,100.0,7851.0,212.66
1785081582.0963247,42.0,4361.0,107.84
1785081583.1333706,100.0,6159.0,305.15
1785081584.172417,59.0,5317.0,252.33
1785081585.208098,40.0,2027.0,158.44
1785081586.2642307,100.0,6159.0,183.1
1785081587.3011599,100.0,6159.0,349.32
1785081588.342928,100.0,7851.0,212.44
1785081589.3805366,42.0,3341.0,113.64
1785081590.417935,100.0,7521.0,280.53
1785081591.4584293,100.0,7847.0,346.88
1785081592.496946,100.0,7847.0,349.43
1785081593.5370588,100.0,7847.0,348.22
1785081594.5740569,100.0,7847.0,346.46
1785081595.6139114,100.0,7847.0,353.02
1785081596.654216,100.0,24875.0,212.53
1785081597.6929462,100.0,24875.0,286.25
1785081598.7283607,100.0,515.0,199.36
1785081599.7699604,47.0,6789.0,106.44
1785081600.8093915,100.0,7847.0,333.17
1785081601.8497992,100.0,7847.0,349.39
1785081602.890681,100.0,7847.0,348.22
1785081603.9294276,100.0,7847.0,345.31
1785081604.969765,100.0,7847.0,350.01
1785081606.0092537,100.0,7847.0,347.23
1785081607.0486195,100.0,24877.0,199.29
1785081608.0901146,100.0,24877.0,273.79
1785081609.1281855,42.0,2027.0,154.03
1785081610.1652286,100.0,6159.0,165.45
1785081611.205194,100.0,6159.0,348.62
1785081612.2470863,100.0,7851.0,231.7
1785081613.2883265,42.0,3761.0,113.02
1785081614.3256345,100.0,6159.0,282.81
1785081615.365358,70.0,6159.0,278.61
1785081616.4038105,42.0,1833.0,152.5
1785081617.4457297,100.0,6161.0,166.68
1785081618.4867637,100.0,6161.0,351.68
1785081619.5242867,100.0,7851.0,215.92
1785081620.5607338,42.0,4959.0,95.04
1785081621.597454,100.0,6161.0,325.61
1785081622.6360545,75.0,657.0,253.75
1785081623.6719172,67.0,413.0,159.5
1785081624.7096891,100.0,6161.0,221.48
1785081625.7496657,100.0,6161.0,352.34
1785081626.7880766,57.0,471.0,174.28
1785081627.825415,42.0,5889.0,99.96
1785081628.8694646,100.0,6159.0,348.28
1785081629.9079702,95.0,7851.0,234.03
1785081630.9444985,22.0,1709.0,157.12
1785081631.981031,100.0,6159.0,211.89
1785081633.0198371,100.0,6159.0,346.39
1785081634.0565305,40.0,3487.0,164.71
1785081635.0924518,43.0,4639.0,95.58
1785081636.1294987,100.0,6159.0,307.55
1785081637.1681306,84.0,2559.0,254.49
1785081638.2086158,29.0,1833.0,153.15
1785081639.2453375,100.0,6161.0,212.35
1785081640.3082445,100.0,6161.0,349.05
1785081641.3725643,84.0,471.0,177.24
1785081642.4104972,51.0,8031.0,112.89
1785081643.4508204,100.0,9481.0,348.06
1785081644.4902537,100.0,10127.0,344.74
1785081645.5298545,100.0,10127.0,350.56
1785081646.5696335,100.0,10127.0,348.46
1785081647.6095717,100.0,10127.0,340.52
1785081648.6497774,100.0,10127.0,346.34
1785081649.70931,100.0,10127.0,343.12
1785081650.749419,100.0,10127.0,350.74
1785081651.7890885,100.0,10127.0,348.65
1785081652.8294964,100.0,10127.0,340.77
1785081653.8693786,100.0,10127.0,344.4
1785081654.911164,100.0,10127.0,348.76
1785081655.9685044,100.0,40759.0,202.65
1785081657.0080528,100.0,40759.0,295.42
1785081658.0517712,100.0,33545.0,248.3
1785081659.0943303,100.0,33545.0,262.98
1785081660.1320968,100.0,549.0,170.23
1785081661.1683981,41.0,5163.0,99.72
1785081662.2050836,100.0,7847.0,323.44
1785081663.2417557,100.0,7847.0,344.5
1785081664.2803907,100.0,7847.0,350.88
1785081665.336392,100.0,7847.0,345.3
1785081666.373682,100.0,7847.0,348.69
1785081667.4130864,100.0,7847.0,348.02
1785081668.4497588,100.0,24877.0,209.0
1785081669.4897957,100.0,24877.0,285.28
1785081670.5515847,42.0,1887.0,147.7
1785081671.5905685,100.0,8031.0,164.51
1785081672.6317697,100.0,9481.0,342.36
1785081673.6707036,100.0,10127.0,351.13
1785081674.7099657,100.0,10127.0,344.65
1785081675.7507029,100.0,10127.0,348.33
1785081676.7891867,100.0,10127.0,346.72
1785081677.8295524,100.0,10127.0,345.72
1785081678.8742101,100.0,10127.0,346.21
1785081679.9126117,100.0,10127.0,348.02
1785081680.950015,100.0,10127.0,345.78
1785081682.0085146,100.0,10127.0,359.33
1785081683.0460577,100.0,10127.0,344.28
1785081684.0856714,93.0,10127.0,331.85
1785081685.1242883,100.0,40759.0,195.02
1785081686.160636,100.0,40759.0,299.83
1785081687.2024872,100.0,33545.0,238.38
1785081688.241033,100.0,33545.0,285.13
1785081689.2800343,100.0,863.0,151.91
1785081690.3363378,100.0,6789.0,147.21
1785081691.3771265,100.0,7847.0,346.95
1785081692.416814,100.0,7847.0,352.97
1785081693.453961,100.0,7847.0,345.18
1785081694.4952655,100.0,7847.0,352.72
1785081695.5524979,100.0,7847.0,345.38
1785081696.5891225,71.0,7847.0,308.17
1785081697.6332662,100.0,24877.0,243.09
1785081698.6731632,100.0,24877.0,277.25
1785081699.7121701,61.0,989.0,129.79
1785081700.749693,100.0,9479.0,229.75
1785081701.788798,100.0,9481.0,343.35
1785081702.8251293,100.0,10127.0,343.6
1785081703.8668249,100.0,10127.0,344.2
1785081704.9053032,100.0,10127.0,347.44
1785081705.945832,100.0,10127.0,344.27
1785081706.985212,100.0,10127.0,352.49
1785081708.025393,100.0,10127.0,344.65
1785081709.0659618,100.0,10127.0,344.12
1785081710.104654,100.0,10127.0,347.7
1785081711.1609182,100.0,10127.0,348.64
1785081712.1972175,100.0,10127.0,349.35
1785081713.2372549,69.0,10127.0,277.64
1785081714.2816432,100.0,40759.0,235.11
1785081715.3215551,100.0,40759.0,283.65
1785081716.360572,100.0,33545.0,247.44
1785081717.3956869,100.0,33545.0,270.71
1785081718.4317966,32.0,1883.0,103.31
1785081719.4692132,100.0,7521.0,198.06
1785081720.5096905,100.0,7847.0,349.12
1785081721.5509892,100.0,7847.0,345.63
1785081722.5889726,100.0,7847.0,350.04
1785081723.625069,100.0,7847.0,346.91
1785081724.6627035,100.0,7847.0,347.86
1785081725.700731,70.0,5085.0,279.59
1785081726.7371454,100.0,24877.0,255.63
1785081727.7720437,31.0,24877.0,254.73
1785081728.8315198,42.0,1869.0,106.56
1785081729.8692398,100.0,6161.0,246.91
1785081730.9132748,91.0,6161.0,307.62
1785081731.9557467,67.0,515.0,162.01
1785081732.993423,100.0,8031.0,149.64
1785081734.0323825,100.0,9481.0,350.35
1785081735.0698807,100.0,10127.0,342.3
1785081736.1089451,100.0,10127.0,349.99
1785081737.1454892,100.0,10127.0,345.42
1785081738.1819203,100.0,10127.0,337.43
1785081739.22255,100.0,10127.0,344.56
1785081740.261674,100.0,10127.0,345.8
1785081741.2973015,100.0,10127.0,353.71
1785081742.3337874,100.0,10127.0,352.48
1785081743.37397,100.0,10127.0,344.69
1785081744.4142942,100.0,10127.0,344.35
1785081745.4547665,100.0,10127.0,348.64
1785081746.492933,100.0,40759.0,179.94
1785081747.5346477,100.0,40759.0,292.04
1785081748.575397,100.0,33545.0,248.43
1785081749.6180894,100.0,33545.0,275.38
1785081750.655842,100.0,615.0,160.81
1785081751.7194638,41.0,4957.0,100.37
1785081752.7573025,100.0,6159.0,327.0
1785081753.795674,75.0,875.0,248.1
1785081754.8357718,57.0,637.0,160.39
1785081755.8732917,100.0,8351.0,210.79
1785081756.9128718,100.0,9481.0,351.2
1785081757.9495268,100.0,10127.0,349.85
1785081758.9905841,100.0,10127.0,344.63
1785081760.0293796,100.0,10127.0,347.75
1785081761.0691357,100.0,10127.0,347.67
1785081762.1090467,100.0,10127.0,349.38
1785081763.1453013,100.0,10127.0,349.78
1785081764.2001846,100.0,10127.0,350.49
1785081765.2379575,100.0,10127.0,346.47
1785081766.2768083,100.0,10127.0,345.35
1785081767.3135285,100.0,10127.0,347.23
1785081768.35336,72.0,10127.0,300.59
1785081769.3924658,100.0,40761.0,215.24
1785081770.4279199,100.0,40761.0,288.02
1785081771.469656,100.0,33545.0,245.63
1785081772.5124607,100.0,33545.0,261.27
1785081773.5522983,91.0,1615.0,118.48
1785081774.5900447,100.0,7517.0,159.99
1785081775.6294456,100.0,7847.0,348.91
1785081776.6652064,100.0,7847.0,351.24
1785081777.7051065,100.0,7847.0,350.96
1785081778.7407074,100.0,7847.0,346.22
1785081779.77657,100.0,7847.0,351.03
1785081780.8127787,68.0,7847.0,276.78
1785081781.8488014,100.0,24877.0,247.13
1785081782.8880994,100.0,24877.0,279.74
1785081783.9285893,66.0,863.0,102.94
1785081784.9652355,100.0,6161.0,214.99
1785081786.0046716,100.0,6161.0,346.77
1785081787.0402706,81.0,493.0,179.38
1785081788.0774353,58.0,6789.0,115.77
1785081789.1177447,100.0,7847.0,350.81
1785081790.1577072,100.0,7847.0,343.97
1785081791.197422,100.0,7847.0,350.6
1785081792.2343771,100.0,7847.0,346.95
1785081793.273189,100.0,7847.0,349.92
1785081794.3092449,74.0,7847.0,316.19
1785081795.3484175,100.0,24877.0,208.31
1785081796.3877265,100.0,24877.0,284.54
1785081797.423751,45.0,1885.0,134.96
1785081798.461911,100.0,7521.0,179.98
1785081799.5016477,100.0,7847.0,345.45
1785081800.538765,100.0,7847.0,353.96
1785081801.5772567,100.0,7847.0,346.51
1785081802.6177466,100.0,7847.0,350.87
1785081803.6576574,100.0,7847.0,347.28
1785081804.6972723,47.0,7847.0,255.33
1785081805.7368963,100.0,24875.0,244.88
1785081806.7757468,100.0,24875.0,274.19
1785081807.8163185,43.0,2141.0,106.29
1785081808.8534029,100.0,9481.0,253.16
1785081809.893473,100.0,9481.0,347.5
1785081810.9524853,100.0,10127.0,350.96
1785081812.0093484,100.0,10127.0,344.65
1785081813.0450373,100.0,10127.0,341.18
1785081814.0817597,100.0,10127.0,342.0
1785081815.1210778,100.0,10127.0,341.31
1785081816.1612709,100.0,10127.0,349.76
1785081817.1984117,100.0,10127.0,342.59
1785081818.2388668,100.0,10127.0,346.71
1785081819.2780414,100.0,10127.0,346.75
1785081820.3180768,100.0,10127.0,348.42
1785081821.3563182,61.0,5617.0,255.38
1785081822.3923097,100.0,40759.0,254.52
1785081823.566807,100.0,33545.0,259.99
1785081824.6100025,100.0,33545.0,259.52
1785081825.652212,1.0,473.0,232.71
1785081826.688346,43.0,1703.0,108.74
1785081827.7446826,100.0,7521.0,245.05
1785081828.7816665,100.0,7847.0,346.94
1785081829.8219256,100.0,7847.0,352.83
1785081830.8617136,100.0,7847.0,343.08
1785081831.901748,100.0,7847.0,355.69
1785081832.937316,100.0,7847.0,349.39
1785081833.975761,77.0,24877.0,227.55
1785081835.0157948,100.0,24877.0,286.11
1785081836.0533757,100.0,663.0,212.6
1785081837.0963783,40.0,5413.0,99.58
1785081838.1356308,100.0,9481.0,328.93
1785081839.173337,100.0,10127.0,345.03
1785081840.21336,100.0,10127.0,343.78
1785081841.2544029,100.0,10127.0,344.61
1785081842.2942967,100.0,10127.0,347.83
1785081843.3340886,100.0,10127.0,348.67
1785081844.373204,100.0,10127.0,352.32
1785081845.4172401,100.0,10127.0,347.15
1785081846.4528873,100.0,10127.0,339.37
1785081847.4889305,100.0,10127.0,343.87
1785081848.5247564,100.0,10127.0,347.9
1785081849.5620606,100.0,10127.0,351.04
1785081850.5998375,100.0,40759.0,214.27
1785081851.64207,100.0,40759.0,293.03
1785081852.6797612,100.0,33545.0,253.96
1785081853.7212305,100.0,33545.0,268.09
1785081854.760361,99.0,587.0,210.57
1785081855.8152351,42.0,2215.0,107.78
1785081856.8527594,100.0,7521.0,249.06
1785081857.8893926,100.0,7847.0,351.58
1785081858.9291275,100.0,7847.0,354.91
1785081859.9698913,100.0,7847.0,343.86
1785081861.0085483,100.0,7847.0,352.71
1785081862.0452967,100.0,7847.0,345.23
1785081863.0836797,100.0,24875.0,224.4
1785081864.1235485,100.0,24875.0,282.33
1785081865.1598315,100.0,631.0,226.99
1785081866.2004428,42.0,4391.0,99.08
1785081867.2383473,100.0,6721.0,305.28
1785081868.276769,100.0,6721.0,348.38
1785081869.313096,100.0,6721.0,349.93
1785081870.3534055,100.0,12843.0,208.74
1785081871.396123,43.0,1835.0,182.59
1785081872.4370346,100.0,6159.0,166.41
1785081873.516237,100.0,6159.0,349.15
1785081874.5529277,100.0,7851.0,214.29
1785081875.5963585,43.0,3901.0,99.49
1785081876.6332455,100.0,6159.0,283.46
1785081877.6914275,71.0,5333.0,268.43
1785081878.7322102,42.0,1843.0,159.88
1785081879.7733698,100.0,6555.0,189.69
1785081880.813088,100.0,6721.0,349.58
1785081881.8533616,100.0,6721.0,349.83
1785081882.9077191,81.0,2583.0,256.21
1785081883.9440444,100.0,12843.0,245.98
1785081884.9846542,42.0,4273.0,96.45
1785081886.021179,100.0,6161.0,306.12
1785081887.0609515,59.0,5839.0,280.59
1785081888.123379,40.0,1889.0,163.32
1785081889.1615367,100.0,8031.0,185.59
1785081890.2016401,100.0,9481.0,344.08
1785081891.2631116,100.0,10127.0,346.11
1785081892.302716,100.0,10127.0,348.52
1785081893.340873,100.0,10127.0,341.78
1785081894.3959823,100.0,10127.0,341.27
1785081895.43389,100.0,10127.0,343.78
1785081896.4751725,100.0,10127.0,351.3
1785081897.5320966,100.0,10127.0,353.33
1785081898.568852,100.0,10127.0,351.11
1785081899.6051087,100.0,10127.0,342.45
1785081900.6455379,100.0,10127.0,346.07
1785081901.685196,69.0,10127.0,297.78
1785081902.7249055,100.0,40761.0,216.15
1785081903.770315,100.0,40761.0,286.91
1785081904.8077734,100.0,33545.0,244.41
1785081905.8489785,100.0,33545.0,267.79
1785081906.892155,91.0,1435.0,117.69
1785081907.9291446,100.0,6159.0,140.42
1785081908.9689305,100.0,6159.0,345.91
1785081910.006782,100.0,7851.0,221.61
1785081911.044305,49.0,1977.0,144.53
1785081912.0811646,100.0,6159.0,258.23
1785081913.1208932,77.0,6159.0,319.93
1785081914.1602767,42.0,515.0,162.39
1785081915.1980205,100.0,8031.0,149.06
1785081916.2376256,100.0,9481.0,351.05
1785081917.2780066,100.0,10127.0,340.46
1785081918.336758,100.0,10127.0,344.49
1785081919.3737366,100.0,10127.0,345.93
1785081920.4130862,100.0,10127.0,349.85
1785081921.4548023,100.0,10127.0,346.69
1785081922.4939039,100.0,10127.0,348.41
1785081923.533829,100.0,10127.0,348.89
1785081924.5967042,100.0,10127.0,350.12
1785081925.6335444,100.0,10127.0,345.41
1785081926.6729407,100.0,10127.0,348.39
1785081927.7136586,100.0,10127.0,351.75
1785081928.7802782,100.0,40761.0,210.21
1785081929.8270693,100.0,40761.0,296.72
1785081930.8673594,100.0,33545.0,237.9
1785081931.9105763,100.0,33545.0,277.6
1785081932.951897,100.0,759.0,153.55
1785081933.9892917,40.0,5849.0,97.67
1785081935.0294929,100.0,6159.0,330.48
1785081936.067768,73.0,7851.0,224.92
1785081937.1229293,34.0,983.0,148.31
1785081938.1614087,100.0,6159.0,213.66
1785081939.2244475,100.0,6159.0,349.76
1785081940.259641,54.0,397.0,172.71
1785081941.3003314,42.0,4817.0,96.27
1785081942.3374188,100.0,6159.0,305.57
1785081943.380115,86.0,1597.0,255.34
1785081944.4161527,34.0,1665.0,148.55
1785081945.4535134,100.0,8351.0,213.86
1785081946.4933221,100.0,9481.0,344.72
1785081947.5351574,100.0,10127.0,346.57
1785081948.5743213,100.0,10127.0,350.72
1785081949.6130657,100.0,10127.0,343.72
1785081950.6533158,100.0,10127.0,351.88
1785081951.6930683,100.0,10127.0,341.55
1785081952.7532809,100.0,10127.0,337.83
1785081953.807356,100.0,10127.0,349.59
1785081954.8457642,100.0,10127.0,344.18
1785081955.8849084,100.0,10127.0,353.17
1785081956.9205942,100.0,10127.0,345.0
1785081957.9610171,68.0,10127.0,283.57
1785081959.005872,100.0,40761.0,220.13
1785081960.0440738,100.0,40761.0,298.15
1785081961.1048725,100.0,33545.0,227.45
1785081962.145188,100.0,33545.0,271.68
1785081963.2030451,62.0,1883.0,116.79
1785081964.260535,100.0,7521.0,190.45
1785081965.3016617,100.0,7847.0,346.82
1785081966.3456573,100.0,7847.0,348.65
1785081967.3887236,100.0,7847.0,345.25
1785081968.4289603,100.0,7847.0,354.84
1785081969.466926,100.0,7847.0,343.41
1785081970.504578,62.0,4531.0,257.1
1785081971.54158,100.0,24877.0,260.27
1785081972.5840058,2.0,24757.0,259.08
1785081973.6242769,55.0,1843.0,100.88
1785081974.661249,100.0,6161.0,256.06
1785081975.7052088,83.0,6161.0,322.45
1785081976.7437391,53.0,633.0,160.11
1785081977.781238,100.0,6161.0,137.98
1785081978.8213184,100.0,6161.0,350.76
1785081979.8635767,100.0,7851.0,222.17
1785081980.9043305,42.0,2515.0,147.53
1785081981.9415715,100.0,6161.0,274.87
1785081982.9849825,69.0,6161.0,306.97
1785081984.02812,72.0,909.0,160.93
1785081985.08408,100.0,6161.0,142.84
1785081986.121105,100.0,6161.0,350.73
1785081987.163576,100.0,7851.0,219.32
1785081988.2003157,42.0,2701.0,128.12
1785081989.237222,100.0,6161.0,283.81
1785081990.2768152,69.0,6161.0,301.63
1785081991.3208885,55.0,1601.0,163.7
1785081992.362019,100.0,8031.0,172.48
1785081993.402279,100.0,9481.0,339.9
1785081994.440809,100.0,10127.0,349.9
1785081995.4773626,100.0,10127.0,344.3
1785081996.5183227,100.0,10127.0,355.08
1785081997.5580754,100.0,10127.0,344.9
1785081998.5979257,100.0,10127.0,340.07
1785081999.6395774,100.0,10127.0,347.34
1785082000.6776552,100.0,10127.0,344.57
1785082001.718094,100.0,10127.0,345.84
1785082002.757954,100.0,10127.0,348.47
1785082003.7968786,100.0,10127.0,347.37
1785082004.836969,87.0,10127.0,325.71
1785082005.8809814,100.0,40759.0,184.14
1785082006.9167836,100.0,40759.0,300.08
1785082007.9583666,100.0,33545.0,242.13
1785082008.9968715,100.0,33545.0,279.2
1785082010.0552006,100.0,863.0,142.69
1785082011.097746,64.0,8031.0,119.72
1785082012.1393044,100.0,9481.0,351.92
1785082013.177565,100.0,10127.0,346.38
1785082014.2177556,100.0,10127.0,351.0
1785082015.2574897,100.0,10127.0,342.12
1785082016.2982597,100.0,10127.0,337.3
1785082017.337893,100.0,10127.0,349.38
1785082018.3774068,100.0,10127.0,343.68
1785082019.4171708,100.0,10127.0,348.09
1785082020.457861,100.0,10127.0,353.67
1785082021.4978752,100.0,10127.0,344.32
1785082022.5392742,100.0,10127.0,339.45
1785082023.5787008,100.0,10127.0,345.08
1785082024.6157975,100.0,40759.0,197.94
1785082025.6539578,100.0,40759.0,294.61
1785082026.6962569,100.0,33545.0,256.34
1785082027.756423,100.0,33545.0,269.21
1785082028.7918384,100.0,533.0,177.9
1785082029.8322744,42.0,4843.0,101.95
1785082030.8693998,100.0,6159.0,326.89
1785082031.908052,75.0,1109.0,258.97
1785082032.944558,41.0,1835.0,165.94
1785082033.9814792,100.0,6159.0,203.32
1785082035.0221024,100.0,6159.0,351.01
1785082036.0792131,46.0,397.0,187.21
1785082037.1183624,42.0,8031.0,95.64
1785082038.1567993,100.0,9481.0,344.47
1785082039.194109,100.0,10127.0,351.39
1785082040.233624,100.0,10127.0,346.71
1785082041.2742896,100.0,10127.0,337.95
1785082042.3136961,100.0,10127.0,347.11
1785082043.3532736,100.0,10127.0,349.4
1785082044.3934429,100.0,10127.0,355.24
1785082045.4328833,100.0,10127.0,347.97
1785082046.4697118,100.0,10127.0,340.87
1785082047.509639,100.0,10127.0,345.68
1785082048.5510561,100.0,10127.0,345.2
1785082049.5896688,100.0,10127.0,344.96
1785082050.6279209,100.0,40761.0,225.68
1785082051.6643362,100.0,40761.0,296.1
1785082052.7227943,100.0,33545.0,253.45
1785082053.7657716,100.0,33545.0,262.83
1785082054.8039722,100.0,513.0,196.4
1785082055.8403945,43.0,3559.0,100.68
1785082056.877353,100.0,6159.0,283.82
1785082057.9172409,68.0,6159.0,278.05
1785082058.956943,42.0,1907.0,162.35
1785082059.997191,100.0,6159.0,149.74
1785082061.0329356,100.0,6159.0,347.61
1785082062.075474,100.0,7851.0,231.98
1785082063.1123822,43.0,2839.0,116.54
1785082064.1491406,100.0,6159.0,279.61
1785082065.189145,72.0,6159.0,295.9
1785082066.2285228,43.0,1471.0,161.57
1785082067.2693117,100.0,6555.0,143.52
1785082068.3050587,100.0,6721.0,350.9
1785082069.3451679,100.0,6721.0,350.26
1785082070.3851218,72.0,6721.0,301.62
1785082071.428205,100.0,12843.0,223.2
1785082072.468478,43.0,2153.0,127.82
1785082073.5048573,100.0,9481.0,238.8
1785082074.5414128,100.0,9481.0,336.88
1785082075.581051,100.0,10127.0,341.73
1785082076.6216369,100.0,10127.0,346.77
1785082077.6618235,100.0,10127.0,347.08
1785082078.7011378,100.0,10127.0,348.93
1785082079.7407875,100.0,10127.0,344.88
1785082080.796345,100.0,10127.0,337.0
1785082081.8328638,100.0,10127.0,342.53
1785082082.8701043,100.0,10127.0,345.18
1785082083.92883,100.0,10127.0,347.82
1785082084.966211,100.0,10127.0,349.8
1785082086.004571,71.0,6631.0,249.42
1785082087.0405138,100.0,40759.0,259.8
1785082088.2388659,100.0,33545.0,253.34
1785082089.281093,100.0,33545.0,264.56
1785082090.3202884,38.0,475.0,226.16
1785082091.3562741,72.0,1007.0,105.5
1785082092.3936234,100.0,9479.0,210.97
1785082093.433741,100.0,9481.0,344.51
1785082094.4746995,100.0,10127.0,341.81
1785082095.5152,100.0,10127.0,350.14
1785082096.5538502,100.0,10127.0,347.19
1785082097.594143,100.0,10127.0,349.86
1785082098.6527889,100.0,10127.0,343.48
1785082099.6894372,100.0,10127.0,340.73
1785082100.7313025,100.0,10127.0,346.34
1785082101.7698653,100.0,10127.0,347.67
1785082102.809317,100.0,10127.0,348.5
1785082103.8487551,100.0,10127.0,355.29
1785082104.8854358,72.0,10127.0,295.55
1785082105.9489114,100.0,40759.0,237.91
1785082106.9854927,100.0,40759.0,287.39
1785082108.0248785,100.0,33545.0,246.0
1785082109.0599484,100.0,33545.0,271.13
1785082110.097079,81.0,2035.0,103.53
1785082111.1374252,100.0,6555.0,167.27
1785082112.177373,100.0,6721.0,350.93
1785082113.2171094,100.0,6721.0,348.81
1785082114.2563899,67.0,5503.0,277.58
1785082115.297224,100.0,12843.0,238.51
1785082116.3403714,42.0,2939.0,113.52
1785082117.3783638,100.0,9481.0,260.87
1785082118.4175642,100.0,9481.0,348.45
1785082119.4527442,100.0,10127.0,337.46
1785082120.4935303,100.0,10127.0,345.81
1785082121.5339456,100.0,10127.0,344.26
1785082122.5724614,100.0,10127.0,351.19
1785082123.6089923,100.0,10127.0,353.71
1785082124.6645734,100.0,10127.0,345.87
1785082125.7204702,100.0,10127.0,338.9
1785082126.7573144,100.0,10127.0,347.09
1785082127.7976654,100.0,10127.0,350.4
1785082128.8418646,100.0,10127.0,345.57
1785082129.8803222,76.0,547.0,260.07
1785082130.9197688,100.0,40759.0,259.63
1785082132.0628145,100.0,33545.0,255.11
1785082133.1050217,100.0,33545.0,264.98
1785082134.140329,6.0,475.0,229.67
1785082135.1762726,60.0,1683.0,104.96
1785082136.2130003,100.0,6159.0,251.45
1785082137.2533193,89.0,6159.0,327.91
1785082138.2919433,70.0,631.0,162.04
1785082139.328991,100.0,6161.0,139.22
1785082140.3695903,100.0,6161.0,348.1
1785082141.4092057,100.0,7851.0,223.32
1785082142.4524422,59.0,1593.0,151.75
1785082143.48927,100.0,9481.0,231.74
1785082144.5297272,100.0,9481.0,348.74
1785082145.5688388,100.0,10127.0,347.51
1785082146.6068077,100.0,10127.0,345.02
1785082147.6461418,100.0,10127.0,344.46
1785082148.6853042,100.0,10127.0,343.57
1785082149.7256231,100.0,10127.0,347.09
1785082150.7654846,100.0,10127.0,348.14
1785082151.806254,100.0,10127.0,348.27
1785082152.845365,100.0,10127.0,349.5
1785082153.8853428,100.0,10127.0,349.02
1785082154.925109,100.0,10127.0,344.28
1785082155.96865,72.0,10127.0,279.17
1785082157.0248988,100.0,40759.0,238.65
1785082158.060858,100.0,38701.0,304.59
1785082159.1019723,100.0,33545.0,242.36
1785082160.140022,100.0,33545.0,275.76
1785082161.1762435,59.0,2027.0,117.51
1785082162.2321384,100.0,6159.0,165.53
1785082163.26918,100.0,6159.0,350.02
1785082164.312992,100.0,7851.0,224.74
1785082165.3522696,43.0,4585.0,114.17
1785082166.3897104,100.0,7847.0,325.62
1785082167.429649,100.0,7847.0,344.73
1785082168.4694285,100.0,7847.0,349.78
1785082169.5092561,100.0,7847.0,340.86
1785082170.545362,100.0,7847.0,345.84
1785082171.581827,100.0,7847.0,346.93
1785082172.6257532,100.0,24877.0,210.53
1785082173.6696985,100.0,24877.0,296.3
1785082174.7271602,100.0,1143.0,155.47
1785082175.7656882,94.0,8031.0,120.91
1785082176.8054354,100.0,9481.0,345.09
1785082177.846693,100.0,10127.0,345.62
1785082178.8855617,100.0,10127.0,350.96
1785082179.9254751,100.0,10127.0,345.28
1785082180.9654362,100.0,10127.0,349.99
1785082182.0010078,100.0,10127.0,350.61
1785082183.038201,100.0,10127.0,344.72
1785082184.0774796,100.0,10127.0,344.53
1785082185.113716,100.0,10127.0,347.73
1785082186.1573029,100.0,10127.0,344.97
1785082187.197987,100.0,10127.0,344.6
1785082188.2382867,100.0,10127.0,350.3
1785082189.2757397,100.0,40759.0,207.86
1785082190.3122861,100.0,40759.0,296.8
1785082191.3520038,100.0,33545.0,249.24
1785082192.393422,100.0,33545.0,264.14
1785082193.4321415,100.0,515.0,169.84
1785082194.4913597,42.0,4155.0,100.29
